آب	non_verb	n. m.
آب انبار	non_verb	n. m.
آب باز	non_verb	n. m.
آب بازي	non_verb	n. f.
آب و هوا	non_verb	n. f.
آباد	non_verb	adj.
آباداني	non_verb	n. f.
آبادول	regular_simple	v. stat. comp. trans.
آبادونه	non_verb	n. f.
آبادي	non_verb	n. f.
آبادېدل	stative_compound_standard	v. stat. comp. intrans.
آبادېدنه	non_verb	n. f.
آبچکن	non_verb	adj.
آبدار	non_verb	adj.
آبدار	non_verb	adj.
آبدارول	regular_simple	v. stat. comp. trans.
آبدارېدل	stative_compound_standard	v. stat. comp. intrans.
آبشار	non_verb	n. m.
آبي	non_verb	adj.
آبیاري	non_verb	n. f.
آتش بس	non_verb	n. m.
آتش بس	non_verb	n. m.
آتش پرستي	non_verb	n. f.
آتش خانه	non_verb	n. f.
آتش فشان	non_verb	n. m. / adj.
آتش فشان غر	non_verb	n. m.
آتشفشان	non_verb	n. m.
آتشګیر	non_verb	adj.
آتیه	non_verb	n. f.
آثار	non_verb	n. m. pl.
آجر	non_verb	n. m.
آجرپز	non_verb	n. m.
آجرپزي	non_verb	n. f.
آخر	regular_simple	adj. / adv.
آخرت	non_verb	n. m.
آخري	non_verb	adj.
آخرین	non_verb	adj.
آخرینی	non_verb	adj.
آخوا	regular_simple	loc. adv.
آخود	regular_simple	adv.
آخور	non_verb	n. m.
آدم	non_verb	name / n. m.
آدینه	non_verb	n. f.
آر	non_verb	n. m.
آراستګي	non_verb	n. f.
آراسته	non_verb	adj.
آرام	non_verb	n. m. / adj.
آرامي	non_verb	n. f.
آرایش	non_verb	n. m.
آرزو	non_verb	n. f.
آرزومند	non_verb	adj.
آرشیف	non_verb	n. m.
آرمال	non_verb	n. m.
آرمل	non_verb	n. m.
آرموني	non_verb	n. f.
آرن	non_verb	n. m.
آرن	non_verb	n. m.
آزاد	non_verb	adj.
آزادول	regular_simple	v. stat. comp. trans.
آزادي	non_verb	n. f.
آزادېدل	stative_compound_standard	v. stat. comp. intrans.
آزار	non_verb	n. m.
آزار کول	dynamic_compound	v. stat. comp. trans.
آزارول	regular_simple	v. stat. comp. trans.
آزرده	non_verb	adj.
آزرده خاطر	non_verb	adj.
آس	non_verb	n. m.
آس ځغلونه	non_verb	n. f.
آسان	non_verb	adj.
آساني	non_verb	n. f.
آسبون	non_verb	n. m.
آسمان	non_verb	n. m.
آسماني	non_verb	adj.
آسمنډه	non_verb	n. f.
آسوده	non_verb	adj.
آسوده ګي	non_verb	n. f.
آسیا	non_verb	n. f.
آشپز	non_verb	n. m. anim. unisex
آغا	non_verb	title / n. m.
آغې	non_verb	n. f.
آغېزه	non_verb	n. f.
آفت	non_verb	n. m.
آفتابه لګن	non_verb	n. m.
آفرین	non_verb	conj.
آقا	non_verb	title / n. m.
آکسیجن	non_verb	n. m.
آکسیژن	non_verb	n. m.
آل	non_verb	n. m.
آلت	non_verb	n. m.
آله	non_verb	n. f.
آم	non_verb	n. m.
آماده	non_verb	adj. / n. f.
آماده کول	dynamic_compound	v. stat. comp. trans.
آماده کېدل	stative_compound_special	v. stat. comp. intrans.
آمد	non_verb	n. m.
آمدن	non_verb	n. m.
آمر	non_verb	n. m.
آمرانه	regular_simple	adv.
آمین	non_verb	
آن	regular_simple	adv.
آن	non_verb	n. m.
آنټن	non_verb	n. m.
آنه بهانه	non_verb	n. f.
آهسته	regular_simple	adj. / adv.
آهنګ	non_verb	n. m.
آهنګ دار	non_verb	adj.
آهني	non_verb	adj.
آواره	non_verb	n. m. anim. unisex / adj.
آواره ګرد	non_verb	n. m.
آواز	non_verb	n. m.
آواز کول	dynamic_compound	v. dyn. comp. trans.
آوازدار	non_verb	adj. / n. m.
آورېدل	stative_compound_standard	v. trans.
آیا	non_verb	conj.
آیسکریم	non_verb	
آینده	non_verb	n. f. / adj.
آینه	non_verb	n. f.
آینه	non_verb	n. f.
آیین	non_verb	n. m.
ابا	non_verb	n. m.
ابا و اجداد	non_verb	n. m. pl.
اباخېل	non_verb	n. m. pl.
اباد	non_verb	
ابادونه	non_verb	n. f.
ابادي	non_verb	n. f.
ابایي	non_verb	adj.
ابتدا	non_verb	n. f.
ابتداً	regular_simple	adv.
ابتدایي	non_verb	adj.
ابتکار	non_verb	n. m.
ابتکاري	non_verb	adj.
ابجد	non_verb	n. m.
ابد	non_verb	n. m.
ابدي	non_verb	adj.
ابر	non_verb	n. m.
ابراهیم	non_verb	name
ابرو	non_verb	n. m.
ابرو	non_verb	n. m.
ابرومند	non_verb	adj.
ابرومندانه	regular_simple	adv.
ابشار	non_verb	n. m.
ابلاغ	non_verb	n. m.
ابلاغول	regular_simple	v. stat. comp. trans.
ابلاغېدل	stative_compound_standard	v. stat. comp. intrans.
ابلق	non_verb	adj.
ابلک	non_verb	adj.
ابلون	non_verb	adj.
ابلیس	non_verb	n. m. / name
ابن	non_verb	pref.
ابهام	non_verb	n. m.
ابهامي	non_verb	n. f.
ابو	non_verb	
ابوس	non_verb	n. m.
ابۍ	non_verb	n. f.
اپرېشن	non_verb	n. m.
اپریل	non_verb	n. m.
اپوټه	non_verb	adj.
اپیل	non_verb	n. m. anim. unisex
اپیل کول	dynamic_compound	v. dry. comp. trans.
اپین	non_verb	n. m.
اتاق	non_verb	n. m.
اتباع	non_verb	n. f.
اتحاد	non_verb	n. m.
اتحادیه	non_verb	n. f.
اترایي	non_verb	n. f.
اترائي	non_verb	n. f.
اتریش	non_verb	n. m.
اتریشي	non_verb	adj.
اتش بازي	non_verb	n. f.
اتصال	non_verb	n. m.
اتفاق	non_verb	n. m.
اتفاق کول	dynamic_compound	v. dyn. comp. trans.
اتفاقاً	regular_simple	adv.
اتفاقي	non_verb	adj. / n. f.
اتکا	non_verb	n. f.
اتکړۍ	non_verb	n. f. pl.
اتکو	non_verb	n. f. anim.
اتکۍ	non_verb	n. f. anim.
اتل	non_verb	n. m. anim. unisex
اتلانتیک	non_verb	
اتلس	non_verb	num.
اتلس	non_verb	num.
اتلسم	non_verb	adj.
اتلوالي	non_verb	n. f.
اتلولي	non_verb	n. f.
اتم	non_verb	adj.
اتڼ	non_verb	n. m.
اته	non_verb	num.
اته ویشت	non_verb	num.
اته ویشت	non_verb	num.
اتهام	non_verb	n. m.
اتوار	non_verb	n. m.
اتور	non_verb	n. m.
اتومات	regular_simple	adj. / adv.
اتومي	non_verb	adj.
اتوڼی	non_verb	adj.
اتیا	non_verb	num.
اتیایم	non_verb	adj.
اتیږه	non_verb	n. f. anim.
اټسکی	non_verb	n. m.
اټک	non_verb	n. m.
اټکل	non_verb	n. m.
اټکلول	regular_simple	v. stat. comp. trans.
اټکور	non_verb	n. m.
اټۍ	non_verb	n. f.
اثبات	non_verb	n. m.
اثباتول	regular_simple	v. stat. comp. trans.
اثباتېدل	stative_compound_standard	v. stat. comp. intrans.
اثر	non_verb	n. m.
اثر پرېباسل	non_verb	
اثر کول	dynamic_compound	v. dyn. comp. trans.
اثر کوونکی	non_verb	adj.
اثر و رسوخ	non_verb	n. m.
اثرناک	non_verb	adj.
اثري	non_verb	adj.
اثنا	non_verb	n. f.
اجاره	non_verb	n. f.
اجاره دار	non_verb	n. m.
اجاره داري	non_verb	n. f.
اجاره داري	non_verb	n. f.
اجازت	non_verb	n. f.
اجازت ورکول	regular_simple	v. dyn. comp. trans.
اجازه	non_verb	n. f.
اجازه ورکول	regular_simple	v. dyn. comp. trans.
اجب	non_verb	adj.
اجبار	non_verb	n. m.
اجباري	non_verb	adj.
اجتماع	non_verb	n. f.
اجتماعي	non_verb	adj.
اجتمایي	non_verb	adj.
اجر	non_verb	n. m.
اجرا	non_verb	n. f.
اجرا کول	dynamic_compound	v. stat. comp. trans.
اجرایي	non_verb	adj.
اجراییه	non_verb	n. f.
اجړ	non_verb	n. m.
اجړا	non_verb	n. f.
اجل	non_verb	n. m.
اجلاس	non_verb	n. m.
اجماع	non_verb	n. f.
اجمال	non_verb	n. m.
اجمالي	non_verb	adj.
اجنبي	non_verb	adj.
اجنبیت	non_verb	n. m.
اجنډه	non_verb	n. f.
اجوت	non_verb	adj.
اجوره	non_verb	n. f.
اجوره کار	non_verb	n. m. anim. unisex
اجوره کاري	non_verb	n. f.
اجوف	non_verb	
اجیر	non_verb	n. m. anim. unisex / adj.
اځل	non_verb	adj. / n. m.
اچار	non_verb	n. m. pl.
اچانک	regular_simple	adv.
اچکۍ	non_verb	n. f.
اچول	regular_simple	v. trans.
اچولي	non_verb	n. f.
اڅڼل	regular_simple	v. trans.
اڅه	non_verb	n. f.
احاطه	non_verb	adj. / n. f.
احاطه	non_verb	n. f.
احاطه کول	dynamic_compound	v. stat. comp. trans.
احاطه کېدل	stative_compound_special	v. stat. comp. intrans.
احتجاج	non_verb	n. m.
احتجاج کول	dynamic_compound	v. dyn. comp. trans.
احتجاج کوونکی	non_verb	n. m. anim. unisex
احتجاجي	non_verb	adj.
احترام	non_verb	n. m.
احترام کول	dynamic_compound	v. dyn. comp. trans.
احتساب	non_verb	n. m.
احتکار	non_verb	n. m.
احتکاک	non_verb	n. m.
احتلام	non_verb	n. m.
احتمال	non_verb	n. m.
احتمالي	non_verb	adj.
احتیاج	non_verb	n. m.
احتیاجي	non_verb	n. f.
احتیاط	non_verb	n. m.
احتیاط کار	non_verb	adj.
احتیاط کوونکی	non_verb	adj.
احتیاطي	non_verb	adj.
احرام مصر	non_verb	
احساس	non_verb	n. m.
احساس کول	dynamic_compound	v. dyn. comp. trans.
احساسات	non_verb	n. m. pl.
احساساتي	non_verb	adj.
احساسول	regular_simple	v. stat. comp. trans.
احساسېدل	stative_compound_standard	v. stat. comp. intrans.
احسان	non_verb	n. m.
احسان فراموشي	non_verb	n. f.
احسان من	non_verb	adj.
احسان مند	non_verb	adj.
احسانمند	non_verb	adj.
احصائیه	non_verb	n. f.
احصائیه نویس	non_verb	n. m.
احضار	non_verb	n. m.
احضارول	regular_simple	v. stat. comp. trans.
احضارېدل	stative_compound_standard	v. stat. comp. intrans.
احمق	non_verb	n. m. anim. unisex / adj.
احمقانه	regular_simple	adv. / adj.
احیا	non_verb	n. f.
احیاناً	regular_simple	adv.
اخ	non_verb	interj.
اخ او ډوب	non_verb	n. m.
اخ ټوخ	non_verb	n. m.
اخ و ټوخ	non_verb	n. m.
اخ و ډب	non_verb	n. m.
اخبار	non_verb	n. m.
اختتام	non_verb	n. m.
اختر	non_verb	n. m.
اختراع	non_verb	n. f.
اختراع کول	non_verb	
اختریز	non_verb	adj.
اخترېز	non_verb	adj.
اختصار	non_verb	n. m.
اختصاص	non_verb	n. m.
اختطاف	non_verb	n. m.
اختطاف کول	dynamic_compound	v. stat. comp. trans.
اختطاف کېدل	stative_compound_special	v. stat. comp. intrans.
اختلاس	non_verb	n. m.
اختلاط	non_verb	n. m.
اختلاط کول	dynamic_compound	v. dyn. comp. trans.
اختلاف	non_verb	n. m.
اختلافي	non_verb	adj.
اختلال	non_verb	n. m.
اخته	non_verb	adj.
اختیار	non_verb	n. m.
اختیارول	regular_simple	v. stat. comp. trans.
اخذ	non_verb	n. m.
اخذ کول	dynamic_compound	v. dyn. comp. trans.
اخر	regular_simple	adv. / n. m.
اخراج	non_verb	n. m.
اخږل	regular_simple	v. trans.
اخستل	regular_simple	v. trans.
اخښل	regular_simple	v. trans.
اخښی	non_verb	n. m
اخښی	non_verb	n. m.
اخطار	non_verb	n. m.
اخطار	non_verb	n. m.
اخطار ورکول	regular_simple	v. dyn. comp. trans.
اخطار ورکول	regular_simple	v. dyn. comp. trans.
اخګر	non_verb	n. m.
اخلاص	non_verb	n. m.
اخلاصمن	non_verb	adj.
اخلاق	non_verb	n. m.
اخلاقاً	regular_simple	adv.
اخلاقي	non_verb	adj.
اخلال	non_verb	n. m.
اخلالول	regular_simple	v. stat. comp. trans.
اخلالېدل	stative_compound_standard	v. stat. comp. intrans.
اخلی پخلی	non_verb	n. m.
اخوا	regular_simple	loc. adv.
اخوا دېخوا	regular_simple	adv.
اخور	non_verb	n. m.
اخیر	regular_simple	adv. / n. m.
اخیري	non_verb	adj.
اخیري سر	non_verb	n. m.
اخیستل	regular_simple	v. trans.
ادا	non_verb	n. f.
ادا کول	dynamic_compound	v. stat. comp. trans.
ادا کېدل	stative_compound_special	v. stat. comp. intrans.
اداب	non_verb	n. m.
ادات	non_verb	n. m.
اداره	non_verb	n. f.
اداري	non_verb	adj.
اداکار	non_verb	n. m. anim. unisex
اداکاري	non_verb	n. f.
اداکاري کول	dynamic_compound	v. dyn. comp. trans.
ادامه	non_verb	n. f.
ادامه ورکول	regular_simple	v. dyn. comp. trans.
ادب	non_verb	n. m.
ادب کول	dynamic_compound	v. dyn. comp. trans.
ادب کوونکی	non_verb	adj.
ادبار	non_verb	n. m.
ادبي	non_verb	adj.
ادرار	non_verb	n. m.
ادرار کول	dynamic_compound	v. dyn. comp. trans.
ادراک	non_verb	n. m.
ادراک کول	dynamic_compound	v. stat. comp. trans.
ادرس	non_verb	n. m.
ادرک	non_verb	n. m. pl.
ادعا	non_verb	n. f.
ادغام	non_verb	n. m.
ادغامول	regular_simple	v. stat. comp. trans.
ادغامېدل	stative_compound_standard	v. stat. comp. intrans.
ادل بدل	non_verb	adj. doub.
ادم خور	non_verb	n. m. anim. unisex
ادم کش	non_verb	n. m.
ادنا	non_verb	adj.
ادوم	non_verb	n. m.
ادې	non_verb	interj. / n. f.
ادیب	non_verb	n. m.
ادیره	non_verb	n. f.
اډاپټر	non_verb	n. m.
اډانه	non_verb	n. f.
اډر	non_verb	n. m.
اډر کول	dynamic_compound	v. dyn. comp. trans.
اډر ورکول	regular_simple	v. dyn. comp. trans.
اډرقی	non_verb	n. m.
اډک	non_verb	n. m.
اډه	non_verb	n. f.
اذان	non_verb	n. m.
اذوقه	non_verb	n. f.
ارادتاً	regular_simple	adv.
اراده	non_verb	n. f.
اراده کول	dynamic_compound	v. dyn. comp. trans.
ارادي	non_verb	n. f.
اراضي	non_verb	n. f.
ارام	non_verb	n. m. / adj.
ارام سره	regular_simple	adv.
ارام کول	dynamic_compound	v. dyn. comp. trans.
ارامښت	non_verb	n. m.
ارایه	non_verb	n. f.
اربکی	non_verb	n. m. anim. unisex
اربه	non_verb	n. f.
اربه	non_verb	n. f.
ارت	non_verb	adj.
ارتاو	non_verb	n. m.
ارتاو کول	dynamic_compound	v. stat. comp. trans.
ارتاوول	regular_simple	v. stat. comp. trans.
ارتاوېدل	stative_compound_standard	v. stat. comp. intrans.
ارتباط	non_verb	n. m.
ارتباطي	non_verb	adj.
ارتجاع	non_verb	n. f.
ارتداد	non_verb	n. m.
ارتفاع	non_verb	n. f.
ارتقا	non_verb	n. f.
ارتکاز	non_verb	n. m.
ارتوالی	non_verb	n. m.
ارتول	regular_simple	v. stat. comp. trans.
ارتینه	non_verb	n. f.
ارث	non_verb	n. m.
ارثي	non_verb	adj.
ارچه	non_verb	n. f.
ارچه کاري	non_verb	n. f.
اردلی	non_verb	n. m.
اردو	non_verb	n. m.
اردو یي	non_verb	adj.
ارز	non_verb	n. m.
ارزان	non_verb	adj.
ارزښت	non_verb	n. m.
ارزښتمن	non_verb	adj.
ارزښتناک	non_verb	adj.
ارزول	regular_simple	v. trans.
ارزونه	non_verb	n. f.
ارزېدل	stative_compound_standard	v. intrans.
ارږمی	non_verb	n. m.
ارږمی کښل	regular_simple	v. dyn. comp. trans.
ارشاد	non_verb	n. m.
ارشیف	non_verb	n. m.
ارض	non_verb	n. m.
ارغړول	non_verb	
ارغړېدل	non_verb	
ارغنون	non_verb	n. m.
ارغنون	non_verb	n. m.
ارغواني	non_verb	n. f.
ارغون	non_verb	n. m.
ارکاره	non_verb	n. f.
ارګ	non_verb	n. m.
ارمان	non_verb	n. m.
ارمان کول	dynamic_compound	v. dyn. comp. trans.
ارماني	non_verb	n. f.
ارمټه	non_verb	n. f. anim.
ارمغان	non_verb	n. m.
ارمونیه	non_verb	n. f.
اره	non_verb	n. f.
اره تره	non_verb	n. f.
اره چلول	regular_simple	v. dyn. comp. trans.
اره کش	non_verb	n. m.
اره کشي	non_verb	n. f.
اره کول	dynamic_compound	v. stat. comp. trans.
ارهټ	non_verb	n. m.
ارو مرو	regular_simple	adv.
اروا پوه	non_verb	n. m.
اروا پوهنه	non_verb	n. f.
اروا درملنه	non_verb	n. f.
اروا ښاد	non_verb	
اروایي	non_verb	adj.
اروپا	non_verb	n. f.
اروپایي	non_verb	adj.
اروته	non_verb	n. f.
اروېدل	stative_compound_standard	v. trans.
اریان	non_verb	adj.
اریاني	non_verb	n. f.
اریایي	non_verb	adj.
اریب	non_verb	adj.
اریځ	non_verb	n. f.
اریځه	non_verb	n. f.
اریځي	non_verb	adj.
اریک شریک	non_verb	n. m.
اړ	non_verb	adj.
اړ ایستل	non_verb	
اړ کول	dynamic_compound	v. stat. comp. trans.
اړ کېدل	stative_compound_special	v. stat. comp. intrans.
اړایي	non_verb	n. f.
اړتیا	non_verb	n. f.
اړخ	non_verb	n. m.
اړکېده	non_verb	n. m.
اړمن	non_verb	adj.
اړمن	non_verb	n. m.
اړنګ	non_verb	n. m.
اړنګ بړنګ	non_verb	adj. / n. m.
اړنګ نیونه	non_verb	n. f.
اړنګمن	non_verb	adj.
اړنګۍ	non_verb	n. f.
اړه	non_verb	n. f.
اړه تړه	non_verb	n. f.
اړو دوړ	non_verb	n. m.
اړوت	non_verb	n. m. anim. unisex / adj.
اړول	regular_simple	v. stat. comp. trans.
اړول	regular_simple	v. trans.
اړولی	non_verb	adj.
اړولي	non_verb	adj.
اړونج	non_verb	n. m.
اړوند	non_verb	adj.
اړې ګړې	non_verb	n. f. pl.
اړېدل	stative_compound_standard	v. stat. comp. intrans.
اړیکه	non_verb	n. f.
اړیکی	non_verb	n. m.
اړین	non_verb	adj.
اړینتیا	non_verb	n. f.
اړینه	non_verb	adj.
از	non_verb	pref.
ازاد	non_verb	adj.
ازادانه	regular_simple	adv.
ازادي	non_verb	n. f.
ازار	non_verb	n. m.
ازارول	regular_simple	v. stat. comp. trans.
ازارېدل	stative_compound_standard	v. stat. comp. intrans.
ازانګه	non_verb	n. f.
ازانګه کول	dynamic_compound	v. dyn. comp. trans.
ازبک	non_verb	n. m. anim. unisex / adj.
ازبکستان	non_verb	n. m.
ازدواج	non_verb	n. m.
ازغکی	non_verb	n. m.
ازغن	non_verb	adj.
ازغن تار	non_verb	n. m.
ازغی	non_verb	n. m.
ازل	non_verb	n. m.
ازل لیک	non_verb	n. m.
ازلي	non_verb	adj.
ازمایښت	non_verb	n. m.
ازمایل	regular_simple	v. trans.
ازماینه	non_verb	n. f.
ازمری	non_verb	n. m. anim. unisex
ازمویل	regular_simple	v. trans.
ازموینه	non_verb	n. f.
ازمیښت	non_verb	n. m.
ازمېښت	non_verb	n. m.
ازمیښت کول	dynamic_compound	v. stat. comp. trans.
ازمیښت کېدل	stative_compound_special	v. stat. comp. intrans.
ازوتي	non_verb	n. f.
اژانس	non_verb	n. m.
اږیل	regular_simple	v. trans.
اس	non_verb	n. m.
اسار	non_verb	n. m. anim. unisex
اسارت	non_verb	n. m.
اساس	non_verb	n. m.
اساساً	regular_simple	adv.
اساسي	non_verb	adj.
اساسي قانون	non_verb	n. m.
اساطیر	non_verb	n. m.
اساطیري	non_verb	adj.
اسان	non_verb	adj.
اسانتوب	non_verb	n. m.
اسانتیا	non_verb	n. f.
اسانول	regular_simple	v. stat. comp. trans.
اساني	non_verb	n. f.
اسانېدل	stative_compound_standard	v. stat. comp. intrans.
اسباب	non_verb	n. m. pl.
اسپنج	non_verb	n. m.
اسپند	non_verb	n. m.
اسپه	non_verb	adj.
اسپه	non_verb	n. f.
استا	non_verb	n. m. anim. unisex
استاتوب	non_verb	n. m.
استاد	non_verb	n. m. anim. unisex
استاذ	non_verb	n. m. anim. unisex
استازندوی	non_verb	n. m.
استازوالي	non_verb	n. f.
استازی	non_verb	n. m. unisex
استازي	non_verb	n. f.
استازیتوب	non_verb	n. m.
استبداد	non_verb	n. m.
استبدادي	non_verb	n. f.
استثمار	non_verb	n. m.
استثمارول	regular_simple	v. stat. comp. trans.
استثمارېدل	stative_compound_standard	v. stat. comp. intrans.
استثنایي	non_verb	adj.
استثنیٰ	non_verb	n. f.
استحصال	non_verb	n. m.
استحکام	non_verb	n. m.
استخاره	non_verb	n. f.
استخبارات	non_verb	n. m.
استخباراتي	non_verb	adj.
استخدام	non_verb	n. m.
استخراج	non_verb	n. m.
استخوان	non_verb	n. m.
استخوان بندي	non_verb	n. f.
استدراج	non_verb	n. m.
استدلال	non_verb	n. m.
استر	non_verb	n. m.
استراحت	non_verb	n. m.
استرالیا	non_verb	n. f.
استرالیایي	non_verb	adj.
استری	non_verb	adj.
استري	non_verb	n. f.
استري کول	dynamic_compound	v. dyn./stat. comp. trans.
استشهادی عملیات	non_verb	n. m.
استطلاع	non_verb	n. f.
استعداد	non_verb	n. m.
استعفا	non_verb	n. f.
استعفا کول	dynamic_compound	v. dyn. comp. trans.
استعفا ورکول	regular_simple	v. dyn. comp. trans.
استعمار	non_verb	n. m.
استعمار ګر	non_verb	n. m. anim. unisex / adj.
استعمارګر	non_verb	n. m. anim. unisex / adj.
استعماري	non_verb	adj.
استعمال	non_verb	n. m.
استعمال شوی	non_verb	adj.
استعمالول	regular_simple	v. stat. comp. trans.
استعمالېدل	stative_compound_standard	v. stat. comp. intrans.
استغفار	non_verb	n. m.
استغفار کول	dynamic_compound	v. dyn. comp. trans.
استغنا	non_verb	n. f.
استفاده	non_verb	n. f.
استفاده کول	dynamic_compound	v. dyn. comp. trans.
استفراغ	non_verb	n. m.
استفراغات	non_verb	n. m.
استفراق	non_verb	n. m.
استفهام	non_verb	n. m.
استفهامي	non_verb	adj.
استقبال	non_verb	n. f.
استقبال کول	dynamic_compound	v. dyn. comp. trans.
استقبالیه	non_verb	n. f.
استقرار	non_verb	n. m.
استقلال	non_verb	n. m.
استمرار	non_verb	n. m.
استمراري	non_verb	n. m.
استناد	non_verb	n. m.
استنادي	non_verb	adj.
استناف	non_verb	n. m.
استنباط	non_verb	n. m.
استنجا	non_verb	n. f.
استنجاء	non_verb	
استوګن	non_verb	n. m. unisex / adj.
استوګنځی	non_verb	n. m.
استوګنه	non_verb	n. f.
استوګه	non_verb	n. f.
استول	regular_simple	v. trans.
استیظاح	non_verb	n. m.
استیناف	non_verb	n. m.
اسحاق	non_verb	name
اسرار	non_verb	n. m.
اسرار	non_verb	n. m.
اسرار کول	dynamic_compound	v. dyn. comp. trans.
اسراف	non_verb	n. m.
اسراف کول	dynamic_compound	v. stat. comp. trans.
اسف	non_verb	n. m.
اسفناک	non_verb	adj.
اسفنج	non_verb	n. m.
اسقاط	non_verb	n. m.
اسکلېت	non_verb	n. m.
اسکلیټ	non_verb	n. m.
اسکېرلی	non_verb	adj.
اسکېرنه	non_verb	n. f.
اسلام	non_verb	n. m.
اسلام اباد	non_verb	n. m.
اسلام ډاروونکی	non_verb	adj. / n. m. anim. unisex
اسلامپال	non_verb	adj. / n. m. anim. unisex
اسلامي	non_verb	adj.
اسم	non_verb	n. m.
اسم اشاره	non_verb	n. f.
اسمان	non_verb	n. m.
اسمان څکالکی	non_verb	n. m. anim.
اسمان لار	non_verb	n. f.
اسمبلي	non_verb	n. f.
اسهال	non_verb	n. m.
اسهامي	non_verb	adj.
اسوېلی	non_verb	n. m.
اسوېلي	non_verb	n. m. pl.
اسوېلي اوښکل	non_verb	
اسوېلی کول	dynamic_compound	v. dyn. comp. trans.
اسوېلي کول	dynamic_compound	v. dyn. comp. trans.
اسیا	non_verb	n. f.
اسیایي	non_verb	adj.
اسید	non_verb	n. m.
اسیر	non_verb	n. m.
اسیر کېدل	stative_compound_special	v. stat. comp. intrans.
اشا	non_verb	n. f.
اشاره	non_verb	n. f.
اشاره کول	dynamic_compound	v. dyn. comp. trans.
اشاره یي ژبه	non_verb	n. f.
اشاري	non_verb	adj.
اشاریه	non_verb	n. f.
اشباع	non_verb	n. f.
اشباع کول	dynamic_compound	v. stat. comp. trans.
اشپزي	non_verb	n. f.
اشتباه	non_verb	n. f.
اشتراک	non_verb	n. m.
اشتراکات	non_verb	n. m. pl.
اشتغ	non_verb	n. m.
اشتغال	non_verb	n. m.
اشتقاق	non_verb	n. m.
اشتها	non_verb	n. f.
اشتهار	non_verb	n. m.
اشتهار ورکول	regular_simple	v. dyn. comp. trans.
اشتهاري	non_verb	n. m. anim. unisex / adj.
اشتیا	non_verb	n. f.
اشتیاق	non_verb	n. m.
اشر	non_verb	n. m.
اشراف	non_verb	n. m. pl.
اشرافیه	non_verb	n. f.
اشرف المخلوقات	non_verb	n. m.
اشغال	non_verb	n. m.
اشغال کول	dynamic_compound	v. stat. comp. trans.
اشکال	non_verb	n. m.
اشنا	non_verb	adj. / n. m.
اشنا کول	dynamic_compound	v. stat. comp. trans.
اشنا کېدل	stative_compound_special	v. stat. comp. intrans.
اشنایي	non_verb	adj.
اشواګر	non_verb	n. m.
اصابت	non_verb	n. m.
اصحاب	non_verb	n. m. pl.
اصرار	non_verb	n. m.
اصرار کول	dynamic_compound	v. dyn. comp. trans.
اصطکاک	non_verb	n. m.
اصطلاح	non_verb	n. m.
اصطلاحي	non_verb	n. f.
اصفهان	non_verb	n. m.
اصل	non_verb	n. m. / adj.
اصل کې	regular_simple	adv.
اصلاً	regular_simple	adv.
اصلاح	non_verb	n. m.
اصلاح کول	dynamic_compound	v. stat. comp. trans.
اصلاح کېدل	stative_compound_special	v. stat. comp. intrans.
اصلاحي	non_verb	adj.
اصلحه	non_verb	n. f.
اصلي	non_verb	adj.
اصول	non_verb	n. m. pl.
اصولي	non_verb	adj.
اصیل	non_verb	adj.
اضافه	non_verb	n. f.
اضافه کول	dynamic_compound	v. stat. comp. trans.
اضافي	non_verb	adj.
اضحلال	non_verb	n. m.
اضحیٰ	non_verb	n. f.
اضطراب	non_verb	n. m.
اضطراب	non_verb	n. m.
اضطرابي	non_verb	adj.
اضطرار	non_verb	n. m.
اطاعت	non_verb	n. m.
اطام	non_verb	n. m.
اطراف	non_verb	n. m. pl.
اطفایه	non_verb	n. f.
اطلاع	non_verb	n. f.
اطلاع ورکول	regular_simple	v. dyn. comp. trans.
اطلاعیه	non_verb	n. f.
اطلاق	non_verb	n. m.
اطلاقول	regular_simple	v. stat. comp. trans.
اطمنان	non_verb	n. m.
اطمنان کول	dynamic_compound	v. dyn. comp. trans.
اطمینان	non_verb	n. m.
اطمینان کول	dynamic_compound	v. dyn. comp. trans.
اظهار	non_verb	n. m.
اظهارول	regular_simple	v. stat. comp. trans.
اظهارېدل	stative_compound_standard	v. stat. comp. intrans.
اعاده	non_verb	n. f.
اعتبار	non_verb	n. m.
اعتبار کول	dynamic_compound	v. dyn. comp. trans.
اعتباري	non_verb	adj.
اعتدال	non_verb	n. m.
اعتراض	non_verb	n. m.
اعتراف	non_verb	n. m.
اعتراف کول	dynamic_compound	v. stat. comp. trans.
اعتصاب	non_verb	n. m.
اعتصاب شکن	non_verb	n. m.
اعتقاد	non_verb	n. m.
اعتقادي	non_verb	adj.
اعتکاف	non_verb	n. m.
اعتماد	non_verb	n. m.
اعتیاد	non_verb	n. m.
اعداد	non_verb	n. m. pl.
اعدام	non_verb	n. m.
اعدامول	regular_simple	v. stat. comp. trans.
اعدامېدل	stative_compound_standard	v. stat. comp. intrans.
اعزاز	non_verb	n. m.
اعشاریه	non_verb	n. f.
اعظم	non_verb	adj.
اعلام	non_verb	n. m.
اعلامول	regular_simple	v. stat. comp. trans.
اعلامېدل	stative_compound_standard	v. stat. comp. intrans.
اعلامیه	non_verb	n. f.
اعلان	non_verb	n. m.
اعلان کول	dynamic_compound	v. dyn. comp. trans.
اعلانول	regular_simple	v. stat. comp. trans.
اعلانېدل	stative_compound_standard	v. stat. comp. intrans.
اعلانیه نقطه	non_verb	n. f.
اعلیٰ	non_verb	adj.
اعمار	non_verb	n. m.
اغز	non_verb	n. m.
اغزی	non_verb	n. m.
اغږل	regular_simple	v. trans
اغږلي اوړه	non_verb	
اغستل	regular_simple	v. trans.
اغلب	regular_simple	adv. / adj.
اغلی	non_verb	adj.
اغوا	non_verb	n. f.
اغوا	non_verb	n. f.
اغوا کول	dynamic_compound	v. stat. comp. trans.
اغوا کول	dynamic_compound	v. stat. comp. trans.
اغوستل	split_stem	v. trans.
اغیار	non_verb	n. m.
اغېړ	non_verb	n. m.
اغېړېدل	stative_compound_standard	v. stat. comp. intrans.
اغېز	non_verb	n. m.
اغیزمن	non_verb	adj.
اغېزه	non_verb	n. f.
افاده	non_verb	n. f.
افاده کول	dynamic_compound	v. stat. comp. trans.
افت	non_verb	n. m.
افتاري	non_verb	n. f.
افتتاح	non_verb	n. f.
افتتاحي	non_verb	adj.
افتخار	non_verb	n. m.
افتخاري	non_verb	adj.
افتدا‌ء	non_verb	n. f.
افراط	non_verb	n. m.
افراطي	non_verb	adj.
افراطیت	non_verb	n. m.
افریقا	non_verb	n. f.
افریقانی	non_verb	n. m. anim. unisex
افریقه	non_verb	n. f.
افریقي	non_verb	adj.
افزار	non_verb	n. m.
افزارداني	non_verb	n. f.
افسانه	non_verb	n. f.
افسانوي	non_verb	adj.
افسر	non_verb	n. m. anim. unisex
افسرده	non_verb	adj.
افسرده دل	non_verb	adj.
افسوس	non_verb	n. m.
افسوسناک	non_verb	adj.
افشا	non_verb	n. f.
افضل	non_verb	n. m.
افطار	non_verb	n. m.
افغان	non_verb	n. m. anim. unisex / adj.
افغانستان	non_verb	n. m.
افغانی	non_verb	n. m. anim. unisex
افغاني	non_verb	adj.
افغانۍ	non_verb	n. f.
افق	non_verb	n. m.
افقي	non_verb	adj.
افلاس	non_verb	n. m.
افهام	non_verb	n. m.
افوا	non_verb	n. f.
افواه	non_verb	n. f.
افواه خپرول	regular_simple	v. dyn. comp. trans.
افوه	non_verb	interj.
اقامت	non_verb	n. m.
اقامت ګاه	non_verb	n. f.
اقامتګا	non_verb	n. f.
اقامه	non_verb	n. f.
اقتباس	non_verb	n. m.
اقتدا	non_verb	n. f.
اقتدار	non_verb	n. m.
اقتصاد	non_verb	n. m.
اقتصادي	non_verb	adj.
اقتصادي پوه	non_verb	n. m.
اقدام	non_verb	n. m.
اقرار	non_verb	n. m.
اقرار کول	dynamic_compound	v. dyn. comp. trans.
اقرارنامه	non_verb	n. f.
اقرارول	regular_simple	v. stat. comp. trans.
اقلاً	regular_simple	adv.
اقلیت	non_verb	n. m.
اقلیم	non_verb	n. m.
اکا	non_verb	n. m.
اکاني	non_verb	n. f.
اکایي	non_verb	n. f.
اکتساب	non_verb	n. m.
اکتفا	non_verb	n. f.
اکتفا کول	dynamic_compound	v. dyn. comp. trans.
اکتوبر	non_verb	n. m.
اکثر	regular_simple	n. m. / adj. / adv.
اکثره	regular_simple	adj. / adv.
اکثریت	non_verb	n. m.
اکثریت سره	regular_simple	adv.
اکر	non_verb	n. m.
اکر بکر	non_verb	n. m.
اکر وکر	non_verb	n. m.
اکرب توب	non_verb	n. m.
اکسرې	non_verb	n. f.
اکسیډنټ	non_verb	n. m.
اکمال	non_verb	n. m.
اکوړ	non_verb	n. m.
اکېډمي	non_verb	n. f.
اګاه	non_verb	adj.
اګاه کول	dynamic_compound	v. stat. comp. trans.
اګاه کېدل	stative_compound_special	v. stat. comp. intrans.
اګاهانه	regular_simple	adv.
اګاهي	non_verb	n. f.
اګر	non_verb	
اګر چې	non_verb	conj.
اګست	non_verb	n. m.
اګل	non_verb	n. m.
الاچي	non_verb	n. f.
الاسټیک	non_verb	n. m. / adj.
البته	regular_simple	adv.
البند	non_verb	n. m.
الت	non_verb	n. m.
التباس	non_verb	n. m.
التباس کول	dynamic_compound	v. stat. comp. trans.
التجا	non_verb	n. f.
التزام	non_verb	n. m.
التفات	non_verb	n. m.
التماس	non_verb	n. m.
التماس کول	dynamic_compound	v. dyn. comp. trans.
التهاب	non_verb	n. m.
التهابي	non_verb	adj.
الټراساونډ	non_verb	n. m.
الټه	non_verb	adj.
الټي	non_verb	n. f.
الحاد	non_verb	n. m.
الحاق	non_verb	n. m.
الحاقیه	non_verb	n. f.
الحمدالله	non_verb	interj.
الرجي	non_verb	n. f.
الرجیک	non_verb	adj.
الزام	non_verb	n. m.
الزام لګول	regular_simple	v. dyn. comp. trans.
السټیک	non_verb	n. m. / adj.
السر	non_verb	n. m.
السیشن	non_verb	n. m. anim.
العزت	non_verb	suff.
الغا	non_verb	n. f.
الغه	non_verb	n. f.
الغه کول	dynamic_compound	v. stat. comp. trans.
الف بې	non_verb	n. f.
الف و بې	non_verb	n. f.
الفبا	non_verb	n. f.
الفبایي	non_verb	adj.
الفت	non_verb	n. m.
القاح	non_verb	n. m.
الکول	non_verb	n. m.
الله	non_verb	n. m.
الله اکبر	non_verb	
الله پاک	non_verb	
المارۍ	non_verb	n. f.
الماس	non_verb	n. m.
المیه	non_verb	n. f.
اله	non_verb	n. f.
اله	non_verb	n. m.
اله بله	non_verb	n. f.
اله څیک	non_verb	n. m.
اله ستي	non_verb	n. f. pl.
اله ګله	non_verb	n. f.
اله ګوله	non_verb	n. f.
الهام	non_verb	n. m.
الهامي	non_verb	adj.
الهي	non_verb	adj.
الهیات	non_verb	n. m.
الو	non_verb	n. m.
الو	non_verb	n. m.
الواک	non_verb	n. m.
الواکي	non_verb	adj.
الوت	non_verb	n. m.
الوتکه	non_verb	n. f.
الوتل	suppletive	v. intrans.
الوتنه	non_verb	n. f.
الوتونکی	non_verb	adj. / n. m. anim. unisex.
الوځول	regular_simple	v. trans.
الوچه	non_verb	n. f.
الوداعي	non_verb	adj.
الوزول	regular_simple	v. trans.
الیاس	non_verb	name
الیافي	non_verb	adj.
الېکترونیکي	non_verb	adj.
الیکټرېشن	non_verb	n. m. anim. unisex
اما	non_verb	conj.
امادګي	non_verb	n. f.
امار	non_verb	n. m.
امارت	non_verb	n. m.
امارت	non_verb	
امام	non_verb	n. m. anim. unisex
امامت	non_verb	n. m.
امان	non_verb	n. m.
امانت	non_verb	n. m.
امانت دار	non_verb	adj.
امانتدار	non_verb	adj.
امانتداري	non_verb	n. f.
امبار	non_verb	n. m.
امبارول	regular_simple	v. stat. comp. trans.
امبارېدل	stative_compound_standard	v. stat. comp. intrans.
امبولانس	non_verb	n. m.
امبیسي	non_verb	n. f.
امپایر	non_verb	n. m. anim. unisex
امپراتور	non_verb	n. m.
امپراتوري	non_verb	n. f.
امت	non_verb	n. m.
امتحان	non_verb	n. m.
امتحان اخیستل	regular_simple	v. dyn. comp. trans.
امتحان ورکول	regular_simple	v. dyn. comp. trans.
امتداد	non_verb	n. m.
امتزاج	non_verb	n. m.
امتناع	non_verb	n. f.
امتناع کول	dynamic_compound	v. dyn. comp. trans.
امتناعي	non_verb	adj.
امتنان	non_verb	n. m.
امتي	non_verb	n. m. anim. unisex
امتیاز	non_verb	n. m.
امتیازي	non_verb	adj.
امداد	non_verb	n. m.
امداد کول	dynamic_compound	v. dyn. comp. trans.
امداد کوونکی	non_verb	n. m. anim. unisex / adj.
امر	non_verb	n. m.
امر	non_verb	n. m.
امر کول	dynamic_compound	v. dyn. comp. trans.
امرت	non_verb	n. m.
امروت	non_verb	n. m.
امروت	non_verb	n. m.
امرود	non_verb	n. m.
امریکا	non_verb	n. f.
امریکایی	non_verb	n. m. anim. unisex / adj.
امریکایي	non_verb	adj.
امریکنی	non_verb	n. m. anim. unisex
امریکه	non_verb	n. f.
امزری	non_verb	n. m. anim. unisex
امسا	non_verb	n. f.
امضا	non_verb	n. f.
امضا کول	dynamic_compound	v. stat. comp. trans.
امکان	non_verb	n. m.
امکان پذیر	non_verb	adj.
امکه	non_verb	n. f.
امل	non_verb	n. m.
املا	non_verb	n. f.
امن	non_verb	n. m.
امن پسند	non_verb	adj.
امنیت	non_verb	n. m.
امنیتي	non_verb	adj.
امنیه	non_verb	n. f.
اموخته	non_verb	adj.
اموخته کېدل	stative_compound_special	v. stat. comp. intrans.
امي	non_verb	adj. / n. m.
امیاني	non_verb	n. f.
امید	non_verb	n. m.
امېد	non_verb	n. m.
امید لرل	regular_simple	v. dyn. comp. trans.
امېد لرل	regular_simple	v. dyn. comp. trans.
امیدوار	non_verb	adj.
امیدواره	non_verb	
امیدواري	non_verb	n. f.
امیر	non_verb	n. m. anim. unisex / adj.
امیل	non_verb	n. m.
امېل	non_verb	n. m.
امین	non_verb	
ان	regular_simple	adv.
ان	non_verb	n. m.
انا	non_verb	n. f.
اناثي	non_verb	adj.
اناثیه	non_verb	adj.
انار	non_verb	n. m.
انافلس	non_verb	n. m.
اناناس	non_verb	n. m.
انانګه	non_verb	n. f.
اناوالی	non_verb	n. m.
انایي	non_verb	n. m. anim. unisex / adj.
انبار	non_verb	n. m.
انبارول	regular_simple	v. stat. comp. trans.
انبارېدل	stative_compound_standard	v. stat. comp. intrans.
انپړ	non_verb	adj.
انتاني	non_verb	adj.
انتباه	non_verb	n. f.
انتحار	non_verb	n. m.
انتحاري برید	non_verb	n. m.
انتخاب	non_verb	n. m.
انتخابات	non_verb	n. m. pl.
انتروشی	non_verb	n. m.
انتروشی کول	dynamic_compound	v. dyn. comp. trans.
انتساب	non_verb	n. m.
انتصابي	non_verb	adj.
انتظار	non_verb	n. m.
انتظار کول	dynamic_compound	v. dyn. comp. trans.
انتظام	non_verb	n. m.
انتظام کول	dynamic_compound	v. stat. comp. trans.
انتقاد	non_verb	n. m.
انتقال	non_verb	n. m.
انتقال کېدل	stative_compound_special	v. stat. comp. intrans.
انتقالول	regular_simple	v. stat. comp. trans.
انتقالي	non_verb	adj.
انتقالي حکومت	non_verb	n. m.
انتقام	non_verb	n. m.
انتها	non_verb	n. f.
انتهایي	non_verb	adj.
انتوشي	non_verb	n. f.
انتي بیوتیک	non_verb	n. m.
انتیکه	non_verb	adj.
انټرویو	non_verb	n. f.
انټوسی	non_verb	n. m.
انټوسي	non_verb	n. m. pl.
انجام	non_verb	n. m.
انجامول	regular_simple	v. stat. comp. trans.
انجامېدل	stative_compound_standard	v. stat. comp. intrans.
انجلۍ	non_verb	n. f. anim.
انجماد	non_verb	n. m.
انجمن	non_verb	n. m.
انجن	non_verb	n. m.
انجن	non_verb	n. m.
انجنۍ	non_verb	n. f.
انجنیر	non_verb	n. m. anim. unisex
انجنیري	non_verb	n. f.
انجیل	non_verb	n. m.
انجیل شریف	non_verb	n. m.
انجین	non_verb	n. m.
انځر	non_verb	n. m.
انځور	non_verb	n. m.
انځورګر	non_verb	n. m.
انځورګري	non_verb	n. f.
انځورلیک	non_verb	n. m.
انځوریز	non_verb	adj.
انځیر	non_verb	n. m.
انچ	non_verb	n. m.
انحراف	non_verb	n. m.
انحصار	non_verb	n. m.
اند	non_verb	n. m.
انداخت	non_verb	n. m.
انداز	non_verb	n. m.
انداز	non_verb	suff.
اندازه	non_verb	n. f.
اندازه ګیري	non_verb	n. f.
اندازه لګول	regular_simple	v. dyn. comp. trans.
اندام	non_verb	n. m.
اندامور	non_verb	adj.
اندرپایه	non_verb	n. f.
اندروني	non_verb	adj.
اندېښمن	non_verb	adj.
اندېښمنوونکی	non_verb	adj.
اندېښنه	non_verb	n. f.
انډت	non_verb	n. m.
انډز	non_verb	n. m.
انډول	non_verb	n. m. / adj.
انډی	non_verb	n. m.
انډیوال	non_verb	n. m.
انډیوالیزم	non_verb	n. m.
انرژي	non_verb	n. f.
انزال	non_verb	n. m.
انزوا	non_verb	n. f.
انسان	non_verb	n. m. anim. unisex
انسان پرستي	non_verb	n. f.
انساني	non_verb	adj.
انساني فطرت	non_verb	n. m.
انسانیت	non_verb	n. m.
انسایکلوپیډیا	non_verb	n. f.
انسټیټیوټ	non_verb	n. m.
انسجام	non_verb	n. m.
انسولین	non_verb	
انشاالله	non_verb	
انشعاب	non_verb	n. m.
انښتی	non_verb	
انصاف	non_verb	n. m.
انضباط	non_verb	n. m.
انضباطي	non_verb	adj.
انعام	non_verb	n. m.
انعطاف	non_verb	n. m.
انعطاف کول	dynamic_compound	v. dyn. comp. trans.
انعکاس	non_verb	n. m.
انغښتل	non_verb	
انفجار	non_verb	n. m.
انفرادي	non_verb	adj.
انفعال	non_verb	n. m.
انفعالي	non_verb	n. f. / adj.
انفلاسیون	non_verb	n. m.
انفلاق	non_verb	n. m.
انفلاقي	non_verb	adj.
انقباض	non_verb	n. m.
انقره	non_verb	name
انقطاع	non_verb	n. f.
انقلاب	non_verb	n. m.
انقلابي	non_verb	adj.
انکار	non_verb	n. m.
انکار کول	dynamic_compound	v. dyn. comp. trans.
انکاري	non_verb	n. f.
انکاري کېدل	stative_compound_special	v. stat. comp. intrans.
انکشاف	non_verb	n. m.
انکه	non_verb	n. f.
انکوایري	non_verb	n. f.
انکوایري کول	dynamic_compound	v. dyn. comp. trans.
انګار	non_verb	n. m.
انګاره	non_verb	n. f.
انګازه	non_verb	n. f.
انګروزه	non_verb	n. f.
انګریز	non_verb	n. m. anim. unisex / adj.
انګرېز	non_verb	n. m. anim. unisex / adj.
انګریزي	non_verb	n. f.
انګرېزي	non_verb	n. f.
انګړ	non_verb	n. m.
انګشت	non_verb	n. m.
انګلستان	non_verb	n. m.
انګلش	non_verb	n. m.
انګلیس	non_verb	n. m. anim. unisex / adj.
انګلیسي	non_verb	n. f.
انګور	non_verb	n. m. pl.
انګوري باغ	non_verb	n. m.
انګولا	non_verb	n. f.
انګولل	regular_simple	v. gramm. trans.
انګی	non_verb	n. m.
انګی	non_verb	n. m.
انګۍ	non_verb	n. f.
انګۍ	non_verb	n. f.
انګیتی	non_verb	n. m.
انګېرل	regular_simple	v. trans.
انګېرنه	non_verb	n. f.
انګېزه	non_verb	n. f.
انلاین	non_verb	adj.
انموشی	non_verb	n. m.
انموشی کول	dynamic_compound	v. dyn. comp. trans.
اننګ	non_verb	n. m.
اننګ	non_verb	n. m.
اننګی	non_verb	n. m.
اننګۍ	non_verb	n. f.
انول	regular_simple	v. trans.
انۍ	non_verb	n. f. anim.
اهتزاز	non_verb	n. m.
اهتمام	non_verb	n. m.
اهل	non_verb	adj. / n. m. / pref.
اهل کېدل	stative_compound_special	v. stat. comp. intrans.
اهلي	non_verb	adj.
اهلیت	non_verb	n. m.
اهلیت نامه	non_verb	n. f.
اهم	non_verb	adj.
اهمال	non_verb	n. m.
اهمیت	non_verb	n. m.
اهنګ	non_verb	n. m.
اهنګر	non_verb	n. m.
او	regular_simple	adv.
او	non_verb	conj.
اواخر	non_verb	n. m.
اواز	non_verb	n. m.
اواز کېناستل	non_verb	
اوازه	non_verb	n. f.
اوباش	non_verb	n. m.
اوبال	non_verb	n. m.
اوبدل	regular_simple	v. trans.
اوبسپی	non_verb	n. m.
اوبڼه	non_verb	n. f.
اوبه	non_verb	n. f. pl.
اوبه تېرول	non_verb	
اوبه خړول	non_verb	
اوبه کول	dynamic_compound	v. dyn. comp. trans.
اوبه مېچ	non_verb	n. m.
اوبوس	non_verb	n. m.
اوبېدل	stative_compound_standard	v. intrans.
اوتر	non_verb	adj.
اوترایي	non_verb	n. f.
اوترول	regular_simple	v. stat. comp. trans.
اوترېدل	stative_compound_standard	v. stat. comp. intrans.
اوتو	non_verb	n. m.
اوتو کول	dynamic_compound	v. stat. comp. trans. / v. dyn. comp. trans.
اوټ	non_verb	n. m. / adj.
اوج	non_verb	n. m.
اوجاغ	non_verb	n. m.
اوچ	non_verb	adj.
اوچت	non_verb	adj.
اوچت ختل	non_verb	
اوچتوالی	non_verb	n. m.
اوچتول	regular_simple	v. stat. comp. trans.
اوچتې ویشتل	non_verb	
اوچتېدل	stative_compound_standard	v. stat. comp. intrans.
اوڅار	non_verb	adj.
اودرېدل	stative_compound_standard	v. intrans.
اودس	non_verb	n. m.
اوده	non_verb	adj.
اوده	non_verb	n. f.
اوده کېدل	stative_compound_special	v. stat. comp. intrans.
اودي	non_verb	adj.
اور	non_verb	n. m.
اور اخیستل	regular_simple	v. dyn. comp. trans.
اور اخیستونکی	non_verb	adj.
اور غالی	non_verb	n. m.
اور غورځوونکی	non_verb	n. m.
اور لګول	regular_simple	v. dyn. comp. trans.
اور لګیت	non_verb	n. m. sig. and pl.
اور لګېدل	non_verb	
اور وروونکی	non_verb	n. m.
اور ورین	non_verb	n. m.
اوراق	non_verb	n. m.
اوربشی	non_verb	n. m.
اوربشي	non_verb	n. m. pl.
اوربل	non_verb	n. m.
اوربند	non_verb	n. m.
اوربوز	non_verb	n. m.
اورپک	non_verb	n. m. anim. unisex
اورپکی	non_verb	n. m. anim. unisex
اورږه	non_verb	n. f. pl.
اورشیند	non_verb	n. m.
اورشیند غر	non_verb	n. m.
اورشیندی	non_verb	n. m.
اورښت	non_verb	n. m.
اورګاډی	non_verb	n. m.
اورلګید	non_verb	n. m. sig. and pl.
اورنی	non_verb	adj.
اورنی غر	non_verb	n. m.
اوره	non_verb	n. f.
اورول	regular_simple	v. trans.
اورۍ	non_verb	n. f.
اوریځ	non_verb	n. f.
اوریځي	non_verb	adj. / n. f.
اورېدل	stative_compound_standard	v. intrans
اورېدل	stative_compound_standard	v. trans./gramm. trans.
اوړدي	non_verb	n. f.
اوړم	non_verb	adj.
اوړم کال	non_verb	
اوړه	non_verb	n. m. pl.
اوړه کول	dynamic_compound	v. stat. comp. trans.
اوړه کېدل	stative_compound_special	v. stat. comp. intrans.
اوړی	non_verb	n. m.
اوړېدل	stative_compound_standard	v. intrans.
اوز	non_verb	n. m.
اوزار	non_verb	n. m.
اوزبکستان	non_verb	n. m.
اوزګار	non_verb	adj.
اوزګارول	regular_simple	v. stat. comp. trans.
اوزګارېدل	stative_compound_standard	v. stat. comp. intrans.
اوزه	non_verb	n. f. anim.
اوږد	non_verb	adj.
اوږد مهال	non_verb	adj.
اوږد مهالي	non_verb	adj.
اوږدمهاله	non_verb	adj.
اوږدول	regular_simple	v. stat. comp. trans.
اوږدېدل	stative_compound_standard	v. stat. comp. intrans.
اوږه	non_verb	n. f.
اوس	regular_simple	adv.
اوس اوس	regular_simple	adv.
اوسان	non_verb	n. m.
اوسپنه	non_verb	n. f.
اوستربل	non_verb	n. m.
اوسط	non_verb	n. m.
اوسمهال	regular_simple	adv.
اوسنی	non_verb	adj.
اوسېدل	stative_compound_standard	v. intrans.
اوسېدونکی	non_verb	n. m. anim. unisex
اوسېلل	regular_simple	v. gramm. trans.
اوسېلنه	non_verb	n. f.
اوښ	non_verb	n. m. anim. unisex
اوښ غویی	non_verb	n. m. anim. unisex
اوښتل	regular_simple	v. intrans.
اوښتون	non_verb	n. m.
اوښتی	non_verb	adj.
اوښکل	non_verb	
اوښکه	non_verb	n. f.
اوښکې تویول	non_verb	
اوښلن	non_verb	adj.
اوښلن غاز	non_verb	n. m.
اوښی	non_verb	n. m.
اوغانۍ	non_verb	n. f.
اوف	non_verb	interj.
اوکرایین	non_verb	
اوګره	non_verb	n. f.
اوګره	non_verb	n. f.
اوګوټ	non_verb	n. m.
اول	regular_simple	adj. / adv.
اول نمبر	non_verb	n. m. anim. unisex / adj.
اول وتلی	non_verb	n. m. anim. unisex / adj.
اولاد	non_verb	n. m.
اولټا	regular_simple	adj. / adv.
اولجه	non_verb	adj.
اولس	non_verb	n. m.
اولسي	non_verb	adj.
اولنی	non_verb	adj.
اولی	non_verb	adj.
اولیت	non_verb	n. m.
اولین	non_verb	adj.
اوم	non_verb	adj.
اومه توکي	non_verb	
اوندن رنځ	non_verb	n. m.
اونۍ	non_verb	n. f.
اونیکس	non_verb	n. m. / adj.
اوڼل	non_verb	
اووم	non_verb	adj.
اوونۍ	non_verb	n. f.
اوونیز	non_verb	adj.
اووه	non_verb	num.
اووه لس	non_verb	num.
اووه لسم	non_verb	adj.
اووه ورځنی	non_verb	adj.
اووه ویشت	non_verb	num.
اویا	non_verb	num.
اویایم	non_verb	adj.
اوېزان	non_verb	adj.
اوېزاند	non_verb	adj.
اوېزانول	regular_simple	v. stat. comp. trans.
اوېزانېدل	stative_compound_standard	v. stat. comp. intrans.
ای	non_verb	interj.
اې	non_verb	interj.
ای شیډ	non_verb	
ای لاینر	non_verb	
ایا	non_verb	
ایالت	non_verb	n. m.
ایت	non_verb	n. m.
ایتلاف	non_verb	n. m.
ائتلاف	non_verb	n. m.
ایتلافي	non_verb	adj.
ایتلافي	non_verb	adj.
ائتلافي	non_verb	adj.
ایټالوي	non_verb	adj.
ایټالوي	non_verb	n. f.
ایټالیا	non_verb	n. f.
ایټالیوي	non_verb	adj.
ایټم	non_verb	n. m.
ایجاب	non_verb	n. m.
ایجابول	regular_simple	v. stat. comp. trans.
ایجابېدل	stative_compound_standard	v. stat. comp. intrans.
ایجاد	non_verb	n. m.
ایجاد کول	dynamic_compound	v. stat. comp. trans.
ایجاد کېدل	stative_compound_special	v. stat. comp. intrans.
ایجادکاري	non_verb	n. f.
ایجنټ	non_verb	n. m. anim. unisex
ایډز	non_verb	n. m.
ایډیالژي	non_verb	n. f.
ایډیټر	non_verb	n. m. anim. unisex
ایر	non_verb	adj.
ایران	non_verb	n. m.
ایرانی	non_verb	n. m. anim. unisex
ایرلنډ	non_verb	n. m.
ایرلنډی	non_verb	n. m. anim. unisex
ایره	non_verb	n. f.
ایرې	non_verb	n. f. pl.
ایز	non_verb	suff.
ایسار	non_verb	n. m. / adj.
ایسارتیا	non_verb	n. f.
ایسارول	regular_simple	v. stat. comp. trans.
ایسارېدل	stative_compound_standard	v. stat. comp. intrans.
ایستل	regular_simple	v. trans.
اېستل	regular_simple	v. trans.
ایستنه	non_verb	n. f.
ایسته	regular_simple	adj. / adv.
ایسته کول	dynamic_compound	v. stat. comp. trans.
ایسېدل	stative_compound_standard	v. intrans.
اېسېدل	stative_compound_standard	v. intrans.
ایشول	regular_simple	v. trans.
اېشول	regular_simple	v. trans.
ایشولی	non_verb	adj.
ایشیا	non_verb	n. f.
ایشیایي	non_verb	adj.
ایشېدل	stative_compound_standard	v. intrans.
اېشېدل	stative_compound_standard	v. intrans.
اېښودل	regular_simple	v. trans.
ایصال ثواب	non_verb	n. m.
اېغ	non_verb	adj.
اېغ سترګی	non_verb	adj.
اېغ نېغ	non_verb	adj.
ایکړ	non_verb	
اېکس رې	non_verb	n. f.
ایکسلیټر	non_verb	n. m.
ایکي	regular_simple	adv.
ایلا	regular_simple	adv.
ایلا بیلا	regular_simple	adv.
ایله	non_verb	adj.
ایله	regular_simple	adv.
اېله	regular_simple	n. f. / adj. / adv.
ایله کول	dynamic_compound	v. stat. comp. trans.
ایله کېدل	stative_compound_special	v. stat. comp. intrans.
ایمال	non_verb	n. m.
ایمان	non_verb	n. m.
ایمان راوړل	regular_simple	v. dyn. comp. trans.
ایماندار	non_verb	adj. / n. m. anim. unisex
ایمانداري	non_verb	n. f.
اېمرجنسي	non_verb	n. f.
اېمن	non_verb	adj.
اېن جیو	non_verb	n. f.
اېنجڼ	non_verb	n. m.
اینځر	non_verb	n. m.
اینداره	non_verb	n. f.
ایندرور	non_verb	n. f. anim.
اینکه	non_verb	n. f.
اینکې	non_verb	n. f. pl.
اینګور	non_verb	n. f. anim.
اینه	non_verb	n. f.
ایوب	non_verb	
با	non_verb	pref.
با احساس	non_verb	adj.
با اخلاقه	non_verb	adj.
با ارزښته	non_verb	adj.
با استعداد	non_verb	adj.
با عزت	regular_simple	adv.
باادبه	non_verb	adj.
باب	non_verb	adj.
باب	non_verb	n. m.
بابا	non_verb	n. m.
باباجي	non_verb	n. m.
بابت	non_verb	
بابک	non_verb	n. m.
بابو	non_verb	n. m. anim. unisex
بابول	regular_simple	v. stat. comp. trans.
بابونه	non_verb	n. f.
بابۍ	non_verb	n. f. anim.
بابېدل	stative_compound_standard	v. stat. comp. intrans.
بابیزه	non_verb	adj.
بات روم	non_verb	n. m.
باتجربه	non_verb	adj.
باتعلیم	non_verb	adj.
باتور	non_verb	adj.
باتور	non_verb	n. m.
باتۍ	non_verb	n. f.
باتینګړ	non_verb	n. m.
باتینګڼي	non_verb	adj.
باټ	non_verb	n. m.
باټ ورکول	regular_simple	v. dyn. comp. trans.
باټه	non_verb	n. f.
باټې کول	dynamic_compound	v. dyn. comp. trans.
باټې وهل	dynamic_compound	v. dyn. comp. trans.
باثبات	non_verb	adj.
باج	non_verb	n. m.
باجا	non_verb	n. f.
باجګیر	non_verb	n. m. anim. unisex
باجه	non_verb	n. f.
باجوړ	non_verb	n. m.
باجي	non_verb	n. f. anim.
باچا	non_verb	n. m.‌ anim.
باچخه	non_verb	n. f. anim.
باخو	non_verb	n. f. anim.
باد	non_verb	n. m.
باد بېړۍ	non_verb	n. f.
باد ماتېدل	non_verb	
بادار	non_verb	n. m.
باداري	non_verb	n. f.
باداري کول	dynamic_compound	v. dyn. comp. trans.
بادام	non_verb	n. m.
بادبان	non_verb	n. m.
بادپیما	non_verb	adj.
بادرنګ	non_verb	n. m.
بادشاه	non_verb	n. m.
بادشاهت	non_verb	n. m.
بادشاهي	non_verb	n. f.
بادماتی	non_verb	n. m.
باده	non_verb	n. f.
بادوک	non_verb	adj.
بادول	regular_simple	v. stat. comp. trans.
بادي	non_verb	adj.
بادي ټوپک	non_verb	n. m.
بادیان	non_verb	n. m.
بادېدل	stative_compound_standard	v. stat. comp. intrans.
باډاسکه	non_verb	n. f.
باډاسکې وهل	dynamic_compound	v. dyn. comp. trans.
باډر	non_verb	n. m.
باډي ګارډ	non_verb	n. m. anim. unisex
بار	non_verb	n. m.
بار بار	regular_simple	adv.
باران	non_verb	n. m.
باران کوټ	non_verb	n. m.
باران ورېدل	non_verb	
باراني	non_verb	adj. / n. f.
بارانۍ	non_verb	n. f.
بارجامه	non_verb	n. f.
بارخو	non_verb	n. m.
بارسوخ	non_verb	adj.
باره	regular_simple	adv.
باره	non_verb	n. f.
باره	non_verb	prep.
باروت	non_verb	n. m. pl.
بارود	non_verb	n. m. pl.
بارول	regular_simple	v. stat. comp. trans.
باریک	non_verb	adj.
باریک بین	non_verb	adj.
باریکی	non_verb	n. m.
باړ	non_verb	n. m.
باړه	non_verb	n. f.
باړه	non_verb	n. f.
باز	non_verb	n. m.
بازار	non_verb	n. m.
بازل	regular_simple	v. trans.
بازو	non_verb	n. m.
بازي	non_verb	n. f.
بازي کول	dynamic_compound	v. dyn. comp. trans.
بازیچه	non_verb	n. f.
باس	non_verb	n. m. anim. unisex
باسکېټ	non_verb	n. m.
باسل	regular_simple	v. trans.
باسواد	non_verb	adj.
باسی	non_verb	n. m.
باسي	non_verb	adj.
باسی کول	dynamic_compound	v. dyn. comp. trans.
باشرفه	non_verb	adj.
باشنده	non_verb	
باښه	non_verb	n. f. anim.
باښه	non_verb	n. f. anim.
باطل	non_verb	adj.
باطلول	regular_simple	v. stat. comp. trans.
باطلېدل	stative_compound_standard	v. stat. comp. intrans.
باطن	non_verb	n. m.
باطني	non_verb	adj.
باعث	non_verb	n. m.
باعظمته	non_verb	adj.
باغ	non_verb	n. m.
باغچه	non_verb	n. f.
باغدار	non_verb	n. m.
باغوان	non_verb	n. m.
باغواني	non_verb	n. f.
باغي	non_verb	n. m. anim. unisex
باقاعده	regular_simple	adv. / adj.
باقاعده ګي	non_verb	n. f.
باقي	non_verb	n. m. / adj.
باک	non_verb	n. m.
باکره	non_verb	n. f. / adj.
باکسر	non_verb	n. m. anim. unisex
باکۍ	non_verb	n. f.
بال	non_verb	n. m.
بال بچ	non_verb	n. m. pl.
بالاپوښ	non_verb	n. m.
بالاخانه	non_verb	n. f.
بالاخره	regular_simple	adv.
بالټۍ	non_verb	n. f.
بالخصوص	regular_simple	adv.
بالر	non_verb	n. m. anim. unisex
بالښت	non_verb	n. m.
بالښتک	non_verb	n. m.
بالغ	non_verb	adj.
بالفرض	regular_simple	adv.
بالکل	regular_simple	adv. / interj.
بالکوني	non_verb	n. f.
بالمثل	regular_simple	adj. / adv.
بالڼ	non_verb	n. m.
بالڼ	non_verb	n. m.
بالون	non_verb	n. m.
بالېنګ	non_verb	n. m.
بام	non_verb	n. m.
بامبو	non_verb	n. m.
بامبوره	non_verb	n. f.
بانجاني	non_verb	adj. / n. m.
بانجن	non_verb	n. m.
باندنی	non_verb	adj.
باندې	non_verb	
باندینی	non_verb	adj.
بانډري	non_verb	n. f.
بانډه	non_verb	n. f.
بانفوذ	non_verb	adj.
بانک	non_verb	n. m.
بانکي	non_verb	adj.
بانګ	non_verb	n. m.
بانګي	non_verb	n. m. anim.
بانګیټی	non_verb	n. m. anim.
بانګیټی	non_verb	n. m.
باني	non_verb	n. m.
باڼس	non_verb	n. m.
باڼه	non_verb	n. m. pl.
باڼو	non_verb	n. m.
باوجدان	non_verb	adj.
باوجود	regular_simple	adv.
باور	non_verb	n. m.
باور کول	dynamic_compound	v. dyn. comp. trans.
باور لیک	non_verb	n. m.
باورچي	non_verb	n. m. anim. unisex
باورچي خانه	non_verb	n. f.
باوري	non_verb	adj.
باید	regular_simple	adv.
بایسکل	non_verb	n. m.
بایلل	regular_simple	v. trans.
ببر	non_verb	adj.
ببر	non_verb	n. m. anim.
ببر سری	non_verb	adj.
ببرو	non_verb	adj.
ببوتنکی	non_verb	n. m.
ببوزی	non_verb	n. m.
ببوزی وهل	dynamic_compound	v. dyn. comp. trans.
بپتسمه	non_verb	n. f.
بپتسمه ورکول	regular_simple	v. dyn. comp. trans.
بت	non_verb	n. m.
بت پرست	non_verb	n. m. anim. unisex / adj.
بت پرستي	non_verb	n. f.
بتخانه	non_verb	n. f.
بتروم	non_verb	n. m.
بته	non_verb	n. f.
بتۍ	non_verb	n. f.
بټ	non_verb	n. m.
بټ	non_verb	n. m.
بټسمن	non_verb	n. m.
بټوه	non_verb	n. f.
بټۍ	non_verb	n. f.
بټېنګ	non_verb	n. m.
بټېنګ کول	dynamic_compound	v. dyn. comp. trans.
بجاز	non_verb	n. m.
بجای	non_verb	
بجلکه	non_verb	n. f.
بجلي	non_verb	n. f.
بجه	non_verb	n. f.
بچ	non_verb	n. m.
بچ کول	dynamic_compound	v. stat. comp. trans.
بچ کېدل	stative_compound_special	v. stat. comp. intrans.
بچاو	non_verb	n. m.
بچت	non_verb	n. m.
بچتي	non_verb	adj.
بچه باز	non_verb	n. m. anim. unisex
بچه بازي	non_verb	n. f.
بچه ګوته	non_verb	n. f.
بچوړی	non_verb	n. m. anim. unisex
بچوکی	non_verb	n. m.
بچی	non_verb	n. m. anim. unisex
بچۍ	non_verb	n. f.
بچۍ	non_verb	
بچي راوړل	non_verb	
بڅرکی	non_verb	n. m.
بڅری	non_verb	n. m.
بحال	non_verb	adj.
بحال کول	dynamic_compound	v. stat. comp. trans.
بحال کېدل	stative_compound_special	v. stat. comp. intrans.
بحث	non_verb	n. m.
بحث کول	dynamic_compound	v. dyn. comp. trans.
بحث و تکرار	non_verb	n. m.
بحر	non_verb	n. m.
بحران	non_verb	n. m.
بخارۍ	non_verb	n. f.
بخت	non_verb	n. m.
بختور	non_verb	adj.
بختور کول	dynamic_compound	v. stat. comp. trans.
بختور کېدل	stative_compound_special	v. stat. comp. intrans.
بخره	non_verb	n. f.
بخشش	non_verb	n. m.
بخشه	non_verb	n. f.
بخښاند	non_verb	n. m.
بخښل	regular_simple	v. trans.
بخښنه	non_verb	n. f.
بخښنه غوښتل	regular_simple	v. dyn. comp. trans.
بخښنه کول	dynamic_compound	v. dyn. comp. trans.
بخښونکی	non_verb	adj.
بخمل	non_verb	n. m.
بخوله	non_verb	n. f.
بخیل	non_verb	adj.
بخیلتوب	non_verb	n. m.
بخیلي	non_verb	n. f.
بد	non_verb	adj.
بد اخلاقي	non_verb	n. f.
بد اروا	non_verb	adj.
بد بختي	non_verb	n. f.
بد بوی	non_verb	n. m.
بد بویي	non_verb	n. f.
بد تبیته	non_verb	adj.
بد تمیز	non_verb	adj.
بد تمیزه	non_verb	adj.
بد تمیزي	non_verb	n. f.
بد تمیزي	non_verb	n. f.
بد تمیزي کول	dynamic_compound	v. dyn. comp. trans.
بد تمیزي کول	dynamic_compound	v. dyn. comp. trans.
بد خویه	non_verb	adj.
بد خویي	non_verb	n. f.
بد دعا	non_verb	n. f.
بد رد	non_verb	n. m. pl.
بد رد ویل	regular_simple	v. dyn. comp. trans.
بد ژمنی	non_verb	adj.
بد سلوکه	non_verb	adj.
بد شکله	non_verb	adj.
بد صورته	non_verb	adj.
بد طبیعته	non_verb	adj.
بد ظن	non_verb	adj.
بد ظن کول	dynamic_compound	v. stat. comp. trans.
بد قسمته	non_verb	adj.
بد کار	non_verb	n. m. anim. unisex
بد کاري	non_verb	n. f.
بد منل	non_verb	
بد نصیبه	non_verb	adj.
بد نیت	non_verb	n. m.
بد هضمي	non_verb	n. f.
بدایي	non_verb	n. m.
بدبخت	non_verb	adj.
بدبختانه	regular_simple	adv.
بدبخته	non_verb	adj.
بدبختي	non_verb	n. f.
بدبد	regular_simple	adv.
بدبولی	non_verb	adj.
بدبین	non_verb	adj. / n. m. anim. unisex
بدتر	non_verb	adj.
بدترول	regular_simple	v. stat. comp. trans.
بدتري	non_verb	n. f.
بدترېدل	stative_compound_standard	v. stat. comp. intrans.
بدخلقه	non_verb	n. m. anim. unisex / adj.
بدخویه	non_verb	n. m. anim. unisex / adj.
بدرد	non_verb	n. m. pl. ??
بدرګه	non_verb	n. f.
بدرګه کول	dynamic_compound	v. stat. comp. trans.
بدرنګ	non_verb	n. m.
بدرنګه	non_verb	adj.
بدشکل	non_verb	adj.
بدعت	non_verb	n. m.
بدکار	non_verb	n. m. anim. unisex / adj.
بدکاري	non_verb	n. f.
بدګمان	non_verb	adj.
بدګماني	non_verb	n. f.
بدګماني کول	dynamic_compound	v. dyn. comp. trans.
بدګومان	non_verb	adj.
بدګوماني	non_verb	n. f.
بدګوماني	non_verb	n. f.
بدګوماني کول	dynamic_compound	v. dyn. comp. trans.
بدل	non_verb	adj.
بدل	non_verb	n. m.
بدل اخیستل	regular_simple	v. dyn. comp. trans.
بدلغامي	non_verb	n. f.
بدلمنی	non_verb	adj. / n. m. anim. unisex
بدله	non_verb	n. f.
بدله اخیستل	regular_simple	v. dyn. comp. trans.
بدله لاره	non_verb	n. f. doub.
بدله ورکول	regular_simple	v. dyn. comp. trans.
بدلول	regular_simple	v. stat. comp. trans.
بدلون	non_verb	n. m.
بدلي	non_verb	n. f.
بدلېدل	stative_compound_standard	v. stat. comp. intrans.
بدلېدونکی	non_verb	adj.
بدماش	non_verb	n. m. anim. unisex
بدماشي	non_verb	n. f.
بدمرغه	non_verb	adj.
بدمزاجه	non_verb	adj. / n. m. anim. unisex
بدمعاش	non_verb	n. m. anim. unisex / adj.
بدمعاش	non_verb	n. m. anim. unisex
بدمعاشي	non_verb	n. f.
بدمعاشي	non_verb	n. f.
بدن	non_verb	n. m.
بدنام	non_verb	adj.
بدنامه	non_verb	adj.
بدنامه کول	dynamic_compound	v. stat. comp. trans.
بدنامول	regular_simple	v. stat. comp. trans.
بدنامي	non_verb	n. f.
بدنصیبي	non_verb	n. f.
بدنۍ	non_verb	n. f.
بدوربزی	non_verb	adj.
بدون	non_verb	pref.
بدي	non_verb	n. f.
بدي دار	non_verb	adj.
بدي دار	non_verb	adj. / n. m. anim. unisex
بدېدل	stative_compound_standard	v. stat. comp. intrans.
بدیل	non_verb	n. m. / adj.
بدیهي	non_verb	adj.
بډ	non_verb	adj.
بډ	non_verb	adj.
بډا	non_verb	adj. / n. m.
بډا	non_verb	adj. / n. m. anim. unisex
بډال	non_verb	n. m.
بډای	non_verb	adj.
بډایول	regular_simple	v. stat. comp. trans.
بډبول	non_verb	adj.
بډبول توب	non_verb	n. m.
بډبولتیا	non_verb	n. f.
بډه	non_verb	n. f.
بډوډی	non_verb	n. m.
بډوری	non_verb	n. m.
بډوکی	non_verb	n. m.
بډوګی	non_verb	n. m.
بډیخور	non_verb	n. m. anim. unisex
بر	regular_simple	loc. adv.
برآمد	non_verb	n. m.
برابر	non_verb	adj.
برابرتیا	non_verb	n. f.
برابرښت	non_verb	n. m.
برابرول	regular_simple	v. stat. comp. trans.
برابري	non_verb	n. f.
برابرېدل	stative_compound_standard	v. stat. comp. intrans.
براعضم	non_verb	n. m.
براعظم	non_verb	n. m.
برالا	regular_simple	adv.
برالبه	non_verb	adj.
برالبېدل	stative_compound_standard	v. stat. comp. intrans.
برامد	non_verb	n. m.
برائت	non_verb	n. m.
برائت کېدل	stative_compound_special	v. stat. comp. intrans.
برایي	regular_simple	adv.
برباد	non_verb	adj.
بربادول	regular_simple	v. stat. comp. trans.
بربادي	non_verb	n. f.
بربادېدل	stative_compound_standard	v. stat. comp. intrans.
بربر	non_verb	n. m. anim. unisex
بربریت	non_verb	n. m.
بربنډ	non_verb	adj.
بربنډتوب	non_verb	n. m.
بربنډول	regular_simple	v. stat. comp. trans.
بربنډې پښې	regular_simple	n. f. pl. / adv.
بربنډېدل	stative_compound_standard	v. stat. comp. intrans.
برتانوي	non_verb	adj.
برتانیا	non_verb	n. f.
برتانیه	non_verb	n. f.
برتر	non_verb	adj.
برتن	non_verb	n. m. pl.
برتي	non_verb	adj.
برتي	non_verb	n. f.
برتي کول	dynamic_compound	v. stat. comp. trans.
برټ	non_verb	n. m.
برج	non_verb	n. m.
برج	non_verb	n. m.
برجد	non_verb	adj.
برجسته	non_verb	adj.
برجو	non_verb	n. m.
برجوره کلا	non_verb	n. f.
برچه	non_verb	n. f.
برحال	regular_simple	adj. / adv.
برحق	non_verb	adj.
برخاست	non_verb	n. m.
برخلاف	non_verb	
برخلیک	non_verb	n. m.
برخمن	non_verb	adj.
برخه	non_verb	n. f.
برخه اخستل	regular_simple	v. dyn. comp. trans.
برخه من	non_verb	adj.
برخه وال	non_verb	n. m.
برخورد	non_verb	n. m.
برخوردار	non_verb	adj.
برد	non_verb	n. m.
برداري	non_verb	suff.
برداشت	non_verb	n. m.
برداشت کول	dynamic_compound	v. dyn. comp. trans.
بردشت	non_verb	n. m.
برزخ	non_verb	n. m.
برزو	non_verb	n. m.
برس	non_verb	n. m.
برساتي	non_verb	n. f.
برسر	non_verb	n. m. anim. unisex
برسېره	regular_simple	adv.
برش	non_verb	n. m.
برش کول	dynamic_compound	v. dyn./stat. comp. trans.
برش کېدل	stative_compound_special	v. stat. comp. intrans.
برصغیر	non_verb	n. m.
برطانیا	non_verb	n. f.
برطانیه	non_verb	n. f.
برطرف	non_verb	adj.
برطرف کېدل	stative_compound_special	v. stat. comp. intrans.
برطرفي	non_verb	n. f.
برعکس	regular_simple	adv. / adj.
برغاست	non_verb	n. m.
برغوږی	non_verb	n. m.
برغولی	non_verb	n. m.
برغونی	non_verb	n. m. anim. unisex
برف جنګي	non_verb	n. f.
برف کوچ	non_verb	n. m.
برف کوچ	non_verb	n. m.
برفکیس	non_verb	n. m.
برفي	non_verb	n. f.
برق	non_verb	n. m.
برقرار	non_verb	adj.
برقرار	non_verb	adj.
برقراره	non_verb	adj.
برقرارول	regular_simple	v. stat. comp. trans.
برقرارېدل	stative_compound_standard	v. stat. comp. intrans.
برقع	non_verb	n. f.
برقعه	non_verb	n. f.
برقه	non_verb	n. f.
برقي	non_verb	adj.
برقي پوړی	non_verb	n. m.
برقي جارو	non_verb	n. f.
برقي زانګو	non_verb	n. f.
برقي زینه	non_verb	n. f.
برکت	non_verb	n. m.
برکت ورکول	regular_simple	v. dyn. comp. trans.
برکتناک	non_verb	adj.
برکتي	non_verb	adj.
برکه	non_verb	n. f.
برګ	non_verb	adj.
برګ	non_verb	n. m.
برګ برګ کول	non_verb	
برګټی	non_verb	n. m.
برګړندی	non_verb	n. m.
برګشت	non_verb	n. m.
برلاسی	non_verb	adj.
برم	non_verb	n. m.
برمته	non_verb	n. f.
برمته	non_verb	n. m.
برمته کول	dynamic_compound	v. stat. comp. trans.
برملا	regular_simple	adj. / adv.
برمه	non_verb	n. f.
برمه کار	non_verb	n. m.
برمه کاري	non_verb	n. f.
برمه کاري	non_verb	n. f.
برمه کول	dynamic_compound	v. stat. comp. trans.
برمه کېدل	stative_compound_special	v. stat. comp. intrans.
برنامه	non_verb	n. f.
برنج	non_verb	n. m. pl.
برنده	non_verb	adj.
برنډه	non_verb	n. f.
بره	regular_simple	adv.
بره تلل	non_verb	
بره کول	dynamic_compound	v. stat. comp. trans.
بره کېدل	stative_compound_special	v. stat. comp. intrans.
برهم	non_verb	adj.
برهمن	non_verb	n. m.
برهمول	regular_simple	v. stat. comp. trans.
برهمېدل	stative_compound_standard	v. stat. comp. intrans.
بروسه	non_verb	n. f.
بروسه کول	dynamic_compound	v. dyn. comp. trans.
بری	non_verb	n. m.
بري	non_verb	adj.
بري کول	dynamic_compound	v. stat. comp. trans.
بري کېدل	stative_compound_special	v. stat. comp. intrans.
بري کېدل	stative_compound_special	v. stat. comp. intrans.
بری موندل	regular_simple	v. dyn. comp. trans.
بریا	non_verb	n. f.
بریالی	non_verb	adj.
بریالیتوب	non_verb	n. m.
برېت	non_verb	n. m.
بریتانیا	non_verb	n. m.
برېتور	non_verb	adj.
برېتونه	non_verb	n. m. pl.
برید	non_verb	n. m.
بریدګر	non_verb	n. m. anim. unisex
برېښ	non_verb	n. m.
برېښنا	non_verb	n. f.
برېښنالیک	non_verb	n. m.
برېښنایي	non_verb	adj.
برېښول	regular_simple	v. trans.
برېښېدل	stative_compound_standard	v. intrans.‌ opt. compl.
بریک	non_verb	n. m.
بریمن	non_verb	adj.
بړاس	non_verb	n. m.
بړبوکۍ	non_verb	n. f.
بړچ	non_verb	n. m.
بړچول	regular_simple	v. trans.
بړستن	non_verb	n. f.
بړق	non_verb	n. m.
بړقول	regular_simple	v. trans.
بړوا	non_verb	n. m.
بړوا خانه	non_verb	n. f.
بړېدل	stative_compound_standard	v. intrans.
بز	non_verb	n. m.
بز	non_verb	n. m.
بزار	non_verb	n. m.
بزدل	non_verb	adj. / n. m. anim. unisex
بزدل	non_verb	adj.
بزدلانه	regular_simple	adv.
بزدله	non_verb	adj.
بزدلي	non_verb	n. f.
بزرګ	non_verb	adj.
بزرګواري	non_verb	n. f.
بزرګي	non_verb	n. f.
بزکشي	non_verb	n. f.
بزګر	non_verb	n. m. anim. unisex
بزګري	non_verb	n. f.
بزم	non_verb	n. m.
بزمي	non_verb	n. f.
بزه	non_verb	n. f.
بزه	non_verb	n. f.
بزه	non_verb	n. f. anim.
بزه	non_verb	n. f.
بزه کول	dynamic_compound	v. dyn. comp. trans.
بږنول	regular_simple	v. trans.
بږنوونکی	non_verb	adj.
بږنېدل	stative_compound_standard	v. intrans.
بږول	regular_simple	v. trans.
بږی	non_verb	n. m.
بږی اخیستل	regular_simple	v. dyn. comp. trans.
بږی نیول	regular_simple	v. dyn. comp. trans.
بس	non_verb	adj. / interj.
بسپنه	non_verb	n. f.
بست	non_verb	n. m.
بستر	non_verb	n. m.
بستر سازي	non_verb	n. f.
بستر کېدل	stative_compound_special	v. stat. comp. intrans.
بستره	non_verb	n. f.
بسته	non_verb	n. f.
بسته	non_verb	adj.
بسته کار	non_verb	n. m.
بسته کارخانه	non_verb	n. f.
بسته کاري	non_verb	n. f.
بسته کول	dynamic_compound	v. stat. comp. trans.
بسته کېدل	stative_compound_special	v. stat. comp. intrans.
بستیا	non_verb	n. f.
بستیا کول	dynamic_compound	v. dyn. comp. trans.
بسکټ	non_verb	
بسم الله	non_verb	
بسم الله کول	non_verb	
بسنه	non_verb	n. f.
بسوالی	non_verb	n. m.
بسیا	non_verb	adj.
بسېره	non_verb	n. f.
بسیط	non_verb	adj.
بشارت	non_verb	n. m.
بشپړ	non_verb	adj.
بشپړول	regular_simple	v. stat. comp. trans.
بشپړېدل	stative_compound_standard	v. stat. comp. intrans.
بشر	non_verb	n. m.
بشردوست	non_verb	n. m. anim. unisex / adj.
بشردوستانه	non_verb	adj.
بشردوستي	non_verb	n. m.
بشري	non_verb	adj.
بشقاب	non_verb	n. m.
بښاند	non_verb	n. m. anim. unisex / adj.
بښاوو	non_verb	adj.
بښکوله	non_verb	n. f.
بښکوله	non_verb	n. f.
بښل	regular_simple	v. trans.
بښنه	non_verb	n. f.
بصیرت	non_verb	n. m.
بطحه	non_verb	n. f. anim.
بطني	non_verb	adj.
بطه	non_verb	n. f.
بعد	regular_simple	adv.
بعد کې	non_verb	
بعضي	non_verb	adj.
بعید	non_verb	adj.
بغاره	non_verb	n. f.
بغارې وهل	dynamic_compound	v. dyn. comp. trans. sing. or plur.
بغاوت	non_verb	n. m.
بغاوت کول	dynamic_compound	v. dyn. comp. trans.
بغرګه	non_verb	n. f.
بغره	non_verb	n. f.
بغره	non_verb	n. f.
بغری	non_verb	n. m.
بغرۍ	non_verb	n. f.
بغض	non_verb	n. m.
بغضي	non_verb	adj.
بغل	non_verb	n. m.
بغل کشي	non_verb	n. f.
بغل ګیري	non_verb	n. f.
بغور	non_verb	n. m.
بغیر	regular_simple	adv.
بف	non_verb	n. m.
بقا	non_verb	n. f.
بک	non_verb	adj.
بک	non_verb	adj.
بک بکی	non_verb	n. m.
بک کول	dynamic_compound	v. stat. comp. trans.
بک کېدل	stative_compound_special	v. stat. comp. intrans.
بکا	non_verb	n. f.
بکاول	non_verb	n. m.
بکس	non_verb	n. m.
بکس	non_verb	n. m.
بکواس	non_verb	n. m. / adj.
بکول	regular_simple	v. stat. comp. trans.
بکېدل	stative_compound_standard	v. stat. comp. intrans.
بګاښ	non_verb	n. m.
بګاښ کول	dynamic_compound	v. dyn. comp. trans.
بګاښ والا	non_verb	n. m.
بګړۍ	non_verb	n. f.
بګوړا	non_verb	n. f.
بګۍ	non_verb	n. f.
بل	non_verb	adj.
بل	non_verb	det.
بل	non_verb	
بل اړخ ته	regular_simple	adv.
بل ځای	regular_simple	adv.
بل ځایي	non_verb	n. m. anim. unisex / adj.
بل چېرته	regular_simple	adv.
بل شان	non_verb	adj.
بل شان کول	dynamic_compound	v. stat. comp. trans.
بل طرف ته	non_verb	
بل واري	regular_simple	adv.
بل یو	non_verb	
بلا	non_verb	n. f.
بلا استثنیٰ	regular_simple	adv.
بلاربتوب	non_verb	n. m.
بلاربه	non_verb	adj.
بلاشرط	regular_simple	adv. / adj.
بلاغت	non_verb	n. m.
بلبل	non_verb	n. m. anim.
بلتستان	non_verb	n. m.
بلټ	non_verb	n. m.
بلخوا	regular_simple	adv.
بلد	non_verb	adj.
بلدتیا	non_verb	n. f.
بلدول	regular_simple	v. stat. comp. trans.
بلدیت	non_verb	n. m.
بلدېدل	stative_compound_standard	v. stat. comp. intrans.
بلډوزر	non_verb	n. m.
بلرغو	non_verb	adj.
بلغار	non_verb	n. m.
بلکه	non_verb	conj.
بلکې	non_verb	conj.
بلل	regular_simple	v. trans. opt. compl.
بللګۍ	non_verb	n. f.
بلندره	non_verb	n. f.
بلنه	non_verb	n. f.
بله لاره	non_verb	n. f. doub.
بلها	non_verb	adj.
بلوا	non_verb	n. f.
بلوا کول	dynamic_compound	v. dyn. comp. trans.
بلواګر	non_verb	n. m. anim. unisex
بلوچستان	non_verb	n. m.
بلودل	regular_simple	v. trans.
بلوده	non_verb	n. f.
بلوده خوړل	regular_simple	v. dyn. comp. trans.
بلوزر	non_verb	n. m.
بلوسل	regular_simple	v. trans.
بلوسېدل	stative_compound_standard	v. intrans.
بلوغ	non_verb	n. m.
بلول	regular_simple	v. stat. comp. trans.
بلې	regular_simple	adv.
بلۍ	non_verb	n. f.
بلېدل	stative_compound_standard	v. stat. comp. intrans.
بلیډ	non_verb	n. m.
بلېک بورډ	non_verb	n. m.
بم	non_verb	n. m.
بمبار	non_verb	n. m.
بمباري	non_verb	n. f.
بمبه	non_verb	n. f.
بن	non_verb	n. f. anim.
بن	non_verb	n. m.
بنجاره	non_verb	n. m.
بنځی	non_verb	n. m.
بنځۍ	non_verb	n. f. anim.
بند	non_verb	adj.
بند	non_verb	n. m.
بند ګوپي	non_verb	n. f.
بند و بست	non_verb	n. m.
بنداژ	non_verb	n. m.
بندر	non_verb	n. m.
بندرګاه	non_verb	n. f.
بندري	non_verb	adj.
بندړ	non_verb	n. m.
بندګي	non_verb	n. f.
بنده	non_verb	n. m. anim.
بنده کوڅه	non_verb	n. f. doub.
بندوالی	non_verb	n. m.
بندوبست	non_verb	n. m.
بندوبست کول	dynamic_compound	v. dyn. comp. trans.
بندول	regular_simple	v. stat. comp. trans.
بندي	non_verb	n. m. anim. unisex / adj.
بندي کول	dynamic_compound	v. stat. comp. trans.
بندي کېدل	stative_compound_special	v. stat. comp. intrans.
بندیخانه	non_verb	n. f.
بندېدل	stative_compound_standard	v. stat. comp. intrans.
بندیز	non_verb	n. m.
بندیوان	non_verb	n. m.
بنډار	non_verb	n. m.
بنډل	non_verb	n. m.
بنډه	non_verb	n. f.
بنډۍ	non_verb	b. f.
بنزی	non_verb	n. m.
بنسټ	non_verb	n. m.
بنسټ پال	non_verb	n. m. anim. unisex / adj.
بنسټ پالنه	non_verb	n. f.
بنسټګر	non_verb	n. m.
بنسټیز	non_verb	adj.
بنفشه	non_verb	n. f.
بنګ	non_verb	n. m. pl.
بنګړی	non_verb	adj.
بنګړی	non_verb	n. m.
بنګله دېش	non_verb	n. m.
بنګېدل	stative_compound_standard	v. intrans.
بني	non_verb	pref.
بنۍ	non_verb	n. f.
بني آدم	non_verb	n. m. anim. unisex / n. m. pl.
بنیاد	non_verb	n. m.
بنیادم	non_verb	n. m. anim. unisex / n. m. pl.
بنیادي	non_verb	adj.
بنیان	non_verb	n. m.
بنېره	non_verb	n. f.
بنین	non_verb	n. m.
بڼ	non_verb	n. m.
بڼ سات	non_verb	n. m.
بڼ سترګی	non_verb	adj.
بڼ وال	non_verb	n. m.
بڼکه	non_verb	n. f.
بڼکه	non_verb	n. f.
بڼکه	non_verb	n. f.
بڼه	non_verb	n. f.
بڼه	non_verb	n. f.
بڼول	regular_simple	v. trans.
بڼیا	non_verb	adj.
بڼیا کول	dynamic_compound	v. stat. comp. trans.
بڼیا کېدل	stative_compound_special	v. stat. comp. intrans.
بڼېدل	stative_compound_standard	v. intrans.
به	non_verb	part.
بهادر	non_verb	adj.
بهادري	non_verb	n. f.
بهار	non_verb	n. m.
بهاند	non_verb	adj.
بهانه	non_verb	n. f.
بهبود	non_verb	n. m. / adj.
بهبودي	non_verb	n. f.
بهتان	non_verb	n. m.
بهتر	non_verb	adj.
بهتري	non_verb	n. f.
بهترین	non_verb	adj.
بهر	non_verb	adj. / n. m.
بهر راوتل	non_verb	
بهر کول	dynamic_compound	v. stat. comp. trans.
بهر کېدل	stative_compound_special	v. stat. comp. intrans.
بهر ملک	non_verb	n. m.
بهر ملکی	non_verb	n. m. anim. unisex
بهر ملکي	non_verb	adj.
بهر وتل	non_verb	
بهرنی	non_verb	adj. / n. m. anim. unisex
بهره برداري	non_verb	n. f.
بهرول	regular_simple	v. stat. comp. trans.
بهشت	non_verb	n. m.
بهنه	non_verb	n. f.
بهنه	non_verb	n. f.
بهول	regular_simple	v. trans.
بهېدل	stative_compound_standard	v. intrans.
بهېدونکی	non_verb	adj.
بهیر	non_verb	n. m.
بهیر	non_verb	
بو	non_verb	pref.
بواسیر	non_verb	n. m. pl.
بوت	non_verb	n. m.
بوت پرست	non_verb	n. m. anim. unisex / adj.
بوت پرستي	non_verb	n. f.
بوتل	non_verb	n. m.
بوتلګی	non_verb	n. m.
بوتلل	transport	v. trans.
بوټ	non_verb	adj.
بوټ	non_verb	n. m.
بوټ تندی	regular_simple	n. m. / adv.
بوټی	non_verb	n. m.
بوج	non_verb	n. m.
بوجه	non_verb	n. f.
بوجۍ	non_verb	n. f.
بوځ	non_verb	adj.
بوڅ	non_verb	adj.
بوڅول	regular_simple	v. stat. comp. trans.
بوڅېدل	stative_compound_standard	v. stat. comp. intrans.
بوخت	non_verb	n. m.
بوختیا	non_verb	n. f.
بود	non_verb	adj.
بود	non_verb	n. m.
بود	non_verb	n. m.
بودایزم	non_verb	n. m.
بودجه	non_verb	n. f.
بوده	non_verb	n. f. anim.
بودول	regular_simple	v. stat. comp. trans.
بودېدل	stative_compound_standard	v. stat. comp. intrans.
بوډا	non_verb	n. m. anim. / adj.
بوډۍ	non_verb	n. f. anim. / adj. f.
بور	non_verb	n. m.
بور	non_verb	
بورا	non_verb	n. f.
بورجل	non_verb	n. m.
بورډ	non_verb	n. m.
بورس	non_verb	n. m.
بورس	non_verb	n. m.
بوره	non_verb	n. f. anim.
بوره	non_verb	n. f.
بورول	regular_simple	v. stat. comp. trans.
بورۍ	non_verb	n. f.
بورېدل	stative_compound_standard	v. stat. comp. intrans.
بوړبکۍ	non_verb	n. f.
بوړبوکۍ	non_verb	n. f.
بوړۍ	non_verb	n. f.
بوزه	non_verb	
بوږنوړی	non_verb	adj.
بوږنول	regular_simple	v. trans.
بوږنوونکی	non_verb	adj.
بوس	non_verb	n. m. pl.
بوس ورکول	regular_simple	v. dyn. comp. trans.
بوساړه	non_verb	n. f.
بوستان	non_verb	n. m.
بوسه	non_verb	adj.
بوسه	non_verb	n. f.
بوش	non_verb	n. m.
بوښ	non_verb	n. m.
بوښته	non_verb	n. f.
بوغاره	non_verb	n. f.
بوغه	non_verb	n. f.
بوغو	non_verb	n. m.
بوک	non_verb	adj.
بوک	non_verb	n. m.
بوکره	non_verb	n. f.
بوکه	non_verb	n. f.
بوکول	regular_simple	v. stat. comp. trans.
بوکېدل	stative_compound_standard	v. stat. comp. intrans.
بولټ	non_verb	n. m.
بوله	non_verb	n. f.
بوله	non_verb	n. m. anim. unisex / adj.
بولي	non_verb	n. m. pl.
بولي	non_verb	
بولۍ	non_verb	n. f.
بولي کول	dynamic_compound	v. dyn. comp. trans.
بوم	non_verb	adj.
بوم	non_verb	n. m.
بوم	non_verb	n. m.
بومي	non_verb	adj.
بونس	non_verb	n. m.
بونګېدل	stative_compound_standard	v. intrans.
بونیا	non_verb	adj.
بوڼېدل	stative_compound_standard	v. intrans.
بوی	non_verb	n. m.
بوی کښ	non_verb	adj.
بویناک	non_verb	adj.
بویول	regular_simple	v. trans.
بې	non_verb	pref.
بې اتفاقه	non_verb	adj.
بې اتفاقي	non_verb	n. f.
بې اتفاقي کول	dynamic_compound	v. dyn. comp. trans.
بې احتیاطه	non_verb	adj.
بې احتیاطي	non_verb	n. f.
بې ادب	non_verb	adj.
بې ادبه	non_verb	adj.
بې ادبي	non_verb	n. f.
بې ارامه	non_verb	adj.
بې ارامي	non_verb	n. f.
بې ازاره	non_verb	adj.
بې اصوله	non_verb	adj.
بې اعتمادي	non_verb	n. f.
بې انتها	non_verb	adj.
بې اندازې	non_verb	adj.
بې انډواله	non_verb	adj.
بې انصافه	non_verb	adj.
بې انصافي	non_verb	n. f.
بې اوازه	regular_simple	adj. / adv.
بې ایمانه	non_verb	adj.
بې باکه	non_verb	adj.
بې باوره	non_verb	adj.
بې برخې	non_verb	adj.
بې بنسټه	non_verb	adj.
بي بي	non_verb	n. f. anim. / suff.
بي بي حوا	non_verb	n. f. anim.
بې بیې	non_verb	adj.
بې پایښته	non_verb	adj.
بې پایه	non_verb	adj.
بې پتي	non_verb	n. f.
بې پتې	non_verb	adj.
بې پرته	non_verb	adj.
بې پردګي	non_verb	n. f.
بې پروا	non_verb	adj.
بې پروایي	non_verb	n. f.
بې پرې	non_verb	adj.
بې پلوه	non_verb	adj.
بې پلوي	non_verb	n. f.
بې تاب	non_verb	adj.
بې تابه	non_verb	adj.
بې تابي	non_verb	n. f.
بې ترتیب	regular_simple	adj. / adv.
بې ترتیبه	regular_simple	adj. / adv.
بې ترسه	non_verb	adj.
بې تعلیمه	non_verb	adj.
بې توقع	non_verb	
بې ثبات	non_verb	adj.
بې ثباتي	non_verb	n. f.
بې ثمره	non_verb	adj.
بې ځای	non_verb	adj.
بې ځایه	regular_simple	adj. / adv.
بې ځنډه	regular_simple	adv.
بې چارګي	non_verb	n. f.
بې چاره	non_verb	adj.
بې څوکه	non_verb	adj.
بې حد	regular_simple	adv.
بې حده	regular_simple	adv.
بې حرمتي	non_verb	n. f.
بې حس	non_verb	adj.
بې حس کول	dynamic_compound	v. stat. comp. trans.
بې حس کېدل	stative_compound_special	v. stat. comp. intrans.
بې حسابه	non_verb	
بې حسه	non_verb	adj.
بې حصي	non_verb	n. f.
بې حفاظته	non_verb	adj.
بې حکمرانه	regular_simple	adj. / adv.
بې حوصله	non_verb	n. f.
بې حیا	non_verb	adj.
بې خبري	non_verb	n. f.
بې خطرې	regular_simple	adj. / adv.
بې خوبي	non_verb	n. f.
بې خونده	non_verb	adj.
بې خیاله	non_verb	adj.
بې خیالي	non_verb	n. f.
بې داغه	non_verb	adj.
بې درنګه	regular_simple	adv.
بې دفاع	non_verb	adj.
بې دل	non_verb	adj.
بې دین	non_verb	adj.
بې دیني	non_verb	n. f.
بې ډبه	non_verb	adj.
بې ډوله	non_verb	adj.
بې رحمه	non_verb	adj.
بې رحمي	non_verb	n. f.
بې رخي	non_verb	n. f.
بې روزګاره	non_verb	adj.
بې روزګاري	non_verb	n. f.
بې ریا	non_verb	adj.
بې زړه	regular_simple	adj. / adv.
بې زړه کېدل	non_verb	
بې زیانه	non_verb	adj.
بې ساری	non_verb	adj.
بې ستره	non_verb	adj.
بې سده	non_verb	adj.
بې سده کېدل	stative_compound_special	v. stat. comp. intrans.
بې سرپرسته	non_verb	adj.
بې سره	non_verb	adj.
بې سره والی	non_verb	n. m.
بې سواده	non_verb	adj.
بې سېکه	non_verb	adj.
بې شبهه	regular_simple	adv.
بې شرم	non_verb	adj.
بې شرمه	non_verb	adj.
بې شرمي	non_verb	n. f.
بې شعوره	non_verb	adj.
بې شعوري	non_verb	n. f.
بې شک	regular_simple	adv.
بې شکه	regular_simple	adv.
بې شمېره	non_verb	
بې شناخته	non_verb	adj.
بې شیمې	non_verb	adj.
بې صبر	non_verb	adj.
بې صبره	non_verb	adj.
بې صبري	non_verb	n. f.
بې ضرره	non_verb	adj.
بې ضرورته	non_verb	adj.
بې طاقته	non_verb	adj.
بې طالع	non_verb	adj.
بې طرفه	non_verb	adj.
بې طریقې	non_verb	adj.
بې طور طریقې	non_verb	
بې عدالتي	non_verb	n. f.
بې عزته کول	non_verb	
بې عزتي	non_verb	n. f.
بې عقله	non_verb	adj.
بې عیب	non_verb	adj.
بې عیبه	non_verb	adj.
بې غرضه	non_verb	adj.
بې غشه	non_verb	adj.
بې غوري	non_verb	n. f.
بې غیرت	non_verb	adj.
بې غیرتي	non_verb	n. f.
بې فایدې	non_verb	adj.
بې فکره	non_verb	adj.
بې فکري	non_verb	n. f.
بې قاعده	non_verb	adj.
بې قاعدې	non_verb	adj.
بې قراره	non_verb	adj.
بې قراري	non_verb	n. f.
بې قصور	non_verb	adj.
بې قصوره	non_verb	adj.
بې کار	non_verb	adj.
بې کاره	non_verb	adj.
بې کبره	non_verb	adj.
بې کچې	non_verb	
بې کسه	non_verb	adj.
بې کسي	non_verb	n. f.
بې کفایتي	non_verb	n. f.
بې کوره	non_verb	adj.
بې ګټې	non_verb	adj.
بې ګناه	non_verb	adj.
بې ګناهي	non_verb	n. f.
بې لارې	non_verb	adj.
بې لارې کول	dynamic_compound	v. stat. comp. trans.
بې لارې کېدل	stative_compound_special	v. stat. comp. intrans.
بې لحاظ	non_verb	adj.
بې له ټاله	regular_simple	adv.
بې مانا	non_verb	adj.
بې مثاله	non_verb	adj.
بې معنیٰ	non_verb	adj.
بې معني	non_verb	adj.
بې معیاره	non_verb	adj.
بې مغزه	non_verb	n. m.
بې منع	non_verb	adj.
بې موجبه	non_verb	adj.
بې موراله	non_verb	adj.
بې موراله کول	dynamic_compound	v. stat. comp. trans.
بې موراله کېدل	stative_compound_special	v. stat. comp. intrans.
بې نام	non_verb	adj.
بې نزاکت	non_verb	n. m.
بې نشه	non_verb	adj.
بې نښه	non_verb	adj.
بې نصیبه	non_verb	adj.
بې نصیبي	non_verb	n. f.
بې نظمي	non_verb	n. f.
بې نظیر	non_verb	adj.
بې نظیره	non_verb	adj.
بې ننګي	non_verb	n. f.
بې نیاز	non_verb	adj.
بې نیازه	non_verb	adj.
بې هوشه	non_verb	adj.
بې هوشه کول	dynamic_compound	v. stat. comp. trans.
بې هوشه کېدل	stative_compound_special	v. stat. comp. intrans.
بې هوشي	non_verb	n. f.
بې واره	regular_simple	adv. / adj.
بې وټه	non_verb	adj.
بې وسلې	non_verb	adj.
بې وسه	non_verb	adj.
بې وسي	non_verb	n. f.
بې وفا	non_verb	adj.
بې وفایي	non_verb	n. f.
بې وقوف	non_verb	adj.
بې یقین	non_verb	adj.
بیا	regular_simple	adv.
بیا بیا	regular_simple	adv.
بیا کول	non_verb	
بیا هم	regular_simple	adv.
بیا ویل	non_verb	
بیابان	non_verb	n. m.
بیاتي	non_verb	n. f.
بیاتي چلول	regular_simple	v. dyn. comp. trans.
بیاځلي	regular_simple	adj. / adv.
بیارغاونه	non_verb	n. f.
بیالوژي	non_verb	n. f.
بیان	non_verb	n. m.
بیان	non_verb	n. m.
بیان کول	dynamic_compound	v. dyn. comp. trans.
بیانول	regular_simple	v. stat. comp. trans.
بیانوونکی	non_verb	n. m. anim. unisex
بیانېدل	stative_compound_standard	v. stat. comp. intrans.
بیانیه	non_verb	n. f.
بیاڼ	non_verb	n. m. anim. unisex
بیاهم	regular_simple	adv.
بېباکه	non_verb	adj.
بېپاري	non_verb	n. m.
بیت	non_verb	n. m.
بیت الخلا	non_verb	n. f.
بیت المال	non_verb	n. m.
بیټري	non_verb	n. f.
بېټک	non_verb	n. m.
بیجلي	non_verb	n. f.
بیجن	non_verb	n. m. anim. unisex / adj.
بېځایه	regular_simple	adj. / adv.
بېچارګي	non_verb	n. f.
بېچاره	non_verb	adj.
بېحاله	non_verb	adj.
بېخ	non_verb	n. m.
بېخ کني	non_verb	n. f.
بېخبندی	non_verb	n. m.
بېخوابي	non_verb	n. f.
بېخوده	non_verb	adj.
بېخونده	non_verb	adj.
بېخي	regular_simple	adv.
بیدار	non_verb	adj.
بیده	non_verb	adj.
بیدول	regular_simple	v. stat. comp. trans.
بېدیا	non_verb	n. f.
بیدېدل	stative_compound_standard	v. stat. comp. intrans.
بېډمنټن	non_verb	n. m.
بېډۍ	non_verb	n. f.
بیر	non_verb	n. m. pl.
بېران	non_verb	adj.
بېرانول	regular_simple	v. stat. comp. trans.
بېراني	non_verb	n. f.
بېرانېدل	stative_compound_standard	v. stat. comp. intrans.
بېرته	regular_simple	adv.
بېرته تګ	non_verb	n. m.
بیرغ	non_verb	n. m.
بېرل	non_verb	n. m.
بېره	non_verb	n. f.
بېره	non_verb	n. m.
بیروبار	non_verb	n. m.
بیروکراسي	non_verb	n. f.
بېرول	regular_simple	v. trans.
بیرون	non_verb	n. m. / adj.
بېرون	regular_simple	loc. adv.
بیروني	non_verb	adj.
بېروني	non_verb	adj.
بېرېدل	stative_compound_standard	v. intrans.
بېړا	non_verb	n. m. anim.
بېړکۍ	non_verb	n. f.
بېړنی	non_verb	adj.
بېړنی اکر	non_verb	n. m.
بېړه	non_verb	n. f.
بېړه کول	dynamic_compound	v. dyn. comp. trans.
بېړۍ	non_verb	n. f.
بېړۍ	non_verb	n. f.
بېزار	non_verb	adj.
بېزاره	non_verb	adj.
بېزاره کول	dynamic_compound	v. stat. comp. trans.
بېزاره کېدل	stative_compound_special	v. stat. comp. intrans.
بېزارول	regular_simple	v. stat. comp. trans.
بېزارېدل	stative_compound_standard	v. stat. comp. intrans.
بېزه	non_verb	n. f.
بیزو	non_verb	n. f. anim.
بېزو	non_verb	n. f. anim.
بیزوګی	non_verb	n. m.
بېزوګی	non_verb	n. m.
بېسده	non_verb	adj.
بېسده کېدل	stative_compound_special	v. stat. comp. intrans.
بېسدول	regular_simple	v. stat. comp. trans.
بېسدي	non_verb	n. f.
بېسواده	non_verb	adj.
بېسوادي	non_verb	adj.
بېسیم	non_verb	adj.
بېطرفي	non_verb	n. f.
بیع	non_verb	n. f.
بیعانه	non_verb	n. f.
بېعدالتي	non_verb	n. f.
بېعقل	non_verb	adj.
بیعه	non_verb	n. f.
بیعه کول	non_verb	
بېغمه	non_verb	adj.
بېکار	non_verb	adj.
بېکاري	non_verb	n. f.
بیکري	non_verb	n. f.
بېګا	regular_simple	adv.
بېګاته	regular_simple	adv.
بېګار	non_verb	adj.
بېګار	non_verb	n. m.
بېګانه	non_verb	adj.
بېګانی	non_verb	adj.
بېګړا	non_verb	adj.
بیګل	non_verb	n. m.
بېګنا	non_verb	adj.
بېګناه	non_verb	adj.
بېل	non_verb	adj.
بېل	non_verb	n. m.
بېلابېل	non_verb	adj.
بېلتون	non_verb	n. m.
بېلتونپال	non_verb	adj. / n. m. anim. unisex
بېلتیه	non_verb	n. f.
بېلچه	non_verb	n. f.
بېلچه وهل	dynamic_compound	v. dyn. comp. trans.
بېلچۍ	non_verb	n. f.
بېلر	non_verb	n. m.
بېلګه	non_verb	n. f.
بېلنی	non_verb	n. m.
بېله	non_verb	n. f.
بېله	non_verb	n. f.
بېلول	regular_simple	v. stat. comp. trans.
بېلونګړی	non_verb	n. m. anim.
بېلېدل	stative_compound_standard	v. stat. comp. intrans.
بیم	non_verb	n. m.
بیمار	non_verb	adj.
بیماري	non_verb	n. f.
بیمه	non_verb	n. f.
بیمه کول	dynamic_compound	v. stat. comp. trans.
بیمه کېدل	stative_compound_special	v. stat. comp. intrans.
بین	non_verb	n. m.
بین	non_verb	n. m.
بین الاقوامي	non_verb	adj.
بین المللي	non_verb	adj.
بین النحرین	non_verb	n. m.
بینا	non_verb	adj.
بینچ	non_verb	n. m.
بېنډ	non_verb	n. m.
بینډۍ	non_verb	n. f.
بینر	non_verb	n. m.
بینکر	non_verb	n. m. anim. unisex
بینه	non_verb	n. f.
بیه	non_verb	n. f.
بیه جوړول	regular_simple	v. dyn. comp. trans.
بیه کول	dynamic_compound	v. dyn. comp. trans.
بېهو	non_verb	adj.
بېهو کول	dynamic_compound	v. stat. comp. trans.
بېهو کېدل	stative_compound_special	v. stat. comp. intrans.
بېهوده	regular_simple	adv. / adj.
بېهوش	non_verb	adj.
بېهوشه	non_verb	adj.
بېواک غږ	non_verb	n. m.
بیوټي پارلر	non_verb	n. m.
بېوزله	non_verb	adj.
بېوزلي	non_verb	n. f.
بېوقوف	non_verb	adj.
بیول	regular_simple	v. trans.
بېول	regular_simple	v. trans.
بېول	regular_simple	v. trans.
بیولوژي	non_verb	n. f.
بېوه	non_verb	n. f. anim.
بیېدل	stative_compound_standard	v. intrans.
پابند	non_verb	adj.
پابندول	regular_simple	v. stat. comp. trans.
پابندي	non_verb	n. f.
پابندېدل	stative_compound_standard	v. stat. comp. intrans.
پاپ	non_verb	n. m. anim.
پاپایا	non_verb	n. f.
پاته	non_verb	adj.
پاته	non_verb	n. f.
پاته راتلل	non_verb	
پاته کېدل	stative_compound_special	v. stat. comp. intrans.
پاتې	non_verb	adj.
پاتې راتلل	non_verb	
پاتي شوني	non_verb	n. f.
پاتې کول	dynamic_compound	v. stat. comp. trans.
پاتې کېدل	stative_compound_special	v. stat. comp. intrans.
پاتېدل	stative_compound_standard	v. stat. comp. intrans.
پاټک	non_verb	n. m.
پاچا	non_verb	n. m.
پاچاهي	non_verb	n. f.
پاچایي	non_verb	n. f.
پاچه	non_verb	n. m.
پاچهي	non_verb	n. f.
پاڅول	regular_simple	v. trans.
پاڅون	non_verb	n. m.
پاڅېدل	stative_compound_standard	v. intrans.
پاداش	non_verb	n. m.
پادري	non_verb	n. m. anim. unisex
پادزهر	non_verb	n. m.
پادشاه	non_verb	n. m. anim.
پادشاهي	non_verb	n. f. / adj.
پاده	non_verb	n. f.
پاډه	non_verb	n. f.
پار	non_verb	n. m.
پارچنګی	non_verb	n. m.
پارک	non_verb	n. m.
پارکېنسن	non_verb	n. m.
پارلمان	non_verb	n. m.
پارلماني	non_verb	n. f.
پارو	non_verb	n. m.
پارو وهل	dynamic_compound	v. dyn. comp. trans.
پارول	regular_simple	v. trans.
پاروونکی	non_verb	adj.
پارویی	non_verb	n. m.
پارېدل	stative_compound_standard	v. intrans.
پاریس	non_verb	n. m.
پاړسوب	non_verb	n. m.
پاړسي	non_verb	n. f.
پاړکی	non_verb	n. m.
پاړه	non_verb	n. f.
پاز دودی	non_verb	adj.
پازاب	non_verb	
پازه	non_verb	n. f.
پازوال	non_verb	adj. / n. m. anim. unisex
پاس	regular_simple	loc. adv.
پاسپورټ	non_verb	n. m.
پاستی	non_verb	n. m.
پاسره ګر	non_verb	n. m.
پاسنی	non_verb	adj.
پاشتقې	non_verb	n. f. pl.
پاشل	regular_simple	v. trans.
پاشل کېدل	stative_compound_special	v. intrans.
پاغونده	non_verb	n. f.
پاک	non_verb	adj.
پاک نفس	non_verb	adj.
پاکترین	non_verb	adj.
پاکټ	non_verb	n. m.
پاکزړی	non_verb	adj.
پاکستان	non_verb	n. m.
پاکستانی	non_verb	n. m. anim. unisex
پاکنفسي	non_verb	n. f.
پاکوالی	non_verb	n. m.
پاکوالي	non_verb	n. f.
پاکول	regular_simple	v. stat. comp. trans.
پاکوونکی	non_verb	adj.
پاکي	non_verb	n. f.
پاکېدل	stative_compound_standard	v. stat. comp. intrans.
پاکیزګي	non_verb	n. f.
پاګل	non_verb	adj.
پاګلتوب	non_verb	n. m.
پال	non_verb	n. m.
پال	non_verb	suff.
پال کول	dynamic_compound	v. dyn. comp. trans.
پالش	non_verb	n. m.
پالش کول	dynamic_compound	v. stat. comp. trans.
پالش کېدل	stative_compound_special	v. stat. comp. intrans.
پالک	non_verb	n. m. pl.
پالل	regular_simple	v. trans.
پالنځی	non_verb	n. m.
پالنګ	non_verb	n. m.
پالنه	non_verb	n. f.
پالنه کول	dynamic_compound	v. dyn. comp. trans.
پالون	non_verb	n. m.
پالونکی	non_verb	n. m. anim. unisex
پالوونکی	non_verb	n. m. anim. unisex
پالېز	non_verb	n. m.
پام	non_verb	n. m.
پاملرنه	non_verb	n. f.
پاموړ	non_verb	adj.
پامیر	non_verb	n. m.
پانډه	non_verb	n. f.
پانزیب	non_verb	n. m.
پانسمان	non_verb	n. m.
پانګه	non_verb	n. f.
پانګوال	non_verb	n. m. anim. unisex
پانګوالي	non_verb	n. f.
پانګونه	non_verb	n. f.
پانه	non_verb	n. f.
پانه ورکول	regular_simple	v. dyn. comp. trans.
پانوس	non_verb	n. m.
پاڼ	non_verb	n. m.
پاڼ رېژ	non_verb	n. m.
پاڼه	non_verb	n. f.
پاهه	non_verb	n. f.
پاو	non_verb	n. m.
پاوتلی	non_verb	n. m.
پای	non_verb	n. m.
پای ته رسول	regular_simple	v. trans.
پای ټکی	non_verb	n. m.
پایپ	non_verb	n. m.
پایتخت	non_verb	n. m.
پایچه	non_verb	n. f.
پایڅه	non_verb	n. f.
پایڅه	non_verb	n. f.
پایدار	non_verb	adj.
پایښت	non_verb	n. m.
پایګاه	non_verb	n. f.
پایل	non_verb	n. m.
پایل	non_verb	n. m.
پایله	non_verb	n. f.
پایلوبه	non_verb	n. f.
پایمال	non_verb	adj.
پایمالول	regular_simple	v. stat. comp. trans.
پایمالي	non_verb	n. f.
پایمالېدل	stative_compound_standard	v. stat. comp. intrans.
پایه	non_verb	n. f.
پایېدل	non_verb	
پپړ	non_verb	adj.
پپیته	non_verb	n. f.
پت	non_verb	n. m.
پت پرست	non_verb	n. m. anim. unisex / adj.
پتاسه	non_verb	n. f.
پتاو	non_verb	n. m.
پتاوی	non_verb	n. m.
پترکی	non_verb	n. m.
پتری	non_verb	n. m.
پتری کول	dynamic_compound	v. stat. comp. trans.
پتک	non_verb	n. m.
پتلون	non_verb	n. m.
پتلون پوش	non_verb	adj.
پتنګ	non_verb	n. m. anim.
پتنوس	non_verb	n. m.
پته	non_verb	adj.
پته لګول	regular_simple	v. dyn. comp. trans.
پته لګېدل	non_verb	
پته لګېدل	non_verb	
پتون	non_verb	n. m.
پتي	non_verb	n. m. pl.
پتیر	non_verb	adj.
پتېیل	regular_simple	v. trans.
پټ	non_verb	adj.
پټ پټونی	non_verb	n. m.
پټاټه	non_verb	n. f.
پټاټې	non_verb	n. f. pl.
پټاخه	non_verb	n. f.
پټاره	non_verb	n. f.
پټاکی	non_verb	adj.
پټاکی	non_verb	n. m.
پټان	non_verb	
پټاو	non_verb	n. m.
پټکه	non_verb	n. f.
پټکه	non_verb	n. f.
پټکه	non_verb	n. f.
پټکه	non_verb	n. f.
پټکی	non_verb	n. m.
پټلۍ	non_verb	n. f.
پټنځی	non_verb	n. m.
پټه	non_verb	n. f.
پټه	non_verb	n. f.
پټو	non_verb	n. m.
پټول	regular_simple	v. stat. comp. trans.
پټی	non_verb	n. m.
پټۍ	non_verb	n. f.
پټي پالا	non_verb	adj.
پټېدل	stative_compound_standard	v. stat. comp. intrans.
پجه وال	non_verb	n. m. anim. unisex
پچه	non_verb	n. f.
پچه	non_verb	n. f.
پچه	non_verb	n. f.
پچه اچول	regular_simple	v. dyn. comp. trans.
پڅ	non_verb	adj.
پڅول	regular_simple	v. stat. comp. trans.
پڅېدل	stative_compound_standard	v. stat. comp. intrans.
پخ	non_verb	n. .m
پخ	non_verb	n. m.
پخپل	regular_simple	adv.
پخپله	regular_simple	adv.
پختکه	non_verb	n. f. anim.
پخته	non_verb	n. f.
پخسېدل	stative_compound_standard	v. intrans.
پخلا	non_verb	adj.
پخلا کول	dynamic_compound	v. stat. comp. trans.
پخلا کېدل	stative_compound_special	v. stat. comp. intrans.
پخلاینه	non_verb	n. f.
پخلنځی	non_verb	n. m.
پخلی	non_verb	n. m.
پخلی کول	dynamic_compound	v. dyn. comp. trans.
پخن	non_verb	adj. / n. m. pl.
پخن	non_verb	n. m.
پخڼول	regular_simple	v. trans.
پخوا	regular_simple	adv.
پخوا نه	regular_simple	adv.
پخوالی	non_verb	n. m.
پخوانی	non_verb	adj.
پخوانی توب	non_verb	n. m.
پخوړول	regular_simple	v. trans.
پخول	regular_simple	v. stat. comp. trans.
پخی	non_verb	adj.
پخېدل	stative_compound_standard	v. stat. comp. intrans.
پدل	non_verb	n. m.
پدل ور ماتول	non_verb	
پدیده	non_verb	n. f.
پذیر	non_verb	suff.
پر	non_verb	n. m.
پر	non_verb	prep.
پر اعتماد	non_verb	adj.
پر اعتماده	non_verb	adj.
پر امید	non_verb	adj.
پر نفس اعتماد	non_verb	n. m.
پراخ	non_verb	adj.
پراخ ټنډی	non_verb	adj.
پراختیا	non_verb	n. f.
پراخه	non_verb	adj.
پراخول	regular_simple	v. stat. comp. trans.
پراخېدل	stative_compound_standard	v. stat. comp. intrans.
پرار	non_verb	n. m.
پراشوټ	non_verb	n. m.
پرانستل	regular_simple	v. trans.
پرانیستل	regular_simple	v. trans.
پرپرکی	non_verb	n. m.
پرت	non_verb	adj.
پرت	non_verb	adj.
پرتاو	non_verb	n. m.
پرتګ	non_verb	n. m.
پرتله	non_verb	n. f.
پرتله کول	dynamic_compound	v. stat. comp. trans.
پرتلیز	non_verb	adj.
پرتلېز	non_verb	adj.
پرته	non_verb	adj.
پرته	non_verb	
پرته له دې	non_verb	
پرته ورته	non_verb	
پرتوغاښ	non_verb	n. m.
پرتوګ	non_verb	n. m.
پرتوګ ایستل	regular_simple	v. dyn. comp. trans.
پرتوګاښ	non_verb	n. m.
پرځول	regular_simple	v. trans.
پرځېدل	stative_compound_standard	v. intrans.
پرچل	non_verb	adj.
پرچل	regular_simple	v. gramm. trans.
پرچم	non_verb	n. m.
پرچه	non_verb	n. f.
پرچېدل	stative_compound_standard	v. intrans.
پرخم	non_verb	n. m.
پرخه	non_verb	n. f.
پرداز	non_verb	n. m.
پرده	non_verb	n. f.
پرده کول	dynamic_compound	v. dyn. comp. trans.
پردی	non_verb	adj.
پردي لوبول	non_verb	
پرزه	non_verb	n. f.
پرزول	regular_simple	v. trans.
پرزې کول	non_verb	
پرزېدل	stative_compound_standard	v. intrans.
پرسونل	non_verb	n. m. pl.
پرش	non_verb	n. m.
پرش کول	dynamic_compound	v. dyn. comp. trans.
پرشهار	non_verb	n. m.
پرشېدل	stative_compound_standard	v. intrans.
پرښته	non_verb	n. f. anim.
پرښه	non_verb	n. f.
پرضد	regular_simple	adv.
پرک	non_verb	n. m.
پرکار	non_verb	adj.
پرکار	non_verb	adj.
پرکال	non_verb	adj.
پرکال	non_verb	n. m.
پرکالول	regular_simple	v. stat. comp. trans.
پرکالېدل	stative_compound_standard	v. stat. comp. intrans.
پرکټی	non_verb	n. m.
پرکټۍ	non_verb	n. f.
پرګنه	non_verb	n. f.
پرګی	non_verb	n. m.
پرلپسې	regular_simple	adv.
پرلت	non_verb	n. m.
پرلترۍ	non_verb	n. f.
پرلترۍ وهل	dynamic_compound	v. dyn. comp. trans.
پرلتوال	non_verb	n. m. anim. unisex
پرله پسې	regular_simple	adv.
پرلیکه	non_verb	adj.
پرمختګ	non_verb	n. m.
پرمختللی	non_verb	adj.
پرمختیا	non_verb	n. f.
پرمخیون	non_verb	n. m.
پرمهال	regular_simple	adv.
پرمېټ	non_verb	n. m.
پرنا	non_verb	n. f.
پرنا	non_verb	n. f.
پرنټر	non_verb	n. m.
پرنجل	regular_simple	v. gramm. trans.
پرنجی	non_verb	n. m.
پرنجېدل	stative_compound_standard	v. intrans.
پرنجېدل	non_verb	
پرنډ	non_verb	n. m.
پرنسپل	non_verb	n. m. anim. unisex
پرنګ	non_verb	n. m.
پرنګی	non_verb	n. m. unisex / adj.
پره	non_verb	n. f.
پرهار	non_verb	n. m.
پرهار	non_verb	n. m.
پرهار	non_verb	n. m.
پرهر	non_verb	n. m.
پرهیز	non_verb	n. m.
پرهېز	non_verb	n. m.
پرهیز کول	dynamic_compound	v. dyn. comp. trans.
پرهېز کول	dynamic_compound	v. dyn. comp. trans.
پرهیزګار	non_verb	adj. / n. m. anim. unisex
پرهېزګار	non_verb	adj. / n. m. anim. unisex
پرهېزګاري	non_verb	n. f.
پروا	non_verb	n. f.
پروا کول	dynamic_compound	v. dyn. comp. trans.
پرواه	non_verb	n. f.
پروت	non_verb	adj.
پروټین	non_verb	n. m.
پروډیوسر	non_verb	n. m. anim. unisex
پروردګار	non_verb	n. m. anim.
پروړ	non_verb	n. m. pl.
پروژه	non_verb	n. f.
پروستات	non_verb	n. m.
پروسږکال	regular_simple	adv.
پروسکال	non_verb	
پروسه	non_verb	n. f.
پروسه کال	regular_simple	adv.
پروفسر	non_verb	n. m. anim. unisex
پروفیسر	non_verb	n. m. anim. unisex
پروګرام	non_verb	n. m.
پرولل	regular_simple	v. trans.
پرون	regular_simple	adv.
پري	non_verb	n. f.
پرې	non_verb	adj.
پرې	regular_simple	adv.
پرې	non_verb	pref.
پرې کول	dynamic_compound	v. stat. comp. trans.
پرې کېدل	stative_compound_special	v. stat. comp. intrans.
پریانه	non_verb	n. f. anim.
پریړ	non_verb	adj.
پریړول	regular_simple	v. stat. comp. trans.
پریړېدل	stative_compound_standard	v. stat. comp. intrans.
پرېږه	non_verb	n. f.
پرېس	non_verb	n. m.
پرېش	non_verb	adj.
پرېشان	non_verb	adj.
پرېشانه	non_verb	adj.
پرېشانه کول	dynamic_compound	v. stat. comp. trans.
پرېشانه کېدل	stative_compound_special	v. stat. comp. intrans.
پرېشانول	regular_simple	v. stat. comp. trans.
پرېشاني	non_verb	n. f.
پرېشانېدل	stative_compound_standard	v. stat. comp. intrans.
پرېښودل	split_stem	v. trans.
پرېښول	regular_simple	v. trans.
پرېښوول	regular_simple	v. trans.
پریکړه	non_verb	n. f.
پرېکړه	non_verb	n. f.
پرېکړه کول	dynamic_compound	v. dyn. comp. trans.
پرېکنده	non_verb	adj.
پرېکون	non_verb	n. m.
پرېکونی	non_verb	adj.
پرېمان	non_verb	adj.
پرېمان	non_verb	n. m.
پریمانه	non_verb	adj.
پرېمانه	non_verb	adj.
پرېماني	non_verb	n. f.
پرېواته	non_verb	n. m.
پرېوان	non_verb	adj.
پرېوان	non_verb	n. m.
پرېوانه	non_verb	adj.
پرېوتل	regular_simple	v. intrans.
پرېول	regular_simple	v. trans.
پرېیستل	non_verb	
پړ	non_verb	adj.
پړ	non_verb	n. m.
پړ	non_verb	suff.
پړاکی	non_verb	n. m. anim. unisex / adj.
پړانګ	non_verb	n. m.
پړانګ پیش	non_verb	n. m.
پړانګه	non_verb	n. f.
پړاو	non_verb	n. m.
پړده	non_verb	n. f.
پړسمن	non_verb	adj.
پړسوب	non_verb	n. m.
پړسول	regular_simple	v. trans.
پړسېدل	stative_compound_standard	v. intrans.
پړسېدلی	non_verb	adj.
پړقېدل	stative_compound_standard	v. intrans.
پړک	non_verb	n. m.
پړک	non_verb	n. m.
پړک	non_verb	n. m.
پړک خوړل	regular_simple	v. dyn. comp. trans.
پړک وهل	dynamic_compound	v. dyn. comp. trans.
پړکندی	non_verb	adj.
پړکه	non_verb	n. f.
پړکول	regular_simple	v. trans.
پړکی	non_verb	n. m.
پړکېدل	stative_compound_standard	v. intrans.
پړکېدل	stative_compound_standard	v. intrans.
پړمخ	regular_simple	adv.
پړمخې	regular_simple	adv.
پړنګی	non_verb	n. m. anim. unisex
پړه	non_verb	n. f.
پړونی	non_verb	n. m.
پړی	non_verb	n. m.
پړی غښتل	regular_simple	v. dyn. comp. trans.
پړیم	non_verb	n. m.
پز پرېکړی	non_verb	n. m. anim. unisex / adj.
پزه	non_verb	n. f.
پزوهل	non_verb	
پژواک	non_verb	n. m.
پس	regular_simple	adv.
پس	non_verb	
پس انداز	non_verb	n. m.
پس انداز کول	dynamic_compound	v. dyn. comp. trans.
پس پا	non_verb	adj.
پس پا کېدل	stative_compound_special	v. stat. comp. intrans.
پس پرده	non_verb	adj.
پس پس	non_verb	n. m.
پس پس کول	dynamic_compound	v. dyn. comp. trans.
پس پسی	non_verb	n. m.
پس خورده	non_verb	n. f.
پس صبا	regular_simple	adv.
پس مانده	non_verb	adj.
پساو	non_verb	adj.
پساو	non_verb	n. m.
پست	non_verb	adj.
پسته	regular_simple	adv.
پسته	non_verb	n. f.
پستول	regular_simple	v. stat. comp. trans.
پستول	regular_simple	v. stat. comp. trans.
پستي	non_verb	adj.
پستي	non_verb	n. f.
پستېدل	stative_compound_standard	v. stat. comp. intrans.
پسخند	non_verb	n. m.
پسخول	regular_simple	v. intrans.
پسخېدل	stative_compound_standard	v. trans.
پسرلی	non_verb	n. m.
پسرول	regular_simple	v. stat. comp. trans.
پسکۍ	non_verb	n. f.
پسمانده	non_verb	adj.
پسمنظر	non_verb	n. m.
پسند	non_verb	adj.
پسه	regular_simple	adv.
پسه	non_verb	n. m.
پسور	non_verb	n. m.
پسولول	regular_simple	v. trans.
پسولول	regular_simple	v. trans.
پسی	non_verb	n. m.
پسي	non_verb	adj.
پسې	regular_simple	loc. adv.
پسې کېدل	stative_compound_special	v. stat. comp. intrans.
پسېدل	stative_compound_standard	v. intrans.
پسیکولوژي	non_verb	n. f.
پشت	non_verb	n. m.
پشتم	non_verb	n. m.
پشتي	non_verb	n. f.
پشکال	non_verb	n. m.
پشم	non_verb	n. m.
پشم	non_verb	n. m.
پشم	non_verb	n. m. / n. m. pl.
پشه	non_verb	n. f.
پشه بند	non_verb	n. m.
پښ	non_verb	n. m. anim. unisex
پښت	non_verb	n. m.
پښت	non_verb	n. m.
پښت	non_verb	n. m.
پښتني	non_verb	adj.
پښته	non_verb	n. f.
پښته	non_verb	n. f.
پښتو	non_verb	n. f.
پښتورګی	non_verb	n. m.
پښتون	non_verb	n. m. anim. unisex / adj.
پښتونخوا	non_verb	n. f.
پښتونولي	non_verb	n. f.
پښتۍ	non_verb	n. f.
پښکی	non_verb	
پښندی	non_verb	n. m.
پښه	non_verb	n. f.
پښویه	non_verb	n. f.
پښې ویستل	non_verb	
پښېمانتیا	non_verb	n. f.
پښېمانه	non_verb	adj.
پښېمانه کول	dynamic_compound	v. stat. comp. trans.
پښېمانه کېدل	stative_compound_special	v. stat. comp. intrans.
پښېماني	non_verb	n. f.
پک	non_verb	adj.
پکار	non_verb	
پکښې	regular_simple	adv.
پکه باښه	non_verb	
پکو	non_verb	
پکوړ	non_verb	n. m.
پکوړه	non_verb	n. f.
پکول	non_verb	n. m.
پکی	non_verb	n. m.
پکې	regular_simple	adv.
پکېدل	stative_compound_standard	v. stat. comp. intrans.
پګړی	non_verb	n. m.
پګړۍ	non_verb	n. f.
پل	non_verb	n. m.
پل	non_verb	n. m.
پل تګ	non_verb	adj.
پلا	non_verb	n. f.
پلار	non_verb	n. m. anim. fam.
پلار نیکه	non_verb	n. m. pl.
پلارواک	non_verb	adj.
پلارواکي	non_verb	n. f.
پلازمېنه	non_verb	n. f.
پلاستیک	non_verb	n. m.
پلاسنتا	non_verb	n. f.
پلان	non_verb	n. m.
پلانکی	non_verb	adj. / n. m. anim. unisex
پلانول	regular_simple	v. stat. comp. trans.
پلانی	non_verb	adj. / n. m. anim. unisex
پلانېدل	stative_compound_standard	v. stat. comp. intrans.
پلاو	non_verb	n. m.
پلاوی	non_verb	n. m.
پلت	non_verb	n. m.
پلترۍ	non_verb	n. f.
پلترۍ وهل	dynamic_compound	v. dyn. comp. trans.
پلته	non_verb	n. f.
پلتۍ	non_verb	n. f.
پلټل	regular_simple	v. trans.
پلټنه	non_verb	n. f.
پلټونکی	non_verb	n. m. anim. unisex
پلچک	non_verb	n. m.
پلرنی	non_verb	adj.
پلشته	non_verb	n. f. anim.
پلغټ	non_verb	n. m.
پلګ	non_verb	n. m.
پلمه	non_verb	n. f.
پلن	non_verb	adj.
پلن پاڼی	non_verb	n. m.
پلن سری	non_verb	n. m. anim. unisex
پلندر	non_verb	n. m. anim.
پلنګ	non_verb	n. m.
پلنوالی	non_verb	n. m.
پلنول	regular_simple	v. stat. comp. trans.
پلنېدل	stative_compound_standard	v. stat. comp. intrans.
پله	non_verb	n. f.
پله	non_verb	n. f.
پله	non_verb	n. m.
پله پوري	non_verb	adj.
پلو	non_verb	n. m.
پلور	non_verb	n. m.
پلورتوکي	non_verb	n. m. pl.
پلورتون	non_verb	n. m.
پلورل	regular_simple	v. trans.
پلورنځی	non_verb	n. m.
پلورنه	non_verb	n. f.
پلوشه	non_verb	n. f.
پلول	regular_simple	v. trans.
پلول	regular_simple	v. trans.
پلولی	non_verb	adj.
پلوی	non_verb	n. m. anim. unisex
پلوي	non_verb	adj.
پلوي	non_verb	n. f.
پلوي کول	dynamic_compound	v. dyn. comp. trans.
پلی	non_verb	adj. / n. m. anim. unisex
پلې	non_verb	adj.
پلی پوځ	non_verb	n. m.
پلی سرتېر	non_verb	n. m. anim. unisex
پلې کول	dynamic_compound	v. stat. comp. trans.
پلې کېدل	stative_compound_special	v. stat. comp. intrans.
پلیت	non_verb	adj.
پلیته	non_verb	n. f.
پلیتول	regular_simple	v. stat. comp. trans.
پلیتي	non_verb	n. f.
پلیتېدل	stative_compound_standard	v. stat. comp. intrans.
پم	non_verb	n. m.
پمپ	non_verb	n. m.
پمپ وهل	dynamic_compound	v. dyn. comp. trans.
پمن کوړ	non_verb	n. m.
پمنه	non_verb	n. f.
پنا	non_verb	n. f.
پناګاه	non_verb	n. f.
پناه	non_verb	n. f.
پناه اړول	regular_simple	v. dyn. comp. trans.
پناه کول	dynamic_compound	v. stat. comp. trans.
پناه کېدل	stative_compound_special	v. stat. comp. intrans.
پناه ګاه	non_verb	n. f.
پناه ګزین	non_verb	n. m. anim. unisex
پناه ورکول	regular_simple	v. dyn. comp. trans.
پناه وړل	regular_simple	v. dyn. comp. trans.
پناهي	non_verb	n. f.
پنبه	non_verb	n. f.
پنج غشی	non_verb	n. m.
پنجاب	non_verb	n. m.
پنجره	non_verb	n. f.
پنجشنبه	non_verb	n. f.
پنجه	non_verb	n. f.
پنځلس	non_verb	num.
پنځلس ورځنی	regular_simple	adv. / n. m.
پنځلسم	non_verb	adj.
پنځم	non_verb	adj.
پنځه	non_verb	num.
پنځه ویشت	non_verb	num.
پنځوس	non_verb	num.
پنځوسم	non_verb	adj.
پنځول	regular_simple	v. trans.
پنځول	regular_simple	v. trans.
پنځېدل	stative_compound_standard	v. intrans.
پنچر	non_verb	n. m.
پند	non_verb	n. m.
پنډ	non_verb	adj.
پنډ	non_verb	n. m.
پنډ	non_verb	n. m.
پنډ	non_verb	n. m.
پنډ	non_verb	n. m. / adj.
پنډال	non_verb	n. m.
پنډغالی	non_verb	n. m.
پنډکۍ	non_verb	n. f.
پنډه	non_verb	n. f.
پنډه	non_verb	n. f.
پنډوس	non_verb	n. m.
پنډون	non_verb	n. m.
پنډی	non_verb	n. m. anim. unisex
پنډي	non_verb	n. m. anim. unisex
پنډۍ	non_verb	n. f.
پنډۍ	non_verb	n. f.
پنسل	non_verb	n. m.
پنکه	non_verb	n. f.
پنګی	non_verb	n. m.
پنیر	non_verb	n. m. pl.
پنېر	non_verb	n. m. pl.
پنیرمایه	non_verb	n. f.
پڼ	non_verb	adj.
پڼه	non_verb	n. f.
پڼه	non_verb	n. f.
په	non_verb	adpos.
په ... سره	non_verb	sand.
په اخیر کې	regular_simple	adv.
په ارام	regular_simple	adv.
په ارام سره	regular_simple	adv.
په اړه	non_verb	supp.
په اسانۍ سره	regular_simple	adv.
په امن	regular_simple	adj. / adv.
په انصاف سره	regular_simple	adv.
په اول ځل	regular_simple	adv.
په ایماندارۍ سره	regular_simple	adv.
په باب کې	non_verb	supp.
په بابت کې	non_verb	supp.
په باپ	non_verb	supp.
په باره	non_verb	supp.
په باره کې	non_verb	supp.
په بارې کې	non_verb	supp.
په بدو سترګو کتل	non_verb	
په بډه ویل	non_verb	
په بشپړه توګه	regular_simple	adv.
په بنیادي طور باندې	regular_simple	adv.
په بیعه اخیستل	non_verb	
په بیه اخیستل	non_verb	
په تدریجي ډول	regular_simple	adv.
په ترڅ	regular_simple	adv.
په ترڅ کې	regular_simple	adv.
په تمه	non_verb	adj.
په تمه کول	dynamic_compound	v. stat. comp. trans.
په تمه کېدل	stative_compound_special	v. stat. comp. intrans.
په توګه	regular_simple	adv.
په تېره بیا	regular_simple	adv.
په ټینګه	regular_simple	adv.
په جلتۍ	regular_simple	adv.
په جمعه	regular_simple	adv.
په جمه	regular_simple	adv.
په جڼه جڼه	regular_simple	adv.
په ځان باور	non_verb	n. m.
په ځان بسیا	non_verb	adj.
په ځان ضبط لرل	regular_simple	v. dyn. comp. trans.
په ځان قابو	non_verb	n. f.
په ځای	regular_simple	adv.
په چپه	regular_simple	adv.
په چپه پښه	regular_simple	adv.
په چکر وتل	non_verb	
په چیغو ژړل	non_verb	
په څرګند ډول	regular_simple	adv.
په څه چل	regular_simple	adv.
په څه طریقه	regular_simple	adv.
په څو	non_verb	
په څېر	regular_simple	adv.
په حق رسېدل	non_verb	
په حقیقت کې	regular_simple	adv.
په خاطر	regular_simple	adv.
په خپله	regular_simple	adv.
په خصوصي توګه	regular_simple	adv.
په خطره کې اچول	non_verb	
په خلاص مټ	regular_simple	adv.
په خلاصه	regular_simple	adv.
په خلوص سره	regular_simple	adv.
په خوا کې	non_verb	
په خوشحالۍ	regular_simple	adv.
په خوښه	regular_simple	adv.
په خېټه تلل	non_verb	
په خیر راغلې	non_verb	
په خیر راغلئ	non_verb	
په داوطلب ډول	regular_simple	adv.
په دو اچول	non_verb	
په دې خاطر	regular_simple	adv.
په دې سبب	non_verb	
په دې وجه	regular_simple	adv.
په ډاګه	regular_simple	adv.
په ډاګه کول	non_verb	
په ذاتي طور	regular_simple	adv.
په رښتیا	regular_simple	adv.
په زبردستي	regular_simple	adv.
په زبردستۍ	non_verb	
په زړه پوری	non_verb	adj.
په زړه خیرن	non_verb	adj.
په زغرده وایل	non_verb	
په زور	regular_simple	adv.
په زوره	regular_simple	adv.
په سختۍ سره	regular_simple	adv.
په سد	non_verb	adj.
په سد کېدل	stative_compound_special	v. stat. comp. intrans.
په سر	non_verb	adj.
په سولۍ کول	non_verb	
په سینه تلل	non_verb	
په شا کېدل	non_verb	
په شریکه	regular_simple	adj. / adv.
په شوق سره	regular_simple	adv.
په ښکاره ډول	regular_simple	adv.
په صحیح طریقې سره	regular_simple	adv.
په طبیعت	regular_simple	adv.
په غلطه لار اړول	non_verb	
په غلطه لار اوښتل	non_verb	
په غلطۍ سره	regular_simple	adv.
په غور	regular_simple	adv.
په غوږونو دروندوالی	non_verb	n. m.
په غېږ اخیستل	non_verb	
په قصد	regular_simple	adv.
په قلاره	regular_simple	adv.
په کار	non_verb	adj.
په کار اچول	non_verb	
په کار لګول	non_verb	
په کار لګېدل	non_verb	
په کارېدل	non_verb	
په کثرت سره	regular_simple	adv.
په کډه تلل	non_verb	
په کراتو	regular_simple	adv.
په کراهه اخیستل	non_verb	
په کراهه ورکول	non_verb	
په کرایه اخیستل	non_verb	
په کرایه ورکول	non_verb	
په کې	regular_simple	adv.
په ګډه	regular_simple	adv.
په ګوته کول	non_verb	
په ګونډو کېدل	non_verb	
په لاره	regular_simple	adv.
په لحاظ	non_verb	adpos.
په لوی لاس	regular_simple	adv.
په لوی لاس	regular_simple	adv.
په مټې	regular_simple	adv.
په مجمله توګه	regular_simple	adv.
په مختصر طور باندې	regular_simple	adv.
په مخه دې ښه	non_verb	
په مزه	regular_simple	adv.
په مزه مزه	regular_simple	adv.
په مطابق	non_verb	adpos.
په منځ کې	regular_simple	loc. adv.
په منډه	regular_simple	adv.
په منطقي ډول	regular_simple	adv.
په مهم تلل	non_verb	
په موازي ډول	regular_simple	adv.
په موقت ډول	regular_simple	adv.
په مېنځ کې	regular_simple	loc. adv.
په مېنځ کې راتلل	non_verb	
په ناحقه	regular_simple	adv.
په نامه	regular_simple	adv.
په نامه	regular_simple	adv.
په نرمۍ سره	regular_simple	adv.
په نسبت	non_verb	adpos.
په نشه کې مست	non_verb	adj.
په نښه کول	non_verb	
په نښه کېدل	non_verb	
په نه زړه	regular_simple	adv.
په هر حال کې	non_verb	
په هر صورت کې	non_verb	
په هر کال کې	regular_simple	adv.
په هکله	non_verb	
په هوا کېدل	non_verb	
په هوش کې	non_verb	adj.
په هېش راتلل	non_verb	
په وجه	non_verb	adpos.
په ورو ورو	regular_simple	adv.
په وړاندې	non_verb	adpos.
په وړاندې باندې	non_verb	
په وینه لت پت	non_verb	
په یادول	non_verb	
په یو وخت	regular_simple	adv.
په یوازې	regular_simple	adv.
پهلو	non_verb	n. m.
پهلوان	non_verb	n. m. anim. unisex
پهلواني	non_verb	n. f.
پهلواني کول	dynamic_compound	v. dyn. comp. trans.
پهه	non_verb	n. f.
پو	non_verb	n. m.
پوار	non_verb	n. m.
پوپنا	non_verb	adj.
پوپنا کول	dynamic_compound	v. stat. comp. trans.
پوپنا کېدل	stative_compound_special	v. stat. comp. intrans.
پوپو	non_verb	n. f. anim.
پوتکۍ	non_verb	n. f.
پوتل	non_verb	n. m.
پوتلۍ	non_verb	n. f.
پوټ	non_verb	n. m.
پوټکی	non_verb	n. m.
پوټی	non_verb	n. m.
پوټۍ	non_verb	n. f.
پوټین	non_verb	
پوځ	non_verb	n. m.
پوځي	non_verb	adj. / n. m. anim. unisex
پوچ	non_verb	adj.
پوچ اورد	non_verb	n. m.
پوچکه	non_verb	n. f.
پوڅکۍ	non_verb	n. f.
پوڅه	non_verb	n. f.
پوڅه کېدل	stative_compound_special	v. stat. comp. intrans.
پوخ	non_verb	adj. irreg.
پوختوب	non_verb	n. m.
پوخوالی	non_verb	n. m.
پودر	non_verb	n. m.
پوده	non_verb	adj.
پودینه	non_verb	n. f.
پوډر	non_verb	n. m. pl. and sing.
پوډري	non_verb	n. m. anim. unisex
پور	non_verb	n. m.
پورتنی	non_verb	adj.
پورته	regular_simple	loc. adv.
پورته تګ	non_verb	n. m.
پورته کول	dynamic_compound	v. stat. comp. trans.
پورته کېدل	stative_compound_special	v. stat. comp. intrans.
پورته والی	non_verb	n. m.
پورتینی	non_verb	adj.
پوره	regular_simple	adj. / adv.
پوره کول	dynamic_compound	v. stat. comp. trans.
پوره کېدل	stative_compound_special	v. stat. comp. intrans.
پوره والی	non_verb	n. m.
پوروړی	non_verb	n. m. anim. unisex
پورول	regular_simple	v. stat. comp. trans.
پورې	non_verb	adpos. / adj.
پورې خوا	non_verb	n. f.
پورې غاړې ته	non_verb	
پورې کول	dynamic_compound	v. stat. comp. trans.
پورې کېدل	stative_compound_special	v. stat. comp. intrans.
پورې وتل	regular_simple	v. intrans.
پورېدل	stative_compound_standard	v. stat. comp. intrans.
پوړ	non_verb	adj.
پوړ	non_verb	n. m.
پوړنی	non_verb	n. m.
پوړۍ	non_verb	n. f.
پوړۍ	non_verb	n. f.
پوړیز	non_verb	adj.
پوزه	non_verb	n. f.
پوزه راښکل	non_verb	
پوزی	non_verb	n. m.
پوست	non_verb	adj.
پوست	non_verb	n. m.
پوست ورکول	regular_simple	v. dyn. comp. trans.
پوستکی	non_verb	n. m.
پوسته	non_verb	n. f.
پوستوالی	non_verb	n. m.
پوستول	regular_simple	v. stat. comp. trans.
پوستېدل	stative_compound_standard	v. stat. comp. intrans.
پوسکۍ	non_verb	n. f.
پوسه	non_verb	n. f.
پوشاک	non_verb	n. m.
پوشیده	non_verb	adj.
پوښ	non_verb	n. m.
پوښتل	regular_simple	v. trans.
پوښتنه	non_verb	n. f.
پوښتنه کول	dynamic_compound	v. dyn. comp. trans.
پوښتورګی	non_verb	n. m.
پوښتۍ	non_verb	n. f.
پوښښ	non_verb	n. m.
پوښول	regular_simple	v. trans.
پوکاڼه	non_verb	n. f.
پوکل	non_verb	
پوکڼۍ	non_verb	n. f.
پوکول	regular_simple	v. stat. comp. trans.
پوکی	non_verb	n. m.
پول	non_verb	n. m.
پولاد	non_verb	n. m. pl.
پولادي	non_verb	adj.
پوله	non_verb	n. f.
پولي	non_verb	adj.
پولۍ	non_verb	n. f.
پولیس	non_verb	n. m. anim. / n. m. pl.
پولیو	non_verb	n. f.
پونده	non_verb	n. f.
پونډ	non_verb	n. m.
پونډۍ	non_verb	n. f.
پونه	non_verb	n. f.
پوڼاکه	non_verb	n. f.
پوڼۍ	non_verb	n. f.
پوه	non_verb	adj.
پوهاند	non_verb	n. m.‌anim. unisex
پوهاوی	non_verb	n. m.
پوهنتون	non_verb	n. m.
پوهنځی	non_verb	n. m.
پوهنلیک	non_verb	n. m.
پوهه	non_verb	n. f.
پوهول	regular_simple	v. stat. comp. trans.
پوهول	regular_simple	v. trans.
پوهېدل	stative_compound_standard	v. intrans.
پوهېدل	stative_compound_standard	v. stat. comp. intrans.
پوول	regular_simple	v. trans.
پوی	non_verb	adj.
پی	non_verb	n. m.
پې	regular_simple	adv.
پۍ	non_verb	n. f. pl. / n. m. pl.
پی مخی	non_verb	adj.
پۍ واز	non_verb	n. m.
پیاخله	non_verb	
پیاده	regular_simple	adv. / n. f.
پیاده پا	regular_simple	adv.
پیاده پای	regular_simple	adv.
پیاده تلل	non_verb	
پیاده رو	non_verb	n. m.
پیاده روي	regular_simple	adv.
پیاده فوځ	non_verb	n. m.
پیاز	non_verb	n. m. pl.
پیاغله	non_verb	n. f.
پیاګي	non_verb	n. f.
پیاله	non_verb	n. f.
پیالۍ	non_verb	n. f.
پیام	non_verb	n. m.
پیامبرانه	regular_simple	adj. / adv.
پیانده	non_verb	n. f. / adj.
پیاوړتیا	non_verb	n. f.
پیاوړی	non_verb	adj.
پیت	non_verb	adj.
پیتاو	non_verb	n. m.
پیتاو ته کېناستل	non_verb	
پیتل	non_verb	
پیته	non_verb	n. f.
پیته	non_verb	n. f.
پېټ	regular_simple	adv.
پېټ	non_verb	n. m.
پیټرول	non_verb	
پیټرول پمپ	non_verb	n. m.
پېټل	regular_simple	v. trans.
پېټلی	non_verb	adj.
پېټی	non_verb	n. m.
پېټۍ	non_verb	n. f.
پېچ	non_verb	n. m.
پېچ	non_verb	n. m.
پېچ تاب	non_verb	n. m.
پېچ تاو	non_verb	n. m.
پېچ تو	non_verb	n. m.
پېچ کول	dynamic_compound	v. stat. comp. trans.
پېچ ورکول	regular_simple	v. trans.
پیچر	non_verb	n. m.
پېچش	non_verb	n. m.
پېچکاري	non_verb	n. f.
پېچکس	non_verb	n. m.
پېچکش	non_verb	n. m.
پیچکه	non_verb	n. m.
پېچل	regular_simple	v. trans.
پېچلتیا	non_verb	n. f.
پېچلی	non_verb	adj.
پېچموزي	non_verb	n. f.
پېچمۍ	non_verb	n. f.
پېچي مېخ	non_verb	n. m.
پېچېدل	stative_compound_standard	v. intrans.
پیچیده	non_verb	adj.
پېچیده	non_verb	adj.
پیچیده کول	dynamic_compound	v. stat. comp. trans.
پېچیده کول	dynamic_compound	v. stat. comp. trans.
پیچیده کېدل	stative_compound_special	v. stat. comp. intrans.
پېچیده کېدل	stative_compound_special	v. stat. comp. intrans.
پیڅکه	non_verb	n. f.
پیڅه	non_verb	n. f.
پیدا	non_verb	adj.
پیدا کول	dynamic_compound	v. stat. comp. trans.
پیدا کېدل	stative_compound_special	v. stat. comp. intrans.
پیداوار	non_verb	n. m.
پیدایش	non_verb	n. m.
پیدایشي	non_verb	adj.
پیدایښ	non_verb	n. m.
پیدایښت	non_verb	n. m.
پېدل	stative_compound_standard	adv.
پېدل تلل	non_verb	
پیر	non_verb	n. m. anim. unisex
پېر	non_verb	n. m.
پېر	non_verb	n. m.
پېرزو	non_verb	adj.
پېرزوینه	non_verb	n. f.
پیرګی	non_verb	n. m.
پېرل	regular_simple	v. trans.
پېرل	regular_simple	v. trans.
پېرند	non_verb	n. m. anim. unisex
پېرنګ	non_verb	n. m.
پیره	non_verb	n. f.
پېره	non_verb	n. f.
پیره دار	non_verb	n. m.
پېره دار	non_verb	n. m. anim. unisex
پېره داري	non_verb	n. f.
پیرو	non_verb	n. m. anim. unisex
پېروان	non_verb	n. m.
پېرودل	regular_simple	v. trans.
پېرودونکی	non_verb	n. m. anim. unisex
پیروکار	non_verb	n. m. anim. unisex
پېرونکی	non_verb	n. m. anim. unisex
پیروي	non_verb	n. f.
پېروی	non_verb	n. m.
پیروي کول	dynamic_compound	v. dyn. comp. trans.
پېری	non_verb	n. m. anim. unisex
پېرۍ	non_verb	n. f. anim.
پېریانی	non_verb	adj. / n. m. anim. unisex
پېړمن	non_verb	n. m. anim.
پېړه	non_verb	n. f.
پېړه	non_verb	n. f.
پېړۍ	non_verb	n. f.
پېزار	non_verb	n. m.
پېزوان	non_verb	n. m.
پېژندپاڼه	non_verb	n. f.
پېژندګلو	non_verb	n. m.
پېژندګلو کول	dynamic_compound	v. dyn. comp. trans.
پېژندګلوي	non_verb	n. f.
پېژندګلوي	non_verb	n. f.
پېژندګلي	non_verb	n. f.
پېژندل	split_stem	v. trans. / gram. trans.
پېژندنه	non_verb	n. f.
پېژندوی	non_verb	adj.
پېژندویي	non_verb	n. f.
پېژونی	non_verb	n. m.
پېس	non_verb	adj. / n. m. anim. unisex
پیسه	non_verb	n. f.
پیسې	non_verb	n. f. pl.
پېش	regular_simple	loc. adv.
پېش آمد	non_verb	n. m.
پېش آهنګ	non_verb	n. m. anim. unisex
پېش بند	non_verb	n. m.
پېش بین	non_verb	adj.
پېش بیني	non_verb	n. f.
پېش فکري	non_verb	n. f.
پېش کول	dynamic_compound	v. stat. comp. trans.
پېش کېدل	stative_compound_special	v. stat. comp. intrans.
پېش ګویي	non_verb	n. f.
پېش لفظ	non_verb	n. m.
پېش منی	non_verb	n. m.
پېش نهاد	non_verb	n. m.
پیشاړه	non_verb	n. f.
پیشاړې کول	dynamic_compound	v. dyn. comp. trans.
پېشرفت	non_verb	n. m.
پېشقاب	non_verb	n. m.
پېشک	non_verb	n. m.
پېشکی	non_verb	n. m. anim. unisex
پېشکي	non_verb	n. f.
پېشګویي	non_verb	n. f.
پېشګویي کول	dynamic_compound	v. dyn. comp. trans.
پېشګي	non_verb	n. f.
پېشلمی	non_verb	n. m.
پېشمنی	non_verb	n. m.
پېشنګویي	non_verb	n. f.
پېشنګویي کول	dynamic_compound	v. dyn. comp. trans.
پېشنهاد	non_verb	n. m.
پېشنهادېدل	stative_compound_standard	v. stat. comp. intrans.
پېشه	non_verb	n. f.
پیشو	non_verb	n. f. anim.
پیشوګۍ	non_verb	n. f.
پېشول	regular_simple	v. trans.
پیشونګوری	non_verb	n. m. anim.
پېشي	non_verb	n. f.
پېشي	non_verb	n. f.
پېښ	non_verb	n. m.
پېښ	non_verb	n. m.
پېښلیک	non_verb	n. m.
پېښه	non_verb	n. f.
پېښور	non_verb	n. m.
پېښول	regular_simple	v. stat. comp. trans.
پېښېدل	stative_compound_standard	v. stat. comp. intrans.
پیغام	non_verb	n. m.
پیغام رسول	regular_simple	v. dyn. comp. trans.
پېغلتوب	non_verb	n. m.
پېغله	non_verb	n. f. anim.
پیغمبر	non_verb	n. m. anim.
پېغمبر	non_verb	n. m. anim. unisex
پیغمبري	non_verb	n. f.
پیغور	non_verb	n. m.
پېغور	non_verb	n. m.
پیکل	non_verb	n. m.
پیکه	non_verb	adj.
پیکه	non_verb	adj.
پیکه کول	dynamic_compound	v. stat. comp. trans.
پیکه کېدل	stative_compound_special	v. stat. comp. intrans.
پیکی	non_verb	n. m.
پیل	non_verb	n. m.
پیل کول	dynamic_compound	v. dyn./stat. comp. trans.
پیلار	non_verb	n. m.
پیلار	non_verb	n. m.
پیلامه	non_verb	n. f.
پیله	non_verb	n. f. anim.
پیله	non_verb	n. f. anim.
پېله	non_verb	n. f.
پېله	non_verb	n. f. anim.
پیلوټ	non_verb	n. m. anim. unisex
پیلول	regular_simple	v. stat. comp. trans.
پیلېدل	stative_compound_standard	v. stat. comp. intrans.
پیمال	non_verb	adj.
پیمالول	regular_simple	v. stat. comp. trans.
پیمالېدل	stative_compound_standard	v. stat. comp. intrans.
پیمانه	non_verb	n. f.
پینځلس	non_verb	num.
پینځلسم	non_verb	adj.
پینځم	non_verb	adj.
پینځه	non_verb	num.
پېنډه	non_verb	n. f.
پینډیسایډ	non_verb	n. m.
پېنګ	non_verb	n. m.
پینل	regular_simple	v. trans.
پینه	non_verb	n. f.
پیه	non_verb	n. f.
پیوست	non_verb	adj.
پیوسته ابرو	non_verb	adj. / n. m.
پیوستون	non_verb	n. m.
پیوند	non_verb	n. m.
پیوند کول	dynamic_compound	v. stat. comp. trans.
پیوند کېدل	stative_compound_special	v. stat. comp. intrans.
پېیل	regular_simple	v. trans.
پېیلی	non_verb	adj. / n. m. anim. unisex
تا	non_verb	pron.
تاب	non_verb	n. m.
تابع	non_verb	adj.
تابع دار	non_verb	adj.
تابع داري	non_verb	n. f.
تابعیت	non_verb	n. m.
تابوت	non_verb	n. m.
تابیا	non_verb	adj.
تابیا کول	dynamic_compound	v. dyn. comp. trans.
تاثر	non_verb	n. m.
تاثیر	non_verb	n. m.
تاثیر کول	dynamic_compound	v. dyn. comp. trans.
تاج	non_verb	n. m.
تاجر	non_verb	n. m. anim. unisex
تاجکستان	non_verb	n. m.
تاجیل	non_verb	n. m.
تاخ	non_verb	n. m.
تاخت	non_verb	n. m.
تاخچه	non_verb	n. f.
تاخیر	non_verb	n. m.
تادي	non_verb	n. f.
تادي کول	dynamic_compound	v. dyn. comp. trans.
تادیب	non_verb	n. m.
تادیه	non_verb	n. f.
تار	non_verb	n. m.
تار په تار	regular_simple	adj. / adv.
تار په تارول	regular_simple	v. stat. comp. trans.
تار په تارېدل	stative_compound_standard	v. stat. comp. intrans.
تاراج	non_verb	n. m.
تارکول	non_verb	n. m. pl.
تارومار	non_verb	n. m.
تاریخ	non_verb	n. m.
تاریخپوه	non_verb	n. m. anim. unisex
تاریخي	non_verb	n. f.
تاړاک	non_verb	n. m.
تاړي	non_verb	n. f.
تاړۍ	non_verb	n. f.
تازه	non_verb	adj.
تازه دم	non_verb	adj.
تازه کول	dynamic_compound	v. stat. comp. trans.
تازه کېدل	irregular_one_off	v. stat. comp. intrans.
تاس	non_verb	adj.
تاسف	non_verb	n. m.
تاسو	non_verb	pron.
تاسې	non_verb	pron.
تاسیس	non_verb	n. m.
تاش	non_verb	n. m.
تاش پتاش	non_verb	adj.
تاشله	non_verb	adj.
تاشله	non_verb	adj.
تاقچه	non_verb	n. f.
تاک	non_verb	n. m.
تاکداري	non_verb	n. f.
تاکستان	non_verb	n. m.
تاکید	non_verb	n. m.
تاکید کول	dynamic_compound	v. dyn. comp. trans.
تاکیدي	non_verb	adj.
تال	non_verb	n. m.
تالا	non_verb	n. f.
تالا کول	dynamic_compound	v. stat. comp. trans.
تالاب	non_verb	n. m.
تالار	non_verb	n. m.
تالاش	non_verb	n. m.
تالاشي	non_verb	n. f.
تالاشي کول	dynamic_compound	v. stat. comp. trans.
تالان	non_verb	n. m.
تالنده	non_verb	n. f.
تاله	non_verb	n. f.
تالو	non_verb	n. m.
تالي	non_verb	n. f.
تالۍ	non_verb	n. f.
تالیمن	non_verb	adj.
تامبه	non_verb	n. f.
تامین	non_verb	n. m.
تامینول	regular_simple	v. stat. comp. trans.
تامینېدل	stative_compound_standard	v. stat. comp. intrans.
تان	non_verb	n. m.
تانیث	non_verb	n. m.
تاڼه	non_verb	n. f.
تاو	non_verb	adj.
تاو	non_verb	n. m.
تاو کول	dynamic_compound	v. stat. comp. trans.
تاو کېدل	stative_compound_special	v. stat. comp. intrans.
تاوان	non_verb	n. m.
تاوان رسول	regular_simple	v. dyn. comp. trans.
تاوان ورکول	regular_simple	v. dyn. comp. trans.
تاواني	non_verb	adj.
تاوتریخجن	non_verb	adj.
تاوتریخوالی	non_verb	n. m.
تاوخانه	non_verb	n. f.
تاوراتاو	regular_simple	adv.
تاوول	regular_simple	v. stat. comp. trans.
تاوون	non_verb	n. m.
تاوون	non_verb	n. m.
تاوی	non_verb	n. m.
تاویتک	non_verb	n. m.
تاوېدل	stative_compound_standard	v. stat. comp. intrans.
تاویذ	non_verb	n. m.
تاویذ ګر	non_verb	n. m. anim. unisex
تاویل	non_verb	n. m.
تایید	non_verb	n. m.
تاییدول	regular_simple	v. stat. comp. trans.
تاییدېدل	stative_compound_standard	v. stat. comp. intrans.
تب	non_verb	n. m.
تبادله	non_verb	n. f.
تبارز	non_verb	n. m.
تباه	non_verb	adj.
تباه حال	non_verb	adj.
تباه کن	non_verb	adj.
تباه کول	dynamic_compound	v. stat. comp. trans.
تباه کوونکی	non_verb	adj. / n. m.
تباه کېدل	stative_compound_special	v. stat. comp. intrans.
تباهي	non_verb	n. f.
تبجن	non_verb	adj.
تبخی	non_verb	n. m.
تبدیل	non_verb	n. m.
تبدیلول	regular_simple	v. stat. comp. trans.
تبدیلي	non_verb	n. f.
تبدیلېدل	stative_compound_standard	v. stat. comp. intrans.
تبر	non_verb	n. m.
تبرکلوز	non_verb	n. m.
تبرګی	non_verb	n. m.
تبریک	non_verb	n. m.
تبسم	non_verb	n. m.
تبسم کول	dynamic_compound	v. dyn. comp. trans.
تبصره	non_verb	n. f.
تبع	non_verb	n. m. anim. unisex
تبعید	non_verb	n. m.
تبعیدول	regular_simple	v. stat. comp. trans.
تبعیض	non_verb	n. m.
تبعیضي	non_verb	adj.
تبل	non_verb	n. m.
تبل	regular_simple	v. trans.
تبل خوړل	regular_simple	v. dyn. comp. trans.
تبل کول	dynamic_compound	v. dyn. comp. trans.
تبله	non_verb	n. f.
تبلیغ	non_verb	n. m.
تبلیغ کول	dynamic_compound	v. dyn. comp. trans.
تبنه	non_verb	n. f.
تبه	non_verb	n. f.
تبي	non_verb	n. f.
تبۍ	non_verb	n. f.
تبیت	non_verb	n. m.
تپ	non_verb	n. m. / adj.
تپ	non_verb	pref.
تپاک	non_verb	n. m.
تپانچه	non_verb	n. f.
تپل	regular_simple	v. trans.
تپل کېدل	non_verb	
تپه تیاره	non_verb	adj.
تپوس	non_verb	n. m.
تپوس کول	dynamic_compound	v. dyn. comp. trans.
تپول	regular_simple	v. trans.
تپېدل	stative_compound_standard	v. intrans.
تپېړه	non_verb	n. f.
تت	non_verb	adj.
تتر بتر	non_verb	adj. doub.
تتر بتر کول	dynamic_compound	v. stat. comp. trans.
تتر بتر کېدل	stative_compound_special	v. stat. comp. intrans.
تته رڼا	non_verb	n. f.
تثبیت	non_verb	n. m.
تجارت	non_verb	n. m.
تجارت پېشه	non_verb	n. m. anim. unisex
تجارت کول	dynamic_compound	v. dyn. comp. trans.
تجاوز	non_verb	n. m.
تجدید	non_verb	n. m.
تجدیدول	regular_simple	v. stat. comp. trans.
تجدیدېدل	stative_compound_standard	v. stat. comp. intrans.
تجربه	non_verb	n. f.
تجربه کار	non_verb	adj. / n. m. anim. unisex
تجربه کول	dynamic_compound	v. stat. comp. trans.
تجرید	non_verb	n. m.
تجزیه	non_verb	n. f.
تجسس	non_verb	n. m.
تجسم	non_verb	n. m.
تجلیل	non_verb	n. m.
تجلیلول	regular_simple	v. stat. comp. trans.
تجلیلېدل	stative_compound_standard	v. stat. comp. intrans.
تجهیز	non_verb	n. m.
تجوید	non_verb	n. m.
تجویز	non_verb	n. m.
تجویز ورکول	regular_simple	v. dyn. comp. trans.
تچ	non_verb	n. m.
تحت	non_verb	pref.
تحت شعور	non_verb	n. m.
تحت صفر	non_verb	adj.
تحریر	non_verb	n. m. / adj.
تحریک	non_verb	n. m.
تحریم	non_verb	n. m.
تحسین	non_verb	n. m.
تحسین کول	dynamic_compound	v. stat. comp. trans.
تحسین نامه	non_verb	n. f.
تحصیل	non_verb	n. m.
تحفظ	non_verb	n. m.
تحفه	non_verb	n. f.
تحقق	non_verb	n. m.
تحقیر	non_verb	n. m.
تحقیق	non_verb	n. m.
تحقیق کول	dynamic_compound	v. dyn. comp. trans.
تحلیل	non_verb	n. m.
تحلیل کول	dynamic_compound	v. dyn. comp. trans.
تحلیلګر	non_verb	n. m. anim. unisex
تحلیلول	regular_simple	v. stat. comp. trans.
تحلیلي	non_verb	adj.
تحلیلېدل	stative_compound_standard	v. stat. comp. intrans.
تحمل	non_verb	n. m.
تحملول	regular_simple	v. stat. comp. trans.
تحمیل	non_verb	n. m.
تحمیلول	regular_simple	v. stat. comp. trans.
تحمیلي	non_verb	adj.
تحول	non_verb	n. m.
تحویل	non_verb	n. m.
تحویلول	regular_simple	v. stat. comp. trans.
تحویلېدل	stative_compound_standard	v. stat. comp. intrans.
تخاصم	non_verb	n. m.
تخت	non_verb	n. m.
تخته	non_verb	adj.
تخته	non_verb	n. f.
تخته پاک	non_verb	n. m.
تختۍ	non_verb	n. f.
تخرګ	non_verb	n. m.
تخرګی	non_verb	n. m.
تخریب	non_verb	n. m.
تخریبول	regular_simple	v. stat. comp. trans.
تخصص	non_verb	n. m.
تخصصي	non_verb	adj.
تخصیص	non_verb	n. m.
تخصیص کول	dynamic_compound	v. stat. comp. trans.
تخصیص کېدل	stative_compound_special	v. stat. comp. intrans.
تخطي	non_verb	n. f.
تخفیف	non_verb	n. m.
تخفیف کول	dynamic_compound	v. stat. comp. trans.
تخفیف ورکول	regular_simple	v. dyn. comp. trans.
تخلص	non_verb	n. m.
تخلف	non_verb	n. m.
تخلیق	non_verb	n. m.
تخلیقول	regular_simple	v. stat. comp. trans.
تخلیقي	non_verb	adj.
تخلیه	non_verb	n. f.
تخم	non_verb	n. m.
تخم	non_verb	n. m.
تخمه	non_verb	n. f.
تخمین	non_verb	n. m.
تخمیناً	regular_simple	adv.
تخمیني	non_verb	adj.
تخنول	regular_simple	v. trans.
تخنېدونکی	non_verb	adj.
تخنیک	non_verb	n. m.
تخنیکر	non_verb	n. m. anim. unisex
تخنیکي	non_verb	adj.
تخڼول	regular_simple	v. trans.
تخڼېدل	stative_compound_standard	v. intrans.
تخه	non_verb	n. f.
تخول	regular_simple	v. trans.
تخېدل	stative_compound_standard	v. intrans.
تخیل	non_verb	n. m.
تخیلي	non_verb	adj.
تدارک	non_verb	n. m.
تدافعي	non_verb	adj.
تداوم	non_verb	n. m.
تداوي	non_verb	n. f.
تداوي	non_verb	n. f.
تداوي کول	dynamic_compound	v. dyn. comp. trans.
تدبیر	non_verb	n. m.
تدریج	non_verb	n. m.
تدریجاً	regular_simple	adv.
تدریجي	non_verb	adj.
تدریس	non_verb	n. m.
تدریسي	non_verb	adj.
تدفین	non_verb	n. m.
تدفینول	regular_simple	v. stat. comp. trans.
تدفینېدل	stative_compound_standard	v. stat. comp. intrans.
تدوین	non_verb	n. m.
تذبذب	non_verb	n. m.
تذکر	non_verb	n. m.
تذکره	non_verb	n. f.
تذکیره	non_verb	n. f.
تر	non_verb	adj.
تر	non_verb	adpos.
تر	non_verb	suff.
تر ... پورې	non_verb	adpos.
تر ابده	regular_simple	adv.
تر اوسه	regular_simple	adv.
تر اوسه پورې	regular_simple	adv.
تر پایه	regular_simple	adv.
تر چمبه لاندې کول	non_verb	
تر څنګ	regular_simple	adv.
تر څو پورې	non_verb	
تر څو چې	non_verb	
تر دې پورې	non_verb	
تر سره کول	non_verb	
تر شا	regular_simple	adv. / adj.
تر شا کېدل	stative_compound_special	v. stat. comp. intrans.
تر کله پورې	non_verb	
تر کومه پورې	non_verb	
تر کومې پورې	non_verb	
تر لاسه	non_verb	adj.
تر لاسه کول	dynamic_compound	v. stat. comp. trans.
تر لاسه کېدل	stative_compound_special	v. stat. comp. intrans.
تر لاسول	regular_simple	v. stat. comp. trans.
ترازو	non_verb	n. f.
تراشل	regular_simple	v. trans.
تراشه	non_verb	n. f.
تراغ	non_verb	n. m.
ترافیک	non_verb	n. m.
ترافیکي	non_verb	adj.
تراکتور	non_verb	n. m.
ترانزیت	non_verb	n. m.
ترانزیتي	non_verb	adj.
ترانه	non_verb	n. f.
تراویح	non_verb	
تربت	non_verb	adj.
تربت کول	dynamic_compound	v. stat. comp. trans.
تربت کېدل	stative_compound_special	v. stat. comp. intrans.
تربګني	non_verb	
تربوخته	non_verb	
تربور	non_verb	n. m. anim.
تربیت	non_verb	n. m.
تربیت ورکول	regular_simple	v. dyn. comp. trans.
ترپ	non_verb	n. m.
ترپال	non_verb	n. m.
ترپړ	non_verb	n. m.
ترپړ	non_verb	n. m.
ترپړ	non_verb	n. m. anim. unisex / adj.
ترپکه	non_verb	n. f.
ترپکې وهل	dynamic_compound	v. dyn. comp. trans.
ترپل	regular_simple	v. intrans.
ترپه	non_verb	n. f.
ترپهار	non_verb	n. m.
ترپول	regular_simple	v. trans.
ترپول	regular_simple	v. trans.
ترپېدل	stative_compound_standard	v. intrans.
ترتاب	non_verb	n. m.
ترتیب	non_verb	n. m.
ترتیب وار	non_verb	
ترتیب ورکول	regular_simple	v. dyn. comp. trans.
ترتیب ورکوونکی	non_verb	n. m. anim. unisex
ترټل	regular_simple	v. trans.
ترجمان	non_verb	n. m. anim. unisex
ترجمه	non_verb	n. f.
ترجمه کول	dynamic_compound	v. stat. comp. trans.
ترجمه کوونکی	non_verb	n. m. anim. unisex
ترجمه کېدل	stative_compound_special	v. stat. comp. intrans.
ترجیح	non_verb	n. f.
ترجیح ورکول	regular_simple	v. dyn. comp. trans.
ترچل	regular_simple	v. gramm. trans.
ترڅ	non_verb	
ترڅنګ	regular_simple	adv.
ترڅو	regular_simple	adv.
ترحم	non_verb	n. m.
ترحم کول	dynamic_compound	v. dyn. comp. trans.
ترخ	non_verb	
ترخځ	non_verb	n. f.
ترخځ	non_verb	n. m.
ترخه	non_verb	n. f.
ترخه	non_verb	n. f.
ترخوا	regular_simple	adv.
ترخول	regular_simple	v. stat. comp. trans.
ترخېدل	stative_compound_standard	v. stat. comp. intrans.
ترخیص	non_verb	n. m.
تردد	non_verb	n. m.
تردید	non_verb	n. m.
تردیدول	regular_simple	v. stat. comp. trans.
تردیدېدل	stative_compound_standard	v. stat. comp. intrans.
ترس	non_verb	n. m.
ترسا	non_verb	n. m. anim. unisex
ترسره	non_verb	adj.
ترسره کول	dynamic_compound	v. stat. comp. trans.
ترسره کېدل	stative_compound_special	v. stat. comp. intrans.
ترسکونه	non_verb	adj.
ترسناک	non_verb	adj.
ترسیم	non_verb	n. m.
ترسیمول	regular_simple	v. stat. comp. trans.
ترسیمېدل	stative_compound_standard	v. stat. comp. intrans.
ترش	non_verb	adj.
ترشح	non_verb	n. m.
ترغه	non_verb	adj.
ترغیب	non_verb	n. m.
ترغیب ورکول	regular_simple	v. dyn. comp. trans.
ترغیبي	non_verb	adj.
ترفیع	non_verb	n. f.
ترقي	non_verb	n. f.
ترقي کول	dynamic_compound	v. dyn. comp. trans.
ترقي ورکول	regular_simple	v. dyn. comp. trans.
ترقي یافته	non_verb	adj.
ترک	non_verb	n. m.
ترک	non_verb	n. m.
ترک	non_verb	n. m.
ترک کول	dynamic_compound	v. stat. comp. trans.
ترک کول	dynamic_compound	v. stat. comp. trans.
ترکاري	non_verb	n. f.
ترکاڼ	non_verb	n. m. anim. unisex
ترکاڼي	non_verb	n. f.
ترکه	non_verb	n. f.
ترکه	non_verb	n. f.
ترکول	regular_simple	v. stat. comp. trans.
ترکي	non_verb	n. f. / adj.
ترکیب	non_verb	n. m.
ترکیبي	non_verb	adj.
ترکېدل	stative_compound_standard	v. stat. comp. intrans.
ترکیه	non_verb	n. f.
ترکیه	non_verb	n. f.
ترګمۍ	non_verb	n. f.
ترلاسه کول	dynamic_compound	v. stat. comp. trans.
ترله	non_verb	n. f. anim.
ترماز	non_verb	n. m.
ترمامیټر	non_verb	n. m.
ترمله	non_verb	n. f.
ترمنځ	non_verb	adpos.
ترمنځ	non_verb	adpos.
ترمنه	non_verb	n. f.
ترمیم	non_verb	n. m.
ترمیمول	regular_simple	v. stat. comp. trans.
ترمیمېدل	stative_compound_standard	v. stat. comp. intrans.
ترنداره	non_verb	n. f. anim.
ترنه انا	non_verb	n. f.
ترنیکه	non_verb	n. m.
ترڼی	non_verb	n. m.
تره	non_verb	n. f.
تره	non_verb	n. f.
تره	non_verb	n. m. anim.
تره غونی	non_verb	n. m.
ترها	non_verb	n. f.
ترها	non_verb	n. f.
ترهغه	regular_simple	adv.
ترهګر	non_verb	n. m. anim. unisex
ترهګري	non_verb	n. f.
ترهګریز	non_verb	adj.
ترهه	non_verb	n. f.
ترهول	regular_simple	v. trans.
ترهېدل	stative_compound_standard	v. intrans.
ترهېدل	stative_compound_standard	v. intrans.
ترور	non_verb	adj.
ترور	non_verb	n. f. anim. fam.
ترورزی	non_verb	n. m. anim. unisex fam.
ترورزۍ	non_verb	n. f. anim.
ترورمېړه	non_verb	n. m. anim.
ترورۍ	non_verb	n. f. anim.
ترورېدل	stative_compound_standard	v. stat. comp. intrans.
تروریست	non_verb	n. m. anim. unisex
تروړل	regular_simple	v. trans.
تروژل	regular_simple	v. trans.
تروږمۍ	non_verb	n. f.
تروش	non_verb	adj.
تروشي	non_verb	n. f.
ترومی	non_verb	n. m.
تروې	non_verb	n. f. pl.
ترویج	non_verb	n. m.
ترویجول	regular_simple	v. stat. comp. trans.
تری	non_verb	n. m.
تري	non_verb	
ترې	non_verb	pron.
تری تم	non_verb	adj.
تریاک	non_verb	n. m. pl.
تریخ	non_verb	adj.
تریخوالی	non_verb	n. m.
تریخول	regular_simple	v. stat. comp. trans.
تریلی	non_verb	n. m.
ترېلی	non_verb	n. m.
ترین	non_verb	suff.
ترېنداره	non_verb	n. f.
ترینګړ	non_verb	n. m.
ترینګلتیا	non_verb	n. f.
ترینګلی	non_verb	adj.
ترینګلۍ	non_verb	n. f.
تریو	non_verb	adj.
تریو تندی	non_verb	n. m. anim. unisex / adj.
تریومخی	non_verb	n. m. / adj.
تړاقۍ	non_verb	n. f.
تړاو	non_verb	n. m.
تړپول	regular_simple	v. trans.
تړپېدل	stative_compound_standard	v. intrans.
تړتړی	non_verb	adj. / n. m. anim. unisex
تړل	regular_simple	v. trans.
تړلی	non_verb	adj.
تړلیک	non_verb	n. m.
تړم	non_verb	adj.
تړمتوب	non_verb	n. m.
تړمتیا	non_verb	n. f.
تړموالی	non_verb	n. m.
تړنګ	non_verb	n. m.
تړنه	non_verb	n. f.
تړه	non_verb	n. f.
تړومبې	non_verb	n. f. pl.
تړون	non_verb	n. m.
تړونوال	non_verb	n. m. anim. unisex
تړونی	non_verb	n. m.
تزریق	non_verb	n. m.
تزکیه	non_verb	n. f.
تزلزل	non_verb	n. m.
تزنېدل	stative_compound_standard	v. intrans.
تزوج	non_verb	n. m.
تزویج	non_verb	n. m.
تزویر	non_verb	n. m.
تږی	non_verb	adj.
تږی کول	dynamic_compound	v. stat. comp. trans.
تږی کېدل	stative_compound_special	v. stat. comp. intrans.
تس	non_verb	adj.
تس کول	dynamic_compound	v. stat. comp. trans.
تس نس	non_verb	adj. doub.
تس نس کول	dynamic_compound	v. stat. comp. trans.
تس نس کېدل	stative_compound_special	v. stat. comp. intrans.
تساوي	non_verb	n. f. / adj.
تسبیح	non_verb	n. f. pl.
تسپه	non_verb	n. f.
تسخیر	non_verb	n. m.
تسخیر کول	dynamic_compound	v. stat. comp. trans.
تسخیر کېدل	stative_compound_special	v. stat. comp. intrans.
تسکره	non_verb	n. f.
تسکوره	non_verb	n. f.
تسکین	non_verb	n. m.
تسکین کول	dynamic_compound	v. stat. comp. trans.
تسکین کېدل	stative_compound_special	v. stat. comp. intrans.
تسلسل	non_verb	n. m.
تسلط	non_verb	n. m.
تسله	non_verb	n. f.
تسله ورکول	regular_simple	v. dyn. comp. trans.
تسلي	non_verb	n. f.
تسلي بخش	non_verb	adj.
تسلي کول	dynamic_compound	v. dyn. comp. trans.
تسلي ورکول	regular_simple	v. dyn. comp. trans.
تسلیم	non_verb	n. m.
تسلیمول	regular_simple	v. stat. comp. trans.
تسلیمي	non_verb	n. f.
تسلیمېدل	stative_compound_standard	v. stat. comp. intrans.
تسمه	non_verb	n. f.
تسوید	non_verb	n. m.
تش	regular_simple	adj. / adv.
تش لاسی	non_verb	adj.
تشبث	non_verb	n. m.
تشبیه	non_verb	n. m.
تشت	non_verb	n. m.
تشت	non_verb	n. m.
تشخیص	non_verb	n. m.
تشخیص کول	dynamic_compound	v. stat. comp. trans.
تشخیصول	regular_simple	v. stat. comp. trans.
تشخیصېدل	stative_compound_standard	v. stat. comp. intrans.
تشدد	non_verb	n. m.
تشدد کول	dynamic_compound	v. dyn. comp. trans.
تشریح	non_verb	n. f.
تشریح کول	dynamic_compound	v. stat. comp. trans.
تشریف	non_verb	n. m.
تشریف راوړل	regular_simple	v. dyn. comp. trans.
تشریف لرل	regular_simple	v. dyn. comp. trans.
تشریف وړل	regular_simple	v. dyn. comp. trans.
تشریفات	non_verb	n. m. pl.
تشریفاتي	non_verb	adj.
تشکر	non_verb	interj.
تشکیل	non_verb	n. m.
تشکیلول	regular_simple	v. stat. comp. trans.
تشلاسی	non_verb	adj.
تشناب	non_verb	n. m.
تشنج	non_verb	n. m.
تشه	non_verb	n. f.
تشول	regular_simple	v. stat. comp. trans.
تشویش	non_verb	n. m.
تشویق	non_verb	n. m.
تشویقول	regular_simple	v. stat. comp. trans.
تشی	non_verb	n. m.
تشې متیازې	non_verb	n. f. pl.
تشې مچیازې	non_verb	n. f. pl.
تشې میتیازې	non_verb	n. f. pl.
تشې میچیازې	non_verb	n. f. pl.
تشیال	non_verb	n. m.
تشېدل	stative_compound_standard	v. stat. comp. intrans.
تښتول	regular_simple	v. trans.
تښتېدل	stative_compound_standard	v. intrans.
تښځ	non_verb	n. m.
تصادف	non_verb	n. m.
تصادفاً	regular_simple	adv.
تصادفي	regular_simple	adj. / adv.
تصادم	non_verb	n. m.
تصدیق	non_verb	n. m.
تصدیق کول	dynamic_compound	v. stat. comp. trans.
تصدیق کېدل	stative_compound_special	v. stat. comp. intrans.
تصرف	non_verb	n. m.
تصرف	non_verb	n. m.
تصرف کول	dynamic_compound	v. stat. comp. trans.
تصریح	non_verb	n. f.
تصغیر	non_verb	
تصفیه	non_verb	n. f.
تصفیه خانه	non_verb	n. f.
تصمیم	non_verb	n. m.
تصمیم نیول	regular_simple	v. dyn. comp. trans.
تصور	non_verb	n. m.
تصور کول	dynamic_compound	v. dyn. comp. trans.
تصوف	non_verb	n. m.
تصویب	non_verb	n. m.
تصویب کول	dynamic_compound	v. stat. comp. trans.
تصویر	non_verb	n. m.
تصویر جوړول	non_verb	v dyn. comp. trans.
تصویري	non_verb	adj.
تضاد	non_verb	n. m.
تضعیف	non_verb	n. m.
تضعیف کول	dynamic_compound	v. stat. comp. trans.
تضمین	non_verb	n. m.
تطابق	non_verb	n. m.
تطبیق	non_verb	n. m.
تطبیقول	regular_simple	v. stat. comp. trans.
تطبیقي	non_verb	adj.
تطبیقېدل	stative_compound_standard	v. stat. comp. intrans.
تظاهر	non_verb	n. m.
تعادل	non_verb	n. m.
تعارض	non_verb	n. m.
تعارف	non_verb	n. m.
تعالیٰ	non_verb	suff.
تعامل	non_verb	n. m.
تعبیر	non_verb	n. m.
تعبیرول	regular_simple	v. stat. comp. trans.
تعبیرېدل	stative_compound_standard	v. stat. comp. intrans.
تعبیه	non_verb	n. f.
تعجب	non_verb	n. m.
تعداد	non_verb	n. m.
تعدیل	non_verb	n. m.
تعذیب	non_verb	n. m.
تعذیبول	regular_simple	v. stat. comp. trans.
تعذیبېدل	stative_compound_standard	v. stat. comp. intrans.
تعرض	non_verb	n. m.
تعرضي	non_verb	adj.
تعرفه	non_verb	n. f.
تعریف	non_verb	n. m.
تعریفول	regular_simple	v. stat. comp. trans.
تعزیت	non_verb	n. m.
تعزیري	non_verb	n. f.
تعصب	non_verb	n. m.
تعظیم	non_verb	n. m.
تعقل	non_verb	n. m.
تعقیب	non_verb	n. m.
تعقیب کول	dynamic_compound	v. stat. comp. trans.
تعقیبول	regular_simple	v. stat. comp. trans.
تعقیبوونکی	non_verb	n. m. anim. unisex
تعقیبېدل	stative_compound_standard	v. stat. comp. intrans.
تعلق	non_verb	n. m.
تعلق ساتل	regular_simple	v. dyn. comp. trans.
تعلیل	non_verb	n. m.
تعلیم	non_verb	n. m.
تعلیم ورکول	regular_simple	v. dyn. comp. trans.
تعلیم یافته	non_verb	adj.
تعلیمي	non_verb	adj.
تعمید	non_verb	n. m.
تعمیر	non_verb	n. m.
تعمیراتي	non_verb	adj.
تعمیري	non_verb	adj.
تعمیم	non_verb	n. m.
تعمیم کول	dynamic_compound	v. stat. comp. trans.
تعمیم کېدل	stative_compound_special	v. stat. comp. intrans.
تعهد	non_verb	n. m.
تعویذ	non_verb	n. m.
تعویذ ګر	non_verb	n. m. anim. unisex
تعویق	non_verb	n. m.
تعیین	non_verb	n. m.
تعیین کول	dynamic_compound	v. stat. comp. trans.
تغافل	non_verb	n. m.
تغافل کول	dynamic_compound	v. dyn. comp. trans.
تغذیه	non_verb	n. f.
تغنول	regular_simple	v. trans.
تغیر	non_verb	n. m.
تغییر	non_verb	n. m.
تف	non_verb	n. m.
تف	non_verb	n. m.
تفاهم	non_verb	n. m.
تفاوت	non_verb	n. m.
تفتیش	non_verb	n. m.
تفحص	non_verb	n. m.
تفدانۍ	non_verb	n. f.
تفرق	non_verb	n. m.
تفرقه	non_verb	n. f.
تفریح	non_verb	n. m.
تفرېح	non_verb	n. f.
تفریح ګاه	non_verb	n. f.
تفریط	non_verb	n. m.
تفریق	non_verb	n. m.
تفریق	non_verb	n. m.
تفریقول	regular_simple	v. stat. comp. trans.
تفسیر	non_verb	n. m.
تفصیل	non_verb	n. m.
تفکر	non_verb	n. m.
تفکیک	non_verb	n. m.
تفهم	non_verb	n. m.
تفهمده	non_verb	adj.
تفهیم	non_verb	n. m.
تقابل	non_verb	n. m.
تقابل کول	dynamic_compound	v. dyn. comp. trans.
تقاضا	non_verb	n. f.
تقاعد	non_verb	n. m.
تقاعدی	non_verb	n. m. anim. unisex
تقالید	non_verb	n. m.
تقبیح	non_verb	n. f.
تقبیح کول	dynamic_compound	v. stat. comp. trans.
تقدس	non_verb	n. m.
تقدیر	non_verb	n. m.
تقدیر نامه	non_verb	n. f.
تقدیرول	regular_simple	v. stat. comp. trans.
تقرب	non_verb	n. m.
تقریب	non_verb	n. m.
تقریباً	regular_simple	adv.
تقریر	non_verb	n. m.
تقریر کول	dynamic_compound	v. dyn. comp. trans.
تقریظ	non_verb	n. m.
تقسیم	non_verb	n. m.
تقسیم اوقات	non_verb	n. m.
تقسیم بندي	non_verb	n. f.
تقسیمول	regular_simple	v. stat. comp. trans.
تقسیمېدل	stative_compound_standard	v. stat. comp. intrans.
تقصیر	non_verb	n. m.
تقلب	non_verb	n. m.
تقلید	non_verb	n. m.
تقلید کول	dynamic_compound	v. dyn. comp. trans.
تقلیداً	regular_simple	adv.
تقلیفاً	regular_simple	adv.
تقویٰ	non_verb	n. f.
تقویت	non_verb	n. m.
تقویم	non_verb	n. m.
تقویه	non_verb	n. f.
تقویه کول	dynamic_compound	v. stat. comp. trans.
تک	non_verb	n. m. anim. / n. m.
تک	non_verb	pref.
تکاسل	non_verb	n. m.
تکامل	non_verb	n. m.
تکان	non_verb	n. m.
تکبر	non_verb	n. m.
تکبیر	non_verb	
تکتیک	non_verb	n. m.
تکتیکي	non_verb	adj.
تکثیر	non_verb	n. m.
تکرار	regular_simple	n. m. / adv.
تکرار کول	dynamic_compound	v. stat. comp. trans.
تکراراً	regular_simple	adv.
تکرارول	regular_simple	v. stat. comp. trans.
تکراري	non_verb	n. f.
تکرارېدل	stative_compound_standard	v. stat. comp. intrans.
تکریم	non_verb	n. m.
تکړه	non_verb	adj.
تکړه والی	non_verb	n. m.
تکل	non_verb	n. m.
تکل کول	dynamic_compound	v. dyn. comp. trans.
تکلیف	non_verb	n. m.
تکلیف ورکول	regular_simple	v. dyn. comp. trans.
تکلیف ورکوونکی	non_verb	adj.
تکلیفول	regular_simple	v. stat. comp. trans.
تکمه	non_verb	n. f.
تکمیل	non_verb	n. m.
تکمیلول	regular_simple	v. stat. comp. trans.
تکمیلېدل	stative_compound_standard	v. stat. comp. intrans.
تکې تنها	regular_simple	adv.
تکیه	non_verb	n. f.
تکیه کلام	non_verb	n. m.
تکیه کول	dynamic_compound	v. dyn. comp. trans.
تکیه ګاه	non_verb	n. f.
تګ	non_verb	n. m.
تګ راتګ	non_verb	n. m.
تګلاره	non_verb	n. f.
تل	regular_simple	adv.
تل	non_verb	n. m.
تل تر تله	regular_simple	adv.
تلاش	non_verb	n. m.
تلاش کول	dynamic_compound	v. dyn. comp. trans.
تلاشي	non_verb	n. f.
تلاشي کول	dynamic_compound	v. stat. comp. trans.
تلافي	non_verb	n. f.
تلافي کول	dynamic_compound	v. stat. comp. trans.
تلافي کېدل	stative_compound_special	v. stat. comp. intrans.
تلاکۍ	non_verb	n. f. anim.
تلاو	non_verb	n. m.
تلاوت	non_verb	n. m.
تلاوت کول	dynamic_compound	v. dyn. comp. trans.
تلاوی	non_verb	n. m.
تلپاته	non_verb	adj.
تلپاتی	non_verb	adj.
تلف	non_verb	n. m.
تلفظ	non_verb	n. m.
تلفظ کول	dynamic_compound	v. dyn. comp. trans.
تلفیق	non_verb	n. m.
تلقین	non_verb	n. m.
تلقین کول	dynamic_compound	v. dyn. comp. trans.
تلک	non_verb	n. m.
تلک	non_verb	n. m.
تلل	suppletive	v. intrans.
تلل	suppletive	v. trans.
تله	non_verb	n. f.
تله	non_verb	n. f.
تله پر تېرول	regular_simple	v. dyn. comp. trans.
تلوار	non_verb	n. m.
تلوسه	non_verb	n. f.
تلول	non_verb	adj.
تلول	regular_simple	v. stat. comp. trans.
تلول	regular_simple	v. stat. comp. trans.
تلول	regular_simple	v. trans.
تلولی	non_verb	
تلی	non_verb	n. m.
تلی	non_verb	n. m.
تلېسېمیا	non_verb	n. f.
تلین	non_verb	n. m.
تم	non_verb	adj.
تم ځای	non_verb	n. m.
تم کول	dynamic_compound	v. stat. comp. trans.
تماس	non_verb	n. m.
تماشا	non_verb	n. f.
تماشایي	non_verb	n. m. anim. unisex
تماشبین	non_verb	n. m. anim. unisex
تماشه	non_verb	n. f.
تماشه جوړول	regular_simple	v. dyn. comp. trans.
تماشه کوونکی	non_verb	n. m. anim. unisex
تماشه ګر	non_verb	n. m. anim. unisex
تماکو	non_verb	n. m. pl.
تمام	non_verb	adj.
تماماً	regular_simple	adv.
تمامول	regular_simple	v. stat. comp. trans.
تمامیت	non_verb	n. m.
تمامېدل	stative_compound_standard	v. stat. comp. intrans.
تمانچه	non_verb	n. f.
تمایل	non_verb	n. m.
تمباکو	non_verb	n. m. pl.
تمبل	non_verb	n. m.
تمبه	non_verb	n. f.
تمبو	non_verb	n. f.
تمبور	non_verb	n. m.
تمبول	regular_simple	v. trans.
تمبېدل	stative_compound_standard	v. intrans.
تمثیل	non_verb	n. m.
تمجید	non_verb	n. m.
تمځای	non_verb	n. m.
تمچو	non_verb	n. m.
تمدن	non_verb	n. m.
تمدن والا	non_verb	adj.
تمدید	non_verb	n. m.
تمدید	non_verb	n. m.
تمدید کول	dynamic_compound	v. stat. comp. trans.
تمدیدول	regular_simple	v. stat. comp. trans.
تمدیدېدل	stative_compound_standard	v. stat. comp. intrans.
تمرکز	non_verb	n. m.
تمرکز کول	dynamic_compound	v. dyn. comp. trans.
تمرین	non_verb	n. m.
تمساح	non_verb	n. m. anim. unisex
تمسخر	non_verb	n. m.
تمسخر	non_verb	n. m.
تمشخر	non_verb	n. m.
تمغه	non_verb	n. f.
تمکین	non_verb	n. m.
تمنا	non_verb	n. f.
تمڼ	non_verb	adj.
تمڼی	non_verb	adj.
تمه	non_verb	n. f.
تمه لرل	regular_simple	v. dyn. comp. trans.
تموس	non_verb	n. m.
تموس	non_verb	n. m.
تموس	non_verb	n. m.
تمول	regular_simple	v. stat. comp. trans.
تمویل	non_verb	n. m.
تمېدل	stative_compound_standard	v. stat. comp. intrans.
تمیز	non_verb	n. m.
تمییز	non_verb	n. m.
تن	non_verb	n. m.
تن	non_verb	suff.
تن پرور	non_verb	adj.
تناسب	non_verb	n. m.
تناظر	non_verb	n. m.
تناقض	non_verb	n. m.
تناو	non_verb	n. m.
تنبل	non_verb	adj.
تنبلي	non_verb	n. f.
تنبیه	non_verb	n. f.
تنتنا	non_verb	n. f.
تنخا	non_verb	adj.
تنخوا	non_verb	n. f.
تندار	non_verb	n. f. anim.
تنداره	non_verb	n. f. anim.
تندخوی	non_verb	adj.
تندر	non_verb	n. m.
تندر	non_verb	n. m.
تندر نیول	regular_simple	v. dyn. comp. trans.
تندرست	non_verb	adj.
تندره	non_verb	n. f.
تندره	non_verb	n. f.
تندروس	non_verb	n. m.
تندروست	non_verb	adj.
تندروستوالی	non_verb	n. m.
تندروستي	non_verb	n. f.
تنده	non_verb	n. f.
تندول	regular_simple	v. stat. comp. trans.
تندی	non_verb	adj.
تندی	non_verb	n. m.
تندی	non_verb	n. m. anim. unisex / adj.
تندي	non_verb	n. f.
تندیاره	non_verb	n. f. anim.
تندېدل	stative_compound_standard	v. stat. comp. intrans.
تنډو	non_verb	adj.
تنظیم	non_verb	n. m.
تنظیمول	regular_simple	v. stat. comp. trans.
تنظیمیه	non_verb	n. f.
تنفر	non_verb	n. m.
تنفر کول	dynamic_compound	v. dyn. comp. trans.
تنفس	non_verb	n. m.
تنفسي	non_verb	adj.
تنقید	non_verb	n. m.
تنقید کول	dynamic_compound	v. dyn. comp. trans.
تنقیدي	non_verb	adj.
تنکی	non_verb	adj.
تنګ	non_verb	adj.
تنګ تروش	non_verb	adj.
تنګ حوصله	non_verb	adj.
تنګ دستي	non_verb	n. f.
تنګ دل	non_verb	adj.
تنګدستي	non_verb	n. f.
تنګسه	non_verb	n. f.
تنګسیا	non_verb	n. f.
تنګلاسی	non_verb	adj.
تنګلاسي	non_verb	n. f.
تنګول	regular_simple	v. stat. comp. trans.
تنګون	non_verb	n. m.
تنګی	non_verb	n. m.
تنګېدل	stative_compound_standard	v. stat. comp. intrans.
تنه	non_verb	n. f.
تنه	non_verb	
تنها	regular_simple	adv.
تنهایي	non_verb	n. f.
تنور	non_verb	n. m.
تنوع	non_verb	n. m.
تنول	regular_simple	v. trans.
تنېدل	stative_compound_standard	v. intrans.
تڼ	non_verb	n. m.
تڼاکه	non_verb	n. f.
تڼاکي کېدل	stative_compound_special	v. stat. comp. intrans.
تڼهار	non_verb	n. m.
تڼی	non_verb	n. m.
تڼۍ	non_verb	n. f.
ته	non_verb	adpos.
ته	non_verb	pron.
تهاجم	non_verb	n. m.
تهاجمي	non_verb	adj.
تهجد	non_verb	n. m.
تهخانه	non_verb	n. f.
تهداب	non_verb	n. m.
تهدید	non_verb	n. m.
تهمت	non_verb	n. m.
تهمت لګول	regular_simple	v. dyn. comp. trans.
تهن	non_verb	adj.
تهي	non_verb	adj.
تو	non_verb	n. m.
تو کول	dynamic_compound	v. dyn. comp. trans.
تواتر	non_verb	n. m.
توازن	non_verb	n. m.
توازن کول	dynamic_compound	v. stat. comp. trans.
تواضع	non_verb	n. f.
توافق	non_verb	n. m.
توان	non_verb	n. m.
توان	non_verb	n. m.
توان	non_verb	n. m.
توانمندي	non_verb	n. f.
تواني	non_verb	n. f.
توانېدل	stative_compound_standard	v. intrans.
توبره	non_verb	n. f.
توبه	non_verb	n. f.
توبه ایستل	regular_simple	v. dyn. comp. trans.
توبه باسل	regular_simple	v. dyn. comp. trans.
توبه کول	dynamic_compound	v. dyn. comp. trans.
توبه ګار	non_verb	adj. / n. m. anim. unisex
توبه ویستل	regular_simple	v. dyn. comp. trans.
توپ	non_verb	n. m.
توپان	non_verb	n. m.
توپک	non_verb	n. m.
توپنچه	non_verb	n. f.
توپه	non_verb	n. f.
توپیر	non_verb	n. m.
توت	non_verb	n. m.
توت	non_verb	n. m. / adj.
توتکۍ	non_verb	n. f. anim.
توتی	non_verb	adj.
توتي	non_verb	n. f.
توجه	non_verb	n. f.
توجه کول	dynamic_compound	v. dyn. comp. trans.
توجه ورکول	regular_simple	v. dyn. comp. trans.
توجیه	non_verb	n. f.
توجیه کول	dynamic_compound	v. stat. comp. trans.
توحید	non_verb	n. m.
تود	non_verb	adj.
تودوخه	non_verb	n. f.
تودوکی	non_verb	adj.
تودول	regular_simple	v. stat. comp. trans.
تودېدل	stative_compound_standard	v. stat. comp. intrans.
تور	non_verb	adj.
تور	non_verb	n. m.
تور بازار	non_verb	n. m.
تور لګول	regular_simple	v. dyn. comp. trans.
تور مخی	non_verb	adj.
تور مخی	non_verb	n. m.
تور مرچ	non_verb	n. m.
تورات	non_verb	n. m.
تورپوست	non_verb	adj.
تورت	non_verb	adj. / n. m. anim. unisex
تورتپ	non_verb	adj.
تورتلب	non_verb	adj.
تورتم	non_verb	adj. / n. m.
تورزن	non_verb	adj.
تورسرې	non_verb	n. f.
تورکڼي	non_verb	n. m. pl.
تورن	non_verb	adj.
تورن	non_verb	n. m.
تورنول	regular_simple	v. stat. comp. trans.
تورنېدل	stative_compound_standard	v. stat. comp. intrans.
توره	non_verb	n. f.
توره	non_verb	n. f.
توره	non_verb	n. f.
توره تخته	non_verb	
توروالی	non_verb	n. m.
توری	non_verb	adj. / n. m. anim. unisex
توری	non_verb	n. m.
توری	non_verb	n. m.
توری	non_verb	n. m.
تورې چشمې	non_verb	
توریالی	non_verb	adj.
توریالی	non_verb	adj.
توړۍ	non_verb	n. f. anim.
توړۍ زی	non_verb	n. m. anim.
توړۍ زۍ	non_verb	n. f. anim.
توزیز	non_verb	n. m.
توږل	regular_simple	v. trans.
توس	non_verb	n. m.
توس	non_verb	n. m.
توش	non_verb	n. m.
توشک	non_verb	n. f.
توشک	non_verb	n. m.
توشیح	non_verb	n. m.
توشیح کول	dynamic_compound	v. stat. comp. trans.
توښ	non_verb	adj.
توښ	non_verb	n. m.
توښ	non_verb	n. m.
توښه	non_verb	n. f.
توښه	non_verb	n. f.
توښۍ	non_verb	n. f.
توصیه	non_verb	n. f.
توضیح	non_verb	n. f.
توضیح کول	dynamic_compound	v. stat. comp. trans.
توغ	non_verb	n. m.
توغندی	non_verb	n. m.
توغه	non_verb	n. f.
توغول	regular_simple	v. trans.
توفان	non_verb	n. m.
توفاني	non_verb	adj.
توفدانۍ	non_verb	n. f.
توفیق	non_verb	n. m.
توقع	non_verb	n. f.
توقع کول	dynamic_compound	v. dyn. comp. trans.
توقف	non_verb	n. m.
توقف ګاه	non_verb	n. m.
توقیف	non_verb	n. m.
توقیفول	regular_simple	v. stat. comp. trans.
توقیفېدل	stative_compound_standard	v. stat. comp. intrans.
توک	non_verb	n. m.
توک	non_verb	n. m.
توکاڼي	non_verb	n. m. pl.
توکل	non_verb	n. m.
توکل	regular_simple	v. gramm. trans.
توکل کول	dynamic_compound	v. dyn. comp. trans.
توکم	non_verb	n. m.
توکم	non_verb	n. m.
توکم پال	non_verb	adj. / n. m. anim. unisex
توکم پالنه	non_verb	n. f.
توکمپال	non_verb	adj. / n. m. anim. unisex
توکمه	non_verb	n. f.
توکمیز	non_verb	adj.
توکمیزي	non_verb	adj.
توکه	non_verb	n. f.
توکه	non_verb	n. f.
توکی	non_verb	n. m.
توګه	non_verb	n. f.
تول	non_verb	adj.
تول	non_verb	n. m.
تول	non_verb	n. m.
تول کول	dynamic_compound	v. stat. comp. trans.
تولائي	non_verb	n. f.
تولد	non_verb	n. m.
تولنده	non_verb	n. f.
تولول	regular_simple	v. stat. comp. trans.
تولول	regular_simple	v. stat. comp. trans.
تولول	regular_simple	v. trans.
تولۍ	non_verb	n. f.
تولۍ	non_verb	n. f.
تولۍ	non_verb	n. f.
تولیا	non_verb	n. f.
تولید	non_verb	n. m.
تولیدول	regular_simple	v. stat. comp. trans.
تولیدوونکی	non_verb	n. m. anim. unisex / adj.
تولیدېدل	stative_compound_standard	v. stat. comp. intrans.
تولیه	non_verb	n. f.
تومار	non_verb	n. m.
تومانچه	non_verb	n. f.
تومت	non_verb	n. m.
تومن	non_verb	n. m.
تومن	non_verb	n. m.
تومنه	non_verb	n. f.
تومنه	non_verb	n. f.
تومڼ	non_verb	adj.
تومڼی	non_verb	adj.
تومڼی	non_verb	adj.
توند	non_verb	adj.
توند خوی	non_verb	adj. / n. m. anim. unisex
توند لاری	non_verb	adj. / n. m. anim. unisex
توند لاریتوب	non_verb	n. m.
تونګی	non_verb	n. m.
تونل	non_verb	n. m.
توڼۍ	non_verb	n. f.
توهم	non_verb	n. m.
توهین	non_verb	n. m.
توهینېدل	stative_compound_standard	v. stat. comp. intrans.
توی	non_verb	adj.
توی	non_verb	n. m.
توی	non_verb	n. m.
توي کول	non_verb	
توي کېدل	non_verb	
تویول	regular_simple	v. stat. comp. trans.
تویېدل	stative_compound_standard	v. stat. comp. intrans.
تی	non_verb	n. m.
تی لرونکی	non_verb	adj. / n. m. anim. unisex
تي لرونکی	non_verb	adj. / n. m. anim. unisex
تی ورکول	regular_simple	v. dyn. comp. trans.
تی ورکوونکی	non_verb	n. f.
تي ورکوونکې	non_verb	n. f.
تیاتر	non_verb	n. m.
تیار	non_verb	adj.
تیاره	non_verb	n. f.
تیارول	regular_simple	v. stat. comp. trans.
تیاری	non_verb	n. m.
تیاري	non_verb	n. f.
تیاري نیول	regular_simple	v. dyn. comp. trans.
تیارېدل	stative_compound_standard	v. stat. comp. intrans.
تیت	non_verb	adj.
تیتانوس	non_verb	n. m.
تیتول	regular_simple	v. stat. comp. trans.
تیر	non_verb	n. m.
تېر	non_verb	adj.
تیر انداز	non_verb	n. m. anim. unisex
تیر اندازي	non_verb	n. f.
تېر ایستل	non_verb	
تېر اېستل	non_verb	
تېر شوی	non_verb	
تېر کال	regular_simple	adv.
تېر هېر	non_verb	adj.
تېر هېر	non_verb	adj.
تېر و بېر	regular_simple	adj. / adv.
تېر و بېر	regular_simple	adj. / adv.
تېر وتل	non_verb	
تیراژ	non_verb	n. m.
تېرکال	regular_simple	adv.
تېره	non_verb	adj.
تېره کول	dynamic_compound	v. stat. comp. trans.
تېره کېدل	stative_compound_special	v. stat. comp. intrans.
تېروتل	regular_simple	v. intrans.
تېروتنه	non_verb	n. f.
تېروتنه کول	dynamic_compound	v. dyn. comp. trans.
تېرول	regular_simple	v. stat. comp. trans.
تېری	non_verb	n. m.
تېری کول	dynamic_compound	v. dyn. comp. trans.
تېرېدل	stative_compound_standard	v. stat. comp. intrans.‌ opt. compl.
تیز	non_verb	n. m.
تېز	non_verb	adj.
تېز خویه	non_verb	adj.
تیزاب	non_verb	n. m.
تېزاب	non_verb	n. m.
تیزرګ	non_verb	n. m.
تېزرګ	non_verb	n. m.
تیزن	non_verb	n. m.
تېزوالی	non_verb	n. m.
تېزول	regular_simple	v. stat. comp. trans.
تېزي	non_verb	n. f.
تېزي کول	dynamic_compound	v. dyn. comp. trans.
تېزېدل	stative_compound_standard	v. stat. comp. intrans.
تیږه	non_verb	n. f.
تېش	non_verb	n. m.
تېش خولی	non_verb	n. m.
تېښته	non_verb	n. f.
تېښته کول	dynamic_compound	v. dyn. comp. trans.
تېغ	non_verb	n. m.
تېغنه	non_verb	n. f.
تېکی	non_verb	n. m.
تېکیر	non_verb	n. m.
تېکیر کول	dynamic_compound	v. stat. comp. trans.
تیګا	non_verb	n. f.
تیګا نه لرل	regular_simple	v. dyn. comp. trans.
تیګا وهل	dynamic_compound	v. dyn. comp. trans.
تیګه	non_verb	n. f.
تیل	non_verb	n. m. pl.
تېل	non_verb	n. m. pl.
تېلفون	non_verb	n. m.
تیلی	non_verb	n. m.
تیمم	non_verb	n. m.
تیمم وهل	dynamic_compound	v. dyn. comp. trans.
تینداره	non_verb	n. f.
تیندک	non_verb	n. m.
تیندک خوړل	regular_simple	v. dyn. comp. trans.
تینګړی	non_verb	n. m.
تیهخانه	non_verb	n. f.
تیوب	non_verb	n. m.
تیوري	non_verb	n. f.
تېوري	non_verb	n. f.
ټاپل	regular_simple	v. trans.
ټاپه	non_verb	n. f.
ټاپه رس	non_verb	n. m.
ټاپه لګول	regular_simple	v. dyn. comp. trans.
ټاپو	non_verb	n. m.
ټاپو وزمه	non_verb	n. f.
ټاپووزمه	non_verb	n. f.
ټاټ	non_verb	adj. / n. m. anim. unisex
ټاټوالی	non_verb	n. m.
ټاټوبه	non_verb	n. f.
ټاټوبی	non_verb	n. m.
ټاټول	regular_simple	v. stat. comp. trans.
ټاټېدل	stative_compound_standard	v. stat. comp. intrans.
ټارچ	non_verb	n. m.
ټاس ویشتل	non_verb	
ټافي	non_verb	n. f.
ټاکل	regular_simple	v. trans.
ټاکند	non_verb	adj.
ټاکنده	non_verb	n. f.
ټاکنه	non_verb	n. f.
ټاکنیز	non_verb	adj.
ټاکۍ	non_verb	n. f.
ټال	non_verb	n. m.
ټالول	regular_simple	v. stat. comp. trans.
ټالېدل	stative_compound_standard	v. stat. comp. intrans.
ټالېده	non_verb	n. m.
ټانټس	non_verb	adj.
ټانټه	non_verb	n. f.
ټانسل	non_verb	n. m.
ټانسل کېدل	stative_compound_special	v. stat. comp. intrans.
ټانک	non_verb	n. m.
ټانکه	non_verb	n. f.
ټانکه لګول	regular_simple	v. dyn. comp. trans.
ټانګ	non_verb	n. m.
ټانګه	non_verb	n. f.
ټاور	non_verb	n. m.
ټایټ	regular_simple	adv.
ټایر	non_verb	n. m.
ټایي	non_verb	n. f.
ټبر	non_verb	n. m.
ټپ	non_verb	n. m.
ټپ	non_verb	suff.
ټپ و ټپ	non_verb	n. m.
ټپال	non_verb	n. m. anim. unisex
ټپټپی	non_verb	n. m.
ټپرېدل	stative_compound_standard	v. intrans.
ټپکه	non_verb	n. f.
ټپه	non_verb	n. f.
ټپه ټغره	non_verb	n. f.
ټپوڅ	non_verb	n. m. anim. unisex
ټپوس	non_verb	n. m.
ټپول	regular_simple	v. trans.
ټپي	non_verb	adj. / n. m. anim. unisex
ټپۍ	non_verb	n. f.
ټټر	non_verb	n. m.
ټټر وهل	dynamic_compound	v. dyn. comp. trans.
ټټو	non_verb	n. m. anim.
ټټوغی	non_verb	n. m. anim.
ټټوی	non_verb	n. m. anim.
ټټۍ	non_verb	n. f.
ټچ	non_verb	n. m.
ټچ کول	dynamic_compound	v. stat. comp. trans.
ټچ موبایل	non_verb	n. m.
ټر	non_verb	n. m.
ټرافي	non_verb	n. f.
ټراک	non_verb	n. m. anim.
ټرک	non_verb	n. m.
ټرهار	non_verb	n. m.
ټروما	non_verb	n. f.
ټریفک	non_verb	n. m.
ټریګر	non_verb	n. m.
ټریننګ	non_verb	n. m.
ټس	non_verb	n. m.
ټسټ	non_verb	n. m.
ټسټ کول	dynamic_compound	v. stat. comp. trans.
ټسټ کېدل	stative_compound_special	v. stat. comp. intrans.
ټغر	non_verb	n. m.
ټک	non_verb	n. m.
ټک په ټک	regular_simple	adv.
ټک سری	non_verb	n. m. anim. unisex / adj.
ټک ورکول	regular_simple	v. dyn. comp. trans.
ټکا	non_verb	n. f.
ټکا	non_verb	n. f.
ټکا کول	dynamic_compound	v. stat. comp. trans.
ټکارکی	non_verb	n. m.
ټکاله	non_verb	n. f.
ټکان	non_verb	n. m.
ټکانه	non_verb	n. f.
ټکانه	non_verb	n. f.
ټکټ	non_verb	n. m.
ټکټ پولي	non_verb	n. f.
ټکر	non_verb	n. m.
ټکر	non_verb	n. m.
ټکر ټکر	non_verb	adj.
ټکر وهل	dynamic_compound	v. dyn. comp. trans.
ټکره	non_verb	n. f.
ټکره وهل	dynamic_compound	v. dyn. comp. trans.
ټکری	non_verb	n. m.
ټکری	non_verb	n. m.
ټکسره	non_verb	n. f.
ټکسي	non_verb	n. f.
ټکنالوژي	non_verb	n. f.
ټکنالوژۍ	non_verb	n. f.
ټکنده	non_verb	n. f.
ټکنی	non_verb	adj.
ټکنی کول	dynamic_compound	v. stat. comp. trans.
ټکنی کېدل	stative_compound_special	v. stat. comp. intrans.
ټکهار	non_verb	n. m.
ټکول	regular_simple	v. trans.
ټکوهنه	non_verb	n. f.
ټکی	non_verb	n. m.
ټکي ټکي	non_verb	adj.
ټکیالی	non_verb	adj.
ټکېدل	stative_compound_standard	v. intrans.
ټګ	non_verb	n. m. anim. unisex
ټګری	non_verb	n. m.
ټګری ټګری	non_verb	adj.
ټګمار	non_verb	n. m. anim. unisex
ټګماري	non_verb	n. f.
ټګي	non_verb	n. f.
ټګي برګي	non_verb	n. f.
ټګي کول	dynamic_compound	v. dyn. comp. trans.
ټل	non_verb	n. m.
ټلواله	non_verb	n. f.
ټلوالي	non_verb	n. f.
ټلۍ	non_verb	n. f.
ټلۍ وهل	dynamic_compound	v. dyn. comp. trans.
ټلیفون	non_verb	n. m.
ټلیفون کول	dynamic_compound	v. dyn. comp. trans.
ټلیویژن	non_verb	n. m.
ټماټر	non_verb	n. m.
ټمبر	non_verb	
ټمبل	non_verb	adj.
ټمبلي	non_verb	n. f.
ټمبه	non_verb	n. f.
ټمبه کېدل	stative_compound_special	v. stat. comp. intrans.
ټمپرېچر	non_verb	n. m.
ټن	non_verb	n. m.
ټنبل	non_verb	n m. / adj.
ټنډ	non_verb	adj.
ټنډه	non_verb	adj.
ټنډه	non_verb	n. f.
ټنډول	regular_simple	v. stat. comp. trans.
ټنډېدل	stative_compound_standard	v. stat. comp. intrans.
ټنګ	non_verb	n. m.
ټنګ ټکور	non_verb	n. m.
ټنګار	non_verb	n. m.
ټنګره	non_verb	n. f.
ټنګسال	non_verb	n. m.
ټنګهار	non_verb	n. m.
ټوپ	non_verb	n. m.
ټوپ اچول	regular_simple	v. dyn. comp. trans.
ټوپ ټپانی	non_verb	n. m.
ټوپ وهل	dynamic_compound	v. dyn. comp. trans.
ټوپک	non_verb	n. m.
ټوپکمار	non_verb	n. m. anim. unisex
ټوپکۍ	non_verb	n. f.
ټوپن	non_verb	n. m.
ټوپن	non_verb	n. m.
ټوپونه وهل	dynamic_compound	v. dyn. comp. trans.
ټوپۍ	non_verb	n. f.
ټوت برش	non_verb	n. m.
ټوت پیسټ	non_verb	n. m.
ټوت پیک	non_verb	n. m.
ټوټکۍ	non_verb	n. f.
ټوټه	non_verb	n. f.
ټوټه ټوټه	non_verb	adj.
ټوټه ټوټه کول	dynamic_compound	v. stat. comp. trans.
ټوټه ټوټه کېدل	stative_compound_special	v. stat. comp. intrans.
ټوټۍ	non_verb	n. f.
ټوټې ټوټې کول	non_verb	
ټوټې کول	non_verb	
ټوټې کېدل	non_verb	
ټوخ	non_verb	n. m.
ټوخ ټوخ	non_verb	n. m.
ټوخل	regular_simple	v. gramm. trans.
ټوخه	non_verb	n. f.
ټوخول	regular_simple	v. trans.
ټوخی	non_verb	n. m.
ټوخېدل	stative_compound_standard	v. intrans.
ټوسان	non_verb	n. m. pl.
ټوسټ	non_verb	n. m.
ټوفک	non_verb	n. m.
ټوقمار	non_verb	n. m. anim. unisex
ټوقه	non_verb	n. f.
ټوقه ټکاله	non_verb	
ټوقې ټقالې	non_verb	
ټوک	non_verb	n. m.
ټوک	non_verb	n. m.
ټوک خور	non_verb	n. m. anim. unisex
ټوکر	non_verb	n. m.
ټوکر	non_verb	n. m. pl.
ټوکره	non_verb	n. f.
ټوکری	non_verb	n. m.
ټوکرۍ	non_verb	n. f.
ټوکړه	non_verb	n. f.
ټوکل	regular_simple	v. trans.
ټوکمار	non_verb	n. m. anim. unisex
ټوکنه	non_verb	n. f.
ټوکه	non_verb	n. f.
ټوکول	regular_simple	v. trans.
ټوکي	non_verb	n. m. anim. unisex / adj.
ټوکې ټکالې	non_verb	n. f. pl.
ټوکې کول	dynamic_compound	v. dyn. comp. trans.
ټوکېدل	stative_compound_standard	v. intrans.
ټوکییز	non_verb	adj.
ټول	regular_simple	det. / adj. / adv.
ټول ټال	regular_simple	adv.
ټول عمر	regular_simple	adv.
ټولپوښتنه	non_verb	n. f.
ټولپوهنه	non_verb	n. f.
ټولپوهنیز	non_verb	adj.
ټولټاکنه	non_verb	n. f.
ټولټال	regular_simple	adv.
ټولشمول	non_verb	adj.
ټولګډونه	non_verb	adj.
ټولګډونی	non_verb	adj.
ټولګی	non_verb	n. m.
ټولګیخونه	non_verb	n. f.
ټولنه	non_verb	n. f.
ټولنواکي	non_verb	n. f.
ټولنیز	non_verb	adj.
ټولنیزه رسنۍ	non_verb	
ټوله	non_verb	n. f.
ټولواک	non_verb	n. m. anim. unisex
ټولواکي	non_verb	n. f.
ټولواګی	non_verb	n. m.
ټولوژنه	non_verb	n. f.
ټولول	regular_simple	v. stat. comp. trans.
ټولوونکی	non_verb	n. m. anim. unisex / adj.
ټولۍ	non_verb	n. f.
ټولۍ	non_verb	n. f.
ټولېدل	stative_compound_standard	v. stat. comp. intrans.
ټولیز	non_verb	adj.
ټولیزي رسنۍ	non_verb	n. f.
ټوم	non_verb	n. m.
ټومبل	regular_simple	v. trans.
ټونبل	regular_simple	v. trans.
ټونګرېیل	regular_simple	v. trans.
ټونګل	regular_simple	v. trans.
ټونګه	non_verb	n. f.
ټونګې وهل	dynamic_compound	v. dyn. comp. trans. sing. or plur.
ټویټ	non_verb	n. m.
ټوېټر	non_verb	n. m.
ټي بي	non_verb	n. f.
ټي وي	non_verb	n. f.
ټیپ	non_verb	n. m.
ټیپ ریکارډ	non_verb	n. m.
ټیپ کول	dynamic_compound	v. stat. comp. trans.
ټیپ کېدل	stative_compound_special	v. stat. comp. intrans.
ټېپر	non_verb	n. m.
ټیټ	non_verb	adj.
ټیټېدل	stative_compound_standard	v. stat. comp. intrans.
ټیر	non_verb	n. m.
ټیز	non_verb	n. m.
ټېغ	non_verb	n. m.
ټېغ ایستل	regular_simple	v. dyn. comp. trans.
ټېغ کښل	regular_simple	v. dyn. comp. trans.
ټیک	non_verb	adj.
ټېک	non_verb	adj.
ټیک ټاک	non_verb	adj.
ټېک ټاکر	non_verb	n. m. anim. unisex
ټیک کول	dynamic_compound	v. stat. comp. trans.
ټیک کېدل	stative_compound_special	v. stat. comp. intrans.
ټیکاله	non_verb	n. f.
ټیکاو	non_verb	n. m.
ټېکاو	non_verb	n. m.
ټیکټ	non_verb	n. m.
ټیکټر	non_verb	n. m.
ټیکری	non_verb	n. m.
ټیکس	non_verb	n. m.
ټیکس اخیستونکی	non_verb	n. m. anim. unisex
ټیکسي	non_verb	n. f.
ټیکه	non_verb	n. f.
ټېکه	non_verb	n. f.
ټیکه دار	non_verb	n. m. anim. unisex
ټیکه لګول	regular_simple	v. dyn. comp. trans.
ټیکوالی	non_verb	n. m.
ټېکېدل	stative_compound_standard	v. stat. comp. intrans.
ټېل	non_verb	n. m.
ټېل ټال	non_verb	n. m.
ټېل ماټېل	non_verb	n. m.
ټېل وهل	dynamic_compound	v. dyn. comp. trans.
ټېلفون	non_verb	n. m.
ټېلفوني	non_verb	adj.
ټېله	non_verb	n. f.
ټېله کول	dynamic_compound	v. dyn. comp. trans.
ټېله مار	non_verb	n. m. anim. unisex / n. m.
ټېله ورکول	regular_simple	v. dyn. comp. trans.
ټیلیګرام	non_verb	n. m.
ټیم	non_verb	
ټېنک	non_verb	n. m.
ټینکۍ	non_verb	n. f.
ټینګ	regular_simple	adj. / adv.
ټینګار	non_verb	n. m.
ټینګار کول	dynamic_compound	v. dyn. comp. trans.
ټینګښت	non_verb	n. m.
ټینګوالی	non_verb	n. m.
ټینګول	regular_simple	v. stat. comp. trans.
ټینګېدل	stative_compound_standard	v. stat. comp. intrans.
ټیوب	non_verb	n. m.
ثابت	non_verb	adj.
ثابت قدم	non_verb	adj.
ثابتول	regular_simple	v. stat. comp. trans.
ثابتېدل	stative_compound_standard	v. stat. comp. intrans.
ثانوي	non_verb	adj.
ثانیه	non_verb	n. f.
ثانیه ګرد	non_verb	n. m.
ثبات	non_verb	n. m.
ثبت	non_verb	n. m.
ثبتول	regular_simple	v. stat. comp. trans.
ثبتېدل	stative_compound_standard	v. stat. comp. intrans.
ثبوت	non_verb	n. m.
ثروت	non_verb	n. m.
ثقافت	non_verb	n. m.
ثقیل	non_verb	adj.
ثمر	non_verb	n. m.
ثنا	non_verb	n. f.
ثواب	non_verb	n. m.
ثواب	non_verb	n. m.
جابر	non_verb	adj.
جابرانه	regular_simple	adj. / adv.
جابۍ	non_verb	n. f.
جاپان	non_verb	n. m.
جاپانی	non_verb	n. m. anim. unisex
جاپاني	non_verb	adj. / n. f.
جاج	non_verb	n. m.
جاج اخیستل	regular_simple	v. dyn. comp. trans.
جاخه	non_verb	n. f.
جاده	non_verb	n. f.
جادو	non_verb	n. m.
جادوګر	non_verb	n. m. anim. unisex
جادوګرانه	regular_simple	adv. / adj.
جادوګره	non_verb	n. f. anim.
جادوګري	non_verb	n. f.
جادویي	non_verb	adj.
جاذب نظر	non_verb	adj.
جاذبه	non_verb	n. f.
جاذبیت	non_verb	
جار	non_verb	n. m.
جار	non_verb	n. m.
جار	non_verb	n. m.
جار ایستل	non_verb	
جار ایستنګ	non_verb	n. m.
جار ایستنه	non_verb	n. f.
جار باسل	non_verb	
جار وهل	dynamic_compound	v. dyn. comp. trans.
جارباسنه	non_verb	n. f.
جارحانه	non_verb	adj.
جارو	non_verb	n. f.
جارو کول	dynamic_compound	v. dyn./stat. comp. trans.
جارول	regular_simple	v. stat. comp. trans.
جاري	non_verb	adj.
جاري ساتل	non_verb	
جاري کول	dynamic_compound	v. stat. comp. trans.
جارېدل	stative_compound_standard	v. stat. comp. intrans.
جاړن	non_verb	n. m.
جاړه	non_verb	adj.
جاړه	non_verb	n. m.
جاسوس	non_verb	n. m. anim. unisex
جاسوسي	non_verb	n. f.
جاسوسي	non_verb	n. f. / adj.
جاسوسي کول	dynamic_compound	v. dyn. comp. trans.
جاښه	non_verb	n. f. / adj.
جاښه آزادول	non_verb	
جاغه	non_verb	n. f.
جاکت	non_verb	n. m.
جاکت	non_verb	n. m.
جاګنی	non_verb	n. m.
جاګیرداري	non_verb	n. f.
جال	non_verb	n. m.
جالب	non_verb	adj.
جاله	non_verb	n. f.
جاله	non_verb	n. f.
جاله وان	non_verb	n. m.
جالۍ	non_verb	n. m.
جام	non_verb	n. m.
جامد	non_verb	adj.
جامع	non_verb	adj.
جامه	non_verb	n. f.
جامې	non_verb	n. f. pl.
جان	non_verb	
جانان	non_verb	
جانب	non_verb	n. m.
جانبي عارضه	non_verb	n. m.
جانبي عوارض	non_verb	n. m. pl.
جانجی	non_verb	adj.
جانجېدل	stative_compound_standard	v. stat. comp. intrans.
جاندار	non_verb	adj.
جانګی	non_verb	n. m.
جاهل	non_verb	adj. / n. m. anim. unisex
جایداد	non_verb	n. m.
جایز	non_verb	adj.
جائز	non_verb	adj.
جایزه	non_verb	n. f.
جایزه اخیستل	regular_simple	v. dyn. comp. trans.
جاینماز	non_verb	n. m.
جبر	non_verb	n. m.
جبران	non_verb	n. m.
جبران	non_verb	n. m. pl. ??
جبران کول	dynamic_compound	v. dyn. comp. trans.
جبرانول	regular_simple	v. stat. comp. trans.
جبرانېدل	stative_compound_standard	v. stat. comp. intrans.
جبرایل	non_verb	
جبري	regular_simple	adj. / adv.
جبړه	non_verb	n. f.
جبهه	non_verb	n. f.
جبیره	non_verb	n. f.
جبین	non_verb	n. m.
جټ	non_verb	adj.
جټ	non_verb	n. m. anim. unisex
جټکه	non_verb	n. f.
جج	non_verb	n. m.
جخت	non_verb	adj.
جختول	regular_simple	v. stat. comp. trans.
جختېدل	stative_compound_standard	v. stat. comp. intrans.
جد	non_verb	n. m.
جد	non_verb	n. m.
جد و جهد	non_verb	n. m.
جدا	non_verb	adj.
جدا کول	dynamic_compound	v. stat. comp. trans.
جدا کېدل	stative_compound_special	v. stat. comp. intrans.
جدول	non_verb	n. m.
جدي	non_verb	adj.
جدیت	non_verb	n. m.
جدید	non_verb	adj.
جدیدیت	non_verb	n. m.
جذاب	non_verb	adj.
جذام	non_verb	n. m.
جذامي	non_verb	n. m.
جذب	non_verb	n. m.
جذب کول	dynamic_compound	v. stat. comp. trans.
جذبات	non_verb	n. m.
جذباتي	non_verb	adj.
جذباتي کول	dynamic_compound	v. stat. comp. trans.
جذباتي کېدل	stative_compound_special	v. stat. comp. intrans.
جذبه	non_verb	n. f.
جذبه ورکول	regular_simple	v. dyn. comp. trans.
جذبول	regular_simple	v. stat. comp. trans.
جذبېدل	stative_compound_standard	v. stat. comp. intrans.
جرابه	non_verb	n. f.
جرابي	non_verb	n. f.
جرأت	non_verb	n. m.
جرأت کول	dynamic_compound	v. dyn. comp. trans.
جراثیم	non_verb	n. m. pl.
جراثیم کش	non_verb	n. m. pl.
جراح	non_verb	n. m. anim. unisex
جراحي	non_verb	adj.
جراحي	non_verb	n. f.
جراحي	non_verb	n. f.
جرثقیل	non_verb	n. m.
جرح	non_verb	
جرحه	non_verb	n. f.
جرد	non_verb	n. m. / adj.
جرړه	non_verb	n. f.
جرړه	non_verb	n. f.
جرس	non_verb	n. m.
جرسي	non_verb	n. f.
جرعه	non_verb	n. f.
جرقه	non_verb	n. f.
جرګه	non_verb	n. f.
جرګه ګۍ	non_verb	n. f.
جرګه مار	non_verb	n. m. anim.
جرم	non_verb	n. m.
جرم	non_verb	n. m.
جرم راوړل	regular_simple	v. dyn. comp. trans.
جرم کول	dynamic_compound	v. dyn. comp. trans.
جرمانه	non_verb	n. f.
جرمن	non_verb	adj.
جرمنی	non_verb	n. m. anim. unisex
جرمني	non_verb	n. f.
جره	non_verb	adj.
جره توب	non_verb	n. m.
جریان	non_verb	n. m.
جریب	non_verb	n. m.
جرئت	non_verb	n. m.
جریده	non_verb	n. f.
جریده نګار	non_verb	n. m.
جریمه	non_verb	n. f.
جړ	non_verb	adj.
جړق	non_verb	n. m.
جړک	non_verb	n. m.
جړمړۍ	non_verb	n. f.
جز	non_verb	n. m.
جز	non_verb	n. m.
جز	non_verb	n. m.
جزا	non_verb	n. f.
جزایي	non_verb	adj.
جزدان	non_verb	n. m.
جزم	non_verb	n. m.
جزیره	non_verb	n. f.
جزییات	non_verb	n. m. pl.
جسامت	non_verb	n. m.
جست	non_verb	n. m. pl.
جست درېدل	non_verb	
جست غورځېدل	non_verb	
جستجو	non_verb	n. f.
جسد	non_verb	n. m.
جسم	non_verb	n. m.
جسماً	regular_simple	adv.
جسماني	non_verb	adj.
جسمي	non_verb	adj.
جسه	non_verb	n. f.
جشن	non_verb	n. m.
جشن کول	dynamic_compound	v. dyn. comp. trans.
جشن نیول	regular_simple	v. dyn. comp. trans.
جعل	non_verb	n. m.
جعل کاري	non_verb	n. f.
جعلي	non_verb	adj.
جغ	non_verb	n. m.
جغات	non_verb	n. m.
جغرافیا	non_verb	n. f.
جغرافیایي	non_verb	adj.
جغرافیه	non_verb	n. f.
جغن پړی	non_verb	n. m.
جفا	non_verb	n. f.
جفت	non_verb	adj.
جفتول	regular_simple	v. stat. comp. trans.
جک	non_verb	n. m.
جک	non_verb	
جک جوړ	non_verb	adj. doub.
جکړ	non_verb	n. m.
جګ	non_verb	adj.
جګپوړی	non_verb	adj.
جګر	non_verb	n. m.
جګر خونی	non_verb	adj.
جګر خوني	non_verb	adj.
جګړن	non_verb	n. m.
جګړه	non_verb	n. f.
جګړه کول	dynamic_compound	v. dyn. comp. trans.
جګړه مار	non_verb	
جګړه ناک	non_verb	adj.
جګول	regular_simple	v. stat. comp. trans.
جګېدل	stative_compound_standard	v. stat. comp. intrans.
جل	non_verb	n. m.
جل وهل	dynamic_compound	v. dyn. comp. trans.
جلا	non_verb	adj.
جلا	non_verb	n. f.
جلا کول	dynamic_compound	v. stat. comp. trans.
جلا کېدل	stative_compound_special	v. stat. comp. intrans.
جلات	non_verb	n. m. anim. unisex
جلاد	non_verb	n. m. anim. unisex
جلال	non_verb	n. m.
جلالت	non_verb	n. m. / pref.
جلاوطن	non_verb	n. m. anim. unisex
جلاوطني	non_verb	n. f.
جلب	non_verb	n. m.
جلب	non_verb	n. m.
جلب کول	dynamic_compound	v. stat. comp. trans.
جلباب	non_verb	n. m.
جلبول	regular_simple	v. stat. comp. trans.
جلت	non_verb	adj.
جلتي	non_verb	n. f.
جلتي کول	dynamic_compound	v. dyn. comp. trans.
جلد	non_verb	n. m.
جلد کول	dynamic_compound	v. stat. comp. trans.
جلدسازي	non_verb	n. f.
جلسه	non_verb	n. m.
جلغوزه	non_verb	n. f.
جلو	non_verb	n. m.
جلوس	non_verb	n. m.
جلوګیري	non_verb	n. f.
جلوه	non_verb	n. f.
جلۍ	non_verb	n. f.
جلیا	non_verb	adj.
جم	non_verb	n. m.
جم و جوش	non_verb	n. m.
جمات	non_verb	n. m.
جماد	non_verb	n. m.
جماع	non_verb	n. f.
جماعت	non_verb	n. m.
جمال	non_verb	n. m.
جمپ	non_verb	n. m.
جمپر	non_verb	n. m.
جمپر	non_verb	n. m.
جمدر	non_verb	n. m. pl. ??
جمع	non_verb	n. f.
جمع کول	dynamic_compound	v. dyn. comp. trans.
جمعاً	regular_simple	adv.
جمعه	non_verb	n. f.
جمعه	non_verb	adj.
جمعه کول	dynamic_compound	v. stat. comp. trans.
جمعه کېدل	stative_compound_special	v. stat. comp. intrans.
جمعیت	non_verb	n. m.
جمله	non_verb	n. f.
جملي	non_verb	n. m. pl.
جمه کول	dynamic_compound	v. dyn. comp. trans.
جمهور	non_verb	n. m.
جمهوري	non_verb	adj.
جمهوریپال	non_verb	adj. / n. m. anim. unisex
جمهوریت	non_verb	n. m.
جن	non_verb	n. m.
جن	non_verb	n. m.
جناب	non_verb	pref.
جناح	non_verb	n. m.
جنازه	non_verb	n. f.
جنایت	non_verb	n. m.
جنایت کار	non_verb	n. m.
جنایي	non_verb	adj.
جنت	non_verb	n. m.
جنتري	non_verb	n. f.
جنتي	non_verb	n. m. anim. unisex / adj.
جنجال	non_verb	n. m.
جنجال جوړول	regular_simple	v. dyn. comp. trans.
جنجالي	non_verb	adj.
جنجړۍ	non_verb	n. f.
جنجړۍ	non_verb	n. f.
جنډا	non_verb	n. f.
جنډه	non_verb	n. f.
جنډۍ	non_verb	n. f.
جنرال	non_verb	n. m.
جنس	non_verb	n. m.
جنسي	non_verb	adj.
جنسي تېری	non_verb	n. m.
جنسي مرض	non_verb	n. m.
جنسیت	non_verb	n. m.
جنغوزه	non_verb	n. f.
جنغوزی	non_verb	n. m.
جنګ	non_verb	n. m.
جنګ ببر	non_verb	adj.
جنګ جګړه	non_verb	
جنګ کول	dynamic_compound	v. dyn. comp. trans.
جنګجو	non_verb	
جنګړه	non_verb	n. f.
جنګړه	non_verb	n. f.
جنګسلار	non_verb	n. m.
جنګله	non_verb	n. f.
جنګول	regular_simple	v. trans.
جنګي	non_verb	n. f.
جنګیالی	non_verb	n. m.
جنګېدل	stative_compound_standard	v. intrans.
جنوب	non_verb	n. m.
جنوبي	non_verb	adj.
جنوري	non_verb	n. f.
جنون	non_verb	n. m.
جنۍ	non_verb	n. f. anim.
جنین	non_verb	n. m.
جڼه جڼه	non_verb	n. f. doub.
جهاد	non_verb	n. m.
جهادي	non_verb	adj. / n. m. anim. unisex
جهاربوټی	non_verb	n. m.
جهاز	non_verb	n. m.
جهالت	non_verb	n. m.
جهان	non_verb	n. m.
جهان دیده	non_verb	adj.
جهاني	non_verb	adj.
جهت	non_verb	n. m.
جهد	non_verb	n. m.
جهل	non_verb	n. m.
جهنم	non_verb	n. m.
جهیز	non_verb	n. m.
جهیل	non_verb	n. m.
جو	non_verb	n. f.
جوا	non_verb	n. f.
جواب	non_verb	n. m.
جواب ورکول	regular_simple	v. dyn. comp. trans.
جوابدار	non_verb	adj.
جوابداري	non_verb	n. f.
جوار	non_verb	n. m.
جوار	non_verb	n. m. pl.
جوار پاکي	non_verb	n. f.
جوارګر	non_verb	n. m. anim. unisex
جواري	non_verb	n. f.
جواري کول	dynamic_compound	v. dyn. comp. trans.
جواز	non_verb	n. m.
جوال	non_verb	n. m.
جوب	non_verb	n. m.
جوبه	non_verb	n. f.
جوپه	non_verb	n. f.
جوت	non_verb	adj.
جوت	non_verb	adj.
جوتول	regular_simple	v. stat. comp. trans.
جوتول	regular_simple	v. stat. comp. trans.
جوتېدل	stative_compound_standard	v. stat. comp. intrans.
جوټ	non_verb	adj.
جوټه	non_verb	adj.
جوټه	non_verb	n. f.
جوټول	regular_simple	v. stat. comp. trans.
جوټۍ	non_verb	n. m.
جوخت	non_verb	adj.
جوختول	regular_simple	v. stat. comp. trans.
جوختېدل	stative_compound_standard	v. intrans. trans.
جور	non_verb	n. m.
جور	non_verb	n. m.
جورېدل	non_verb	
جوړ	non_verb	adj.
جوړ تکړه کول	non_verb	
جوړ جاړي	non_verb	n. f.
جوړجاړی	non_verb	n. m.
جوړښت	non_verb	n. m.
جوړنچل	non_verb	n. m.
جوړه	non_verb	n. f.
جوړه	non_verb	n. f.
جوړه کول	dynamic_compound	v. dyn. comp. trans.
جوړول	regular_simple	v. stat. comp. trans.
جوړوونکی	non_verb	n. m. anim. unisex / adj.
جوړېدل	stative_compound_standard	v. stat. comp. intrans.
جوړېده	non_verb	n. m.
جوس	non_verb	n. m.
جوس	non_verb	n. m.
جوسه	non_verb	n. f.
جوسه	non_verb	n. f.
جوش	non_verb	n. m.
جوش و خروش	non_verb	n. m.
جوشول	regular_simple	v. stat. comp. trans.
جوف	non_verb	n. m.
جوک	non_verb	n. m.
جوګه	non_verb	adj.
جوګه والی	non_verb	n. m.
جولا	non_verb	n. f.
جولاګی	non_verb	n. m.
جوله	non_verb	n. f.
جومات	non_verb	n. m.
جومکۍ	non_verb	n. f.
جون	non_verb	n. m.
جونګړا	non_verb	adj.
جونګړه	non_verb	n. f.
جووړ	non_verb	n. m.
جي	non_verb	particle
جۍ	non_verb	n. f.
جیب	non_verb	n. m.
جېب	non_verb	n. m.
جیټکه	non_verb	n. f.
جیټکه خوړل	regular_simple	v. dyn. comp. trans.
جیرنیټر	non_verb	n. m.
جیکټ	non_verb	n. m.
جېکټ	non_verb	n. m.
جیل	non_verb	n. m.
جېل	non_verb	n. m.
جیل ته اچول	non_verb	
جېم	non_verb	n. m.
جینکۍ	non_verb	n. f. pl.
جینۍ	non_verb	n. f.
جینۍ غوښتل	regular_simple	v. dyn. comp. trans.
جیومټري	non_verb	n. f.
ځار	non_verb	n. m.
ځارول	regular_simple	v. stat. comp. trans.
ځارېدل	stative_compound_standard	v. stat. comp. intrans.
ځاله	non_verb	n. f.
ځان	non_verb	n. m.
ځان بچ کول	dynamic_compound	v. dyn. comp. trans.
ځان بسینه	non_verb	n. f.
ځان پرستي	non_verb	n. f.
ځان پوهول	non_verb	
ځان ته کول	non_verb	
ځان ځان له	regular_simple	adv.
ځان ځاني	non_verb	n. f.
ځان ځولۍ	non_verb	n. f.
ځان څنډل	regular_simple	v. dyn. comp. trans.
ځان ساتل	regular_simple	v. dyn. comp. trans.
ځان ښودل	regular_simple	v. dyn. comp. trans.
ځان غوښتونکی	non_verb	adj.
ځان له	regular_simple	adv. / adj.
ځان وباسل	non_verb	
ځان وژل	regular_simple	v. dyn. comp. trans.
ځان وژنه	non_verb	n. f.
ځانته	regular_simple	adj, / adv.
ځانخبری	non_verb	adj.
ځانګړتیا	non_verb	n. f.
ځانګړنه	non_verb	n. f.
ځانګړی	non_verb	adj.
ځانله	regular_simple	adv.
ځانله والی	non_verb	n. m.
ځانمرګی	non_verb	
ځانمنتوب	non_verb	n. m.
ځانمني	non_verb	n. f.
ځانوژنه	non_verb	n. f.
ځانوژونکی	non_verb	adj.
ځاڼی	non_verb	n. m.
ځای	non_verb	n. m.
ځای پر ځای	non_verb	
ځایځایګي	non_verb	n. f.
ځایګی	non_verb	n. m.
ځایول	regular_simple	v. stat. comp. trans.
ځایي	non_verb	adj.
ځایېدل	stative_compound_standard	v. stat. comp. intrans.
ځبول	regular_simple	v. trans.
ځپل	regular_simple	v. trans.
ځړول	regular_simple	v. trans.
ځړېدل	stative_compound_standard	v. intrans.
ځږه	non_verb	n. f.
ځغ	non_verb	n. m.
ځغاستل	regular_simple	v. gramm. trans.
ځغاسته	non_verb	n. f.
ځغاستونکی	non_verb	n. m. anim. unisex
ځغستل	regular_simple	v. gramm. trans.
ځغلول	regular_simple	v. trans.
ځغلېدل	stative_compound_standard	v. intrans.
ځکه	regular_simple	conj. / adv.
ځکه چې	non_verb	
ځګ	non_verb	n. m.
ځګ چاڼ	non_verb	n. m.
ځګلن	non_verb	adj.
ځګمن	non_verb	adj.
ځل	non_verb	n. m.
ځل	non_verb	n. m.
ځل	non_verb	n. m.
ځل	non_verb	n. m.
ځلا	non_verb	n. f.
ځلان	non_verb	adj.
ځلاند	non_verb	adj.
ځلبلاند	non_verb	adj.
ځلبلاندېدل	stative_compound_standard	v. stat. comp. intrans.
ځلمی	non_verb	n. m.
ځلمیتوب	non_verb	n. m.
ځله	non_verb	n. f.
ځلول	regular_simple	v. trans.
ځلېدل	stative_compound_standard	v. intrans.
ځلېدونکی	non_verb	adj.
ځمکنی توت	non_verb	n. m.
ځمکه	non_verb	n. f.
ځمکه اماده کول	non_verb	
ځمکواکي	non_verb	n. f.
ځمکوال	non_verb	n. m.
ځمل	regular_simple	v. trans.
ځمل	regular_simple	v. trans.
ځناور	non_verb	n. m. anim. unisex
ځنبېدل	stative_compound_standard	v. intrans.
ځنځول	regular_simple	v. trans.
ځنځۍ	non_verb	n. f.
ځنځیر	non_verb	n. m.
ځنځیرکه	non_verb	n. f.
ځنځیرول	regular_simple	v. stat. comp. trans.
ځنځیرېدل	stative_compound_standard	v. stat. comp. intrans.
ځنډ	non_verb	n. m.
ځنډمن	non_verb	adj.
ځنډمند	non_verb	adj.
ځنډن	non_verb	adj.
ځنډنی	non_verb	adj.
ځنډول	regular_simple	v. trans.
ځنډېدل	stative_compound_standard	v. intrans.
ځنکدن	non_verb	n. m.
ځنکندن	non_verb	n. m.
ځنګل	non_verb	n. m.
ځنګلي	non_verb	adj.
ځنګلي توت	non_verb	n. m.
ځنګول	regular_simple	v. trans.
ځنګون	non_verb	n. m.
ځنګېدل	stative_compound_standard	v. gramm. trans.
ځنې	non_verb	
ځواب	non_verb	n. m.
ځواب ورکول	regular_simple	v. dyn. comp. trans.
ځواک	non_verb	n. m.
ځواک انډول	non_verb	n. m.
ځواکمن	non_verb	adj. / n. m. anim. unisex
ځوان	non_verb	n. m. anim. unisex / adj.
ځوانکه	non_verb	n. f.
ځوانکی	non_verb	n. m. anim. unisex
ځوانمردي	non_verb	n. f.
ځواني	non_verb	n. f.
ځور	non_verb	adj.
ځور	non_verb	n. m.
ځورول	regular_simple	v. trans.
ځورونه	non_verb	n. f.
ځوروونکی	non_verb	adj.
ځورېدل	stative_compound_standard	v. intrans.
ځوړند	non_verb	adj.
ځوړندول	regular_simple	v. stat. comp. trans.
ځوړندېدل	stative_compound_standard	v. stat. comp. intrans.
ځوړه	non_verb	n. f.
ځوز	non_verb	n. m.
ځوغاله	non_verb	n. f.
ځوکړه	non_verb	n. f.
ځوګل	non_verb	n. m.
ځولۍ	non_verb	n. f.
ځونډی	non_verb	n. m.
ځیر	regular_simple	adv.
ځیر	non_verb	n. m.
ځیرک	non_verb	adj.
ځیره	non_verb	n. f.
ځېږنه	non_verb	n. f.
ځیګر	non_verb	n. m.
ځېل	non_verb	n. m.
ځېل کول	dynamic_compound	v. dyn. comp. trans.
ځېلګر	non_verb	adj.
ځېلناک	non_verb	adj.
ځېلي	non_verb	adj.
ځین	non_verb	n. m.
ځین کول	dynamic_compound	v. stat. comp. trans.
ځینې	non_verb	adj.
ځینې وخت	regular_simple	adv.
چابک	non_verb	adj. / n. m.
چابک دست	non_verb	adj.
چابکي	non_verb	n. f.
چابي	non_verb	n. f.
چاپ	non_verb	n. m.
چاپ	non_verb	n. m.
چاپ کول	dynamic_compound	v. stat. comp. trans.
چاپ کوونکی	non_verb	n. m. anim. unisex
چاپ کېدل	stative_compound_special	v. stat. comp. intrans.
چاپخانه	non_verb	n. f.
چاپه	non_verb	n. f.
چاپول	regular_simple	v. stat. comp. trans.
چاپي	non_verb	n. f.
چاپي کول	dynamic_compound	v. stat. comp. trans.
چاپېدل	stative_compound_standard	v. stat. comp. intrans.
چاپېر	regular_simple	adj. / adv.
چاپېره	regular_simple	adj. / adv.
چاپېره کول	dynamic_compound	v. stat. comp. trans.
چاپېره کېدل	stative_compound_special	v. stat. comp. intrans.
چاپېرول	regular_simple	v. stat. comp. trans.
چاپېریال	non_verb	n. m.
چاپېریالي	non_verb	adj.
چاپېرېدل	stative_compound_standard	v. stat. comp. intrans.
چاچي	non_verb	n. f.
چادر	non_verb	n. m.
چادري	non_verb	n. f.
چار چاپېره	regular_simple	adv.
چارتراش	non_verb	n. m.
چاردانګ	non_verb	n. m.
چارزانو	non_verb	n. f.
چارزانو کښېنستل	non_verb	
چارشنبه	non_verb	n. f.
چارک	non_verb	n. m.
چارکنجه	non_verb	n. m. / adj.
چارمغز	non_verb	n. m.
چاره	non_verb	n. f.
چاره ساز	non_verb	n. m. anim. unisex
چاره سازي	non_verb	n. f.
چارواکی	non_verb	n. m. anim. unisex
چارۍ	non_verb	n. f.
چاړا	non_verb	adj.
چاړه	non_verb	n. f.
چاغ	non_verb	adj.
چاغښت	non_verb	n. m.
چاغول	regular_simple	v. stat. comp. trans.
چاغېدل	stative_compound_standard	v. stat. comp. intrans.
چاق	non_verb	adj.
چاقو	non_verb	n. m.
چاک	non_verb	n. m.
چاک کول	dynamic_compound	v. stat. comp. trans.
چاکو	non_verb	n. m.
چاکو	non_verb	n. m.
چاکېدل	stative_compound_standard	v. stat. comp. intrans.
چال	non_verb	n. m.
چال چلند	non_verb	n. m.
چالاک	non_verb	adj.
چالاکي	non_verb	n. f.
چالباز	non_verb	n. m. anim. unisex / adj.
چالو	non_verb	n. f.
چالو کول	dynamic_compound	v. stat. comp. trans.
چالو کېدل	stative_compound_special	v. stat. comp. intrans.
چان	non_verb	n. m.
چاندمارۍ	non_verb	n. f.
چانس	non_verb	n. m.
چانک	non_verb	n. m.
چاڼ	non_verb	adj. / n. m.
چاڼ کول	dynamic_compound	v. stat. comp. trans.
چاڼول	regular_simple	v. stat. comp. trans.
چاڼیز	non_verb	adj.
چاود	non_verb	n. m.
چاودل	regular_simple	v. intrans.
چاودنه	non_verb	n. f.
چاوده	non_verb	n. m. pl.
چاودونکی	non_verb	adj.
چاودې	non_verb	n. f. pl.
چاودېدل	stative_compound_standard	v. intrans.
چاودېدونکی	non_verb	adj.
چاوله	non_verb	n. f.
چای	non_verb	n. m.
چایجوش	non_verb	n. m.
چایجوشه	non_verb	n. f.
چاینک	non_verb	n. m.
چاینکه	non_verb	n. f.
چایې	non_verb	n. f. pl.
چپ	non_verb	adj.
چپ	non_verb	adj.
چپ چاپ	regular_simple	adv.
چپ کول	dynamic_compound	v. stat. comp. trans.
چپ کېدل	stative_compound_special	v. stat. comp. intrans.
چپاو	non_verb	n. m.
چپاوول	regular_simple	v. stat. comp. trans.
چپراسي	non_verb	n. m.
چپرکټ	non_verb	n. m.
چپروسي کول	non_verb	
چپړاسي	non_verb	n. m.
چپړوسي کول	non_verb	
چپل	non_verb	n. m.
چپلکه	non_verb	n. f.
چپلۍ	non_verb	n. f.
چپنه	non_verb	n. f.
چپه	non_verb	adj.
چپه	non_verb	n. f.
چپه لار	non_verb	n. f. doub.
چپه لاره	non_verb	n. f. doub.
چپو	non_verb	n. m.
چپو وهل	dynamic_compound	v. dyn. comp. trans.
چپول	regular_simple	v. stat. comp. trans.
چپول	regular_simple	v. stat. comp. trans.
چپي	non_verb	adj.
چپېدل	stative_compound_standard	v. stat. comp. intrans.
چپېدل	stative_compound_standard	v. stat. comp. intrans.
چت	non_verb	n. m.
چتر	non_verb	n. m.
چترۍ	non_verb	n. f.
چتریي	non_verb	n. f.
چټ	non_verb	adj.
چټ	non_verb	n. m.
چټک	non_verb	adj.
چټکتوب	non_verb	n. m.
چټکتیا	non_verb	n. f.
چټکه	non_verb	n. f.
چټکه دار	non_verb	adj.
چټکول	regular_simple	v. stat. comp. trans.
چټکی	non_verb	n. m.
چټکي	non_verb	n. f.
چټل	non_verb	adj.
چټلول	regular_simple	v. stat. comp. trans.
چټلي	non_verb	n. f.
چټلېدل	stative_compound_standard	v. stat. comp. intrans.
چټو	non_verb	adj.
چټو	non_verb	n. m.
چټول	regular_simple	v. stat. comp. trans.
چټي	non_verb	adj.
چټي کړټي	non_verb	n. f.
چټي کړټي کول	dynamic_compound	v. dyn. comp. trans.
چټیات	non_verb	n. m.
چټېدل	stative_compound_standard	v. stat. comp. intrans.
چجکی	non_verb	n. m.
چجه	non_verb	n. f.
چخړه	non_verb	n. f.
چخل	regular_simple	v. trans.
چخڼی	non_verb	adj.
چخڼی کول	dynamic_compound	v. stat. comp. trans.
چخڼی کېدل	stative_compound_special	v. stat. comp. intrans.
چخول	regular_simple	v. trans.
چر	non_verb	n. m.
چر	non_verb	n. m.
چر کول	dynamic_compound	v. stat. comp. trans.
چر کېدل	stative_compound_special	v. stat. comp. intrans.
چراغ	non_verb	n. m.
چراغک	non_verb	n. m.
چرب زبان	non_verb	n. m. anim. unisex / adj.
چربانګ	non_verb	n. m.
چربه	non_verb	
چربي	non_verb	n. f.
چرت	non_verb	n. m.
چرت	non_verb	n. m.
چرت وهل	dynamic_compound	v. dyn. comp. trans.
چرتي	non_verb	adj.
چرټ	non_verb	n. m.
چرټ	non_verb	n. m.
چرچڼ	non_verb	n. m.
چرده	non_verb	n. f.
چرس	non_verb	n. m. pl.
چرسي	non_verb	n. m.
چرک	non_verb	n. m.
چرګ	non_verb	n. m. anim. unisex
چرګ بانګ	non_verb	n. m.
چرګ خالی	non_verb	n. m.
چرګ سابه	non_verb	n. m. pl.
چرګه	non_verb	n. f. anim.
چرګوټی	non_verb	n. m. anim. unisex
چرګوړه	non_verb	n. f. anim.
چرګوړی	non_verb	n. m.
چرم	non_verb	n. m.
چرمي	non_verb	adj.
چره	non_verb	n. f.
چرې	regular_simple	adv.
چرۍ	non_verb	n. f.
چریز ټوپک	non_verb	n. m.
چریک	non_verb	n. m.
چریکي	non_verb	adj.
چړ	non_verb	n. m.
چړ	non_verb	n. m.
چړاخ	non_verb	n. m.
چړاو	non_verb	n. m.
چړایي	non_verb	n. f.
چړائي	non_verb	n. f.
چړپا	non_verb	n. f.
چړتون	non_verb	n. m.
چړک	non_verb	n. m.
چړکه	non_verb	n. f.
چړه	non_verb	n. f.
چړی	non_verb	n. m.
چړیاګر	non_verb	n. m.
چسپېدل	stative_compound_standard	v. intrans.
چست	non_verb	adj.
چشم بندي	non_verb	n. f.
چشمه	non_verb	n. f.
چشمې	non_verb	n. f. pl.
چښتون	non_verb	n. m.
چښل	regular_simple	v. trans.
چښن	non_verb	n. m. / adj.
چښن کول	dynamic_compound	v. dyn. comp. trans.
چغال	non_verb	n. m. anim. unisex
چغانغه	non_verb	n. f.
چغرو	non_verb	n. m.
چغزۍ	non_verb	n. f.
چغل	non_verb	n. m.
چغل خور	non_verb	n. m. anim. unisex
چغل ډت	non_verb	n. m. anim. unisex
چغل مار	non_verb	n. m. anim. unisex
چغلي	non_verb	n. f.
چغلي کول	dynamic_compound	v. dyn. comp. trans.
چغندر	non_verb	n. m.
چغنه	non_verb	n. f.
چغه	non_verb	n. f.
چغه	non_verb	
چغهار	non_verb	n. m.
چغې وهل	dynamic_compound	v. dyn. comp. trans. sing. or plur.
چک	non_verb	n. m.
چک کول	dynamic_compound	v. stat. comp. trans.
چک کېدل	stative_compound_special	v. stat. comp. intrans.
چک لګول	non_verb	
چکاک	non_verb	n. m.
چکچک	non_verb	n. m.
چکچکی	non_verb	n. m.
چکر	non_verb	n. m.
چکر وهل	dynamic_compound	v. dyn. comp. trans.
چکلۍ	non_verb	n. f.
چکه	non_verb	n. f.
چکوتره	non_verb	n. f.
چکوتره	non_verb	n. f.
چکور	non_verb	adj.
چکۍ	non_verb	n. f.
چل	non_verb	n. m.
چل باز	non_verb	n. m.
چل بازي	non_verb	n. f.
چل چراغ	non_verb	n. m.
چل مل	non_verb	n. m.
چل ول	non_verb	n. m.
چل ول کول	dynamic_compound	v. dyn. comp. trans.
چلان	non_verb	adj.
چلباز	non_verb	n. m. anim. unisex
چلبازي	non_verb	n. f.
چلتار	non_verb	n. m.
چلش	non_verb	n. m.
چلښت	non_verb	n. m.
چلښت لیکه	non_verb	n. f.
چلم	non_verb	n. m.
چلمچي	non_verb	n. f.
چلمچۍ	non_verb	n. f.
چلمي	non_verb	n. f.
چلن	non_verb	n. m.
چلند	non_verb	n. m.
چله	non_verb	n. f.
چلول	regular_simple	v. trans.
چلیپا	non_verb	n. f.
چلېدل	stative_compound_standard	v. intrans.
چلېنج	non_verb	n. m.
چلېنج کول	dynamic_compound	v. stat. comp. trans.
چم	non_verb	n. m.
چمبه	non_verb	n. f.
چمپل	non_verb	n. f.
چمپین	non_verb	n. m. anim. unisex
چمپینتوب	non_verb	n. m.
چمتو	non_verb	adj.
چمتو والی	non_verb	n. m.
چمټه	non_verb	n. f.
چمچه	non_verb	n. f.
چمچه ګیري	non_verb	n. f.
چمچه ګیري کول	dynamic_compound	v. dyn. comp. trans.
چمړه	non_verb	n. f.
چمک	non_verb	n. m.
چمکدار	non_verb	adj.
چمګاونډ	non_verb	n. m.
چمن	non_verb	n. m. pl.
چمیار	non_verb	n. m. anim. unisex
چنار	non_verb	n. m.
چنبر	non_verb	n. m.
چنجن	non_verb	adj.
چنجنول	regular_simple	v. stat. comp. trans.
چنجنېدل	stative_compound_standard	v. stat. comp. intrans.
چنجی	non_verb	n. m.
چنچڼه	non_verb	n. f.
چند	non_verb	
چندان	regular_simple	adv.
چنداني	non_verb	
چندړ	non_verb	n. m.
چندڼ	non_verb	n. m.
چنده	non_verb	n. f.
چنډال	non_verb	n. m.
چنډخه	non_verb	n. f. anim.
چنډه	non_verb	n. f.
چنغله	non_verb	n. f. anim.
چنغول	non_verb	n. m. anim. unisex
چنګ	non_verb	n. m.
چنګ	non_verb	n. m.
چنګاښ	non_verb	n. m.
چنګړ	non_verb	n. m. anim. unisex / adj.
چنګښه	non_verb	n. f. anim.
چنګک	non_verb	n. m.
چنه	non_verb	n. f.
چنه	non_verb	n. f.
چنه وهل	dynamic_compound	v. dyn. comp. trans.
چنی	non_verb	n. m.
چنې وهل	dynamic_compound	v. dyn. comp. trans.
چڼاسک	non_verb	n. m. / adj.
چڼاسکې	non_verb	n. f. pl.
چڼاسه	non_verb	n. f.
چڼاسې	non_verb	n. f. pl.
چڼچڼ	non_verb	n. m.
چڼچڼک	non_verb	n. m.
چڼچڼکه	non_verb	n. f.
چڼچڼه	non_verb	n. f.
چڼکاو	non_verb	n. m.
چڼکاوول	regular_simple	v. stat. comp. trans.
چڼکاوېدل	stative_compound_standard	v. stat. comp. intrans.
چڼه	non_verb	n. f.
چڼیاسه	non_verb	n. f.
چهارشنبه	non_verb	n. f.
چو	non_verb	n. m.
چوپ	non_verb	adj.
چوپ چاپ	regular_simple	adv.
چوپ کول	dynamic_compound	v. stat. comp. trans.
چوپ کېدل	stative_compound_special	v. stat. comp. intrans.
چوپان	non_verb	n. m.
چوپتیا	non_verb	n. f.
چوپړ	non_verb	n. m.
چوپل	regular_simple	v. trans.
چوتره	non_verb	n. f.
چوتی	non_verb	n. m.
چوټ	non_verb	adj. / n. m.
چوټ انداز	regular_simple	adv.
چوټه	non_verb	n. f.
چوټول	non_verb	
چوټي	non_verb	adj.
چوټي	non_verb	n. f.
چوټېدل	non_verb	
چوخ	non_verb	n. m.
چوخل	non_verb	n. m.
چوخل	regular_simple	v. trans.
چوخه	non_verb	n. f.
چوخول	regular_simple	v. stat. comp. trans.
چوخېدل	stative_compound_standard	v. stat. comp. intrans.
چوخېدل	non_verb	
چوداني	non_verb	adj.
چور	non_verb	n. m.
چورت	non_verb	n. m.
چورلټ	regular_simple	adv.
چورلک	non_verb	n. m.
چورلکه	non_verb	n. f.
چورلکی	non_verb	n. m.
چورلول	regular_simple	v. trans.
چورلېدل	stative_compound_standard	v. intrans.
چوره	non_verb	n. f.
چوړ	non_verb	adj.
چوړ	non_verb	n. m.
چوړاخ	non_verb	n. m.
چوړک	non_verb	n. m.
چوړول	regular_simple	v. stat. comp. trans.
چوړی	non_verb	n. m.
چوشک	non_verb	n. m. / n. f.
چوغکه	non_verb	n. f. anim.
چوغه	non_verb	n. f.
چوف	non_verb	n. m.
چوف کول	non_verb	
چوک	non_verb	adj.
چوک	non_verb	n. m.
چوک	non_verb	n. m.
چوک	non_verb	n. m.
چوک	non_verb	n. m.
چوک چوکه	non_verb	n. f.
چوکاټ	non_verb	n. m.
چوکه	non_verb	n. f.
چوکۍ	non_verb	n. f.
چول	non_verb	n. m.
چوله	non_verb	n. f. / adj.
چوله	non_verb	n. f.
چولول	regular_simple	v. stat. comp. trans.
چولې	non_verb	n. f. pl.
چومبی	non_verb	n. m.
چومل	regular_simple	v. trans.
چون کي	non_verb	
چون کې	non_verb	
چونا	non_verb	n. f.
چونا	non_verb	n. f.
چونای	non_verb	n. m.
چونتره	non_verb	n. f.
چونډۍ	non_verb	n. f.
چونکي	non_verb	
چونکې	non_verb	
چونګ	non_verb	n. m.
چونګی	non_verb	n. m.
چونګېدل	stative_compound_standard	v. intrans.
چونه	non_verb	n. f. anim.
چونه	non_verb	n. f.
چوڼ	non_verb	n. m.
چوڼل	regular_simple	v. trans.
چوڼیا	non_verb	adj.
چوڼېدل	stative_compound_standard	v. intrans.
چې	non_verb	conj.
چیت	non_verb	adj.
چیت پیت	non_verb	adj. doub.
چیتا	non_verb	n. m. anim.
چیتول	regular_simple	v. stat. comp. trans.
چیتېدل	stative_compound_standard	v. stat. comp. intrans.
چیچړ	non_verb	adj.
چیچړول	regular_simple	v. stat. comp. trans.
چیچړېدل	stative_compound_standard	v. stat. comp. intrans.
چیچک	non_verb	n. m.
چیچل	regular_simple	v. trans.
چیچی	non_verb	n. m.
چیخل	regular_simple	v. trans.
چېرته	non_verb	
چیرړه	non_verb	n. f.
چیرک	non_verb	n. m.
چېره	non_verb	
چېري	non_verb	n. f.
چېرې	non_verb	
چیړ	non_verb	n. m.
چیړل	regular_simple	v. trans.
چېړل	regular_simple	v. trans.
چیښن	non_verb	n. m.
چیغه	non_verb	n. f.
چیغه کول	dynamic_compound	v. gen. stat./dyn. comp. trans.
چیغې وهل	dynamic_compound	v. dyn. comp. trans. sing. or plur.
چېک	non_verb	n. m.
چېک کول	dynamic_compound	v. stat. comp. trans.
چېک کېدل	stative_compound_special	v. stat. comp. intrans.
چیکړې	non_verb	n. f. pl.
چیلم	non_verb	n. m.
چیلی	non_verb	n. m. anim.
چېلی	non_verb	n. m. anim.
چېلي	non_verb	n. f.
چېلۍ	non_verb	n. f. anim.
چین	non_verb	n. m.
چین	non_verb	n. m.
چینایي	non_verb	adj.
چینج	non_verb	
چینجن	non_verb	adj.
چینجی	non_verb	n. m.
چیندخ	non_verb	n. m.
چینده	non_verb	n. f.
چینګ	non_verb	adj.
چینګول	regular_simple	v. stat. comp. trans.
چینګېدل	stative_compound_standard	v. stat. comp. intrans.
چېنل	non_verb	n. m.
چینه	non_verb	n. f.
چیني	non_verb	n. f.
چیني	non_verb	n. m. pl.
چیني دان	non_verb	n. m.
چینیانړۍ	non_verb	n. f.
څا	non_verb	n. f.
څاپاکي	non_verb	n. f.
څاڅ	non_verb	n. m.
څاڅکی	non_verb	n. m.
څادر	non_verb	n. m.
څار	non_verb	n. m.
څارګری	non_verb	n. m. anim. unisex
څارګري	non_verb	n. f.
څارل	regular_simple	v. trans.
څارنه	non_verb	n. f.
څارنه کول	dynamic_compound	v. dyn. comp. trans.
څارنوال	non_verb	n. m. anim. unisex
څاره	non_verb	n. f.
څارونکی	non_verb	n. m. anim. unisex
څاروی	non_verb	
څاروي	non_verb	n. m. pl.
څاروي رنځپوه	non_verb	n. m. anim. unisex
څاروي رنځپوهنه	non_verb	n. f.
څارېدل	stative_compound_standard	v. intrans.
څاز	non_verb	n. m.
څاږ	non_verb	n. m.
څاښت	non_verb	n. m.
څاک	non_verb	n. m.
څاله	non_verb	n. f.
څانډو	non_verb	n. f. anim.
څانګ	non_verb	n. m.
څانګه	non_verb	n. f.
څانګې تراشل	non_verb	
څاوار	non_verb	n. m.
څپڅپانه	non_verb	adj.
څپر	non_verb	n. m.
څپر	non_verb	n. m.
څپرکی	non_verb	n. m.
څپړ	non_verb	n. f.
څپړه	non_verb	n. f.
څپړۍ	non_verb	n. f.
څپلۍ	non_verb	n. f.
څپلۍ ګنډ	non_verb	n. m.
څپه	non_verb	n. f.
څپول	non_verb	adj. / n. m.
څپولی	non_verb	adj.
څپیاکه	non_verb	n. f.
څپېدل	stative_compound_standard	v. intrans.
څپېړه	non_verb	n. f.
څپېړه ورکول	regular_simple	v. dyn. comp. trans.
څپېړه وهل	dynamic_compound	v. dyn. comp. trans.
څټ	non_verb	n. m.
څټ ګرول	regular_simple	v. dyn. comp. trans.
څټک	non_verb	n. m.
څټل	regular_simple	v. trans.
څټه	non_verb	n. f.
څټه	non_verb	n. f.
څټوکی	non_verb	n. m.
څټوکۍ	non_verb	
څځله	non_verb	n. f.
څڅ	non_verb	n. m.
څڅوبی	non_verb	n. m.
څڅول	regular_simple	v. trans.
څڅېدل	stative_compound_standard	v. intrans.
څخه	non_verb	adpos.
څخول	regular_simple	v. trans.
څر	non_verb	
څراخ	non_verb	n. m.
څراغ	non_verb	n. m.
څراغدان	non_verb	n. m.
څربت	non_verb	adj.
څربول	regular_simple	v. stat. comp. trans.
څربېدل	stative_compound_standard	v. stat. comp. intrans.
څرپا	non_verb	n. f.
څرپېدل	stative_compound_standard	v. intrans.
څرخ	non_verb	n. m.
څرخول	regular_simple	v. trans.
څرخي څوکۍ	non_verb	n. f.
څرخېدل	stative_compound_standard	v. intrans.
څرخېدونکی	non_verb	adj.
څرښه	non_verb	n. f.
څرک	non_verb	n. m.
څرکېدل	stative_compound_standard	v. intrans.
څرګند	non_verb	adj.
څرګندنه	non_verb	n. f.
څرګنده	non_verb	adj.
څرګنده کول	dynamic_compound	v. stat. comp. trans.
څرګنده کېدل	stative_compound_special	v. stat. comp. intrans.
څرګندول	regular_simple	v. stat. comp. trans.
څرګندونه	non_verb	n. f.
څرګندېدل	stative_compound_standard	v. stat. comp. intrans.
څرګه	non_verb	n. f. anim.
څرمښکی	non_verb	n. m. anim.
څرمښکۍ	non_verb	n. f.
څرمښکۍ	non_verb	n. f. anim.
څرمن	non_verb	n. f.
څرمنه	non_verb	n. f.
څرمني	non_verb	adj.
څرنګه	regular_simple	adv.
څرنګوالی	non_verb	n. m.
څرول	regular_simple	v. trans.
څروی	non_verb	n. m.
څرېدل	stative_compound_standard	v. intrans.
څړ	non_verb	n. m.
څړ کول	dynamic_compound	v. dyn. comp. trans.
څړمنی	non_verb	n. m.
څړه	non_verb	adj.
څړه توب	non_verb	n. m.
څړه خشمه	non_verb	n. f.
څړه وړی	non_verb	n. m.
څړیکه	non_verb	n. f.
څښاک	non_verb	n. m.
څښتن	non_verb	n. m. anim. unisex
څښکل	regular_simple	v. trans.
څښل	regular_simple	v. trans.
څښول	regular_simple	v. trans.
څښېدل	stative_compound_standard	v. intrans.
څک	non_verb	adj.
څک اروا	non_verb	adj.
څکالکی	non_verb	n. m. anim.
څکالی	non_verb	n. m. anim.
څکل	regular_simple	v. trans.
څکل پکل	non_verb	n. m.
څکلکی	non_verb	n. m. anim.
څکه	non_verb	n. f.
څکه	non_verb	n. f.
څکه کول	dynamic_compound	v. dyn. comp. trans.
څکول	regular_simple	v. trans.
څکېدل	stative_compound_standard	v. intrans.
څکېدل	stative_compound_standard	v. intrans.
څله	non_verb	n. f.
څله	non_verb	n. f.
څله	non_verb	
څلور	non_verb	num.
څلور لاره	non_verb	n. f.
څلور لارې	non_verb	n. f. pl.
څلورڅنډی	non_verb	n. m.
څلورګوټه	non_verb	n. m. / adj.
څلورم	non_verb	adj.
څلوېښت	non_verb	num.
څلوېښتم	non_verb	adj.
څلی	non_verb	n. m.
څلی	non_verb	n. m.
څلی څولی	non_verb	
څلېرویشت	non_verb	num.
څلېرویشتم	non_verb	adj.
څمڅلکی	non_verb	n. m. anim.
څمڅی	non_verb	n. m.
څملاستل	regular_simple	v. intrans.
څملول	regular_simple	v. trans.
څموڅی	non_verb	adj.
څمیار	non_verb	n. m. anim. unisex
څنډل	non_verb	n. m.
څنډل	regular_simple	v. trans.
څنډه	non_verb	n. f.
څنګ	non_verb	n. m.
څنګل	non_verb	n. f.
څنګله	non_verb	n. f.
څنګه	regular_simple	adv.
څنل	regular_simple	v. trans.
څڼکه	non_verb	n. f.
څڼه	non_verb	n. f.
څڼور	non_verb	n. m. anim / adj.
څڼې	non_verb	n. f. pl.
څڼېور	non_verb	adj.
څه	non_verb	
څه څیز	regular_simple	adv. / n. m.
څه رقم	non_verb	
څه رنګه	non_verb	
څه شی	regular_simple	adv. / n. m.
څه له	non_verb	
څه هم	non_verb	
څهره	non_verb	n. f.
څو	non_verb	
څوارلس	non_verb	num.
څوارلسم	non_verb	adj.
څواړخیز	non_verb	adj.
څوټ	non_verb	n. m.
څوڅ	non_verb	n. m.
څوڅلن	non_verb	adj.
څوڅلند	non_verb	adj.
څورب	non_verb	adj.
څورلس	non_verb	num.
څورلسم	non_verb	adj.
څورنګه	non_verb	adj.
څوړمنی	non_verb	n. m.
څوس	non_verb	n. m.
څوس وهل	dynamic_compound	v. dyn. comp. trans.
څوښکه	non_verb	n. f.
څوک	non_verb	
څوکرېیل	regular_simple	v. trans.
څوکه	non_verb	n. f.
څوکۍ	non_verb	n. f.
څوکیدار	non_verb	n. m. anim. unisex
څوکیداري	non_verb	n. f.
څوکیداري کول	dynamic_compound	v. dyn. comp. trans.
څولګۍ	non_verb	n. f.
څومره	non_verb	
څومره والی	non_verb	n. m.
څونه	non_verb	
څونی	non_verb	n. m.
څوهره	non_verb	n. f. anim.
څووم	non_verb	
څیر	non_verb	n. m.
څېر	non_verb	n. m.
څیرسترګي	non_verb	n. f. / adj.
څیرل	regular_simple	v. trans.
څېرمه	regular_simple	n. m. / adv.
څېره	non_verb	n. f.
څیرول	regular_simple	v. stat. comp. trans.
څیرول	non_verb	
څیري	non_verb	adj.
څیرېدل	stative_compound_standard	v. intrans.
څیرېدل	stative_compound_standard	v. stat. comp. intrans.
څېړل	non_verb	
څېړنه	non_verb	n. f.
څېړنیز	non_verb	adj.
څېړونکی	non_verb	n. m. anim. unisex
څېړۍ	non_verb	n. f.
څیز	non_verb	n. m.
څیزنوم	non_verb	n. m.
څېښتن	non_verb	n. m. anim. unisex
څېلمه	non_verb	n. f.
څېلمه	non_verb	n. f.
څېلمه	non_verb	n. f.
څینځښه	non_verb	n. f.
حاجت	non_verb	n. m.
حاجتمند	non_verb	adj.
حاجي	non_verb	n. m.
حادثه	non_verb	n. f.
حار	non_verb	adj.
حارص	non_verb	adj.
حاصل	non_verb	n. m.
حاصل خېز	non_verb	adj.
حاصل کول	dynamic_compound	v. stat. comp. trans.
حاصلول	regular_simple	v. stat. comp. trans.
حاصلېدل	stative_compound_standard	v. stat. comp. intrans.
حاضر	non_verb	adj.
حاضري	non_verb	n. f.
حاضرېدل	stative_compound_standard	v. stat. comp. intrans.
حاضرین	non_verb	n. m. pl.
حاظرول	regular_simple	v. stat. comp. trans.
حافظ	non_verb	n. m. anim. unisex
حافظه	non_verb	n. f.
حاکم	non_verb	n. m. anim. unisex / adj.
حاکمانه	regular_simple	adj. / adv.
حاکمیت	non_verb	n. m.
حال	non_verb	n. m.
حالانکې	non_verb	conj.
حالت	non_verb	n. m.
حامل	non_verb	adj.
حامله	non_verb	adj.
حامي	non_verb	n. m.
حاوي	non_verb	adj.
حب	non_verb	n. m.
حب	non_verb	n. m.
حباب	non_verb	n. m.
حبس	non_verb	n. m.
حبوبات	non_verb	n. m. pl.
حتماً	regular_simple	adv.
حتمي	non_verb	adj.
حتیٰ	regular_simple	adv.
حج	non_verb	n. m.
حجاب	non_verb	n. m.
حجاب کول	dynamic_compound	v. dyn. comp. trans.
حجامت	non_verb	n. m.
حجامت کول	dynamic_compound	v. dyn. comp. trans.
حجت	non_verb	n. m.
حجره	non_verb	n. f.
حد	non_verb	n. m.
حد	non_verb	n. m.
حد اقل	regular_simple	adv.
حدیث	non_verb	n. m.
حدیقه	non_verb	n. f.
حذف	non_verb	n. m.
حذفول	regular_simple	v. stat. comp. trans.
حذفېدل	stative_compound_standard	v. stat. comp. intrans.
حرارت	non_verb	n. m.
حرام	non_verb	adj.
حرام خوري	non_verb	n. f.
حرامول	regular_simple	v. stat. comp. trans.
حرامي	non_verb	n. m. anim. unisex
حربه	non_verb	n. f.
حرص	non_verb	n. m.
حرص کول	dynamic_compound	v. dyn. comp. trans.
حرصناک	non_verb	adj.
حرف	non_verb	n. m.
حرف جار	non_verb	adj.
حرفه	non_verb	n. f.
حرکت	non_verb	n. m.
حرکت کوونکې زینه	non_verb	n. f.
حرکت ورکول	regular_simple	v. dyn. comp. trans.
حرم	non_verb	n. m.
حرمت	non_verb	n. m.
حروف تهحي	non_verb	n. f.
حروف جار	non_verb	n. m.
حریت	non_verb	n. m.
حریر	non_verb	n. m.
حریص	non_verb	adj.
حریصي	non_verb	adj.
حریف	non_verb	n. m.
حریم	non_verb	n. m.
حزب	non_verb	n. m.
حزبي	non_verb	adj.
حس	non_verb	n. m.
حساب	non_verb	n. m.
حساب داري	non_verb	n. f.
حساب کتاب	non_verb	n. m.
حساب کتاب کول	dynamic_compound	v. dyn. comp. trans.
حساب کول	dynamic_compound	v. dyn./stat. comp. trans.
حساب ورکول	regular_simple	v. dyn. comp. trans.
حسابول	regular_simple	v. stat. comp. trans.
حسابېدل	stative_compound_standard	v. stat. comp. intrans.
حساس	non_verb	adj.
حساسیت	non_verb	n. m.
حسد	non_verb	n. m.
حسد کول	dynamic_compound	v. dyn. comp. trans.
حسد کول	dynamic_compound	v. dyn. comp. trans.
حسد ناک	non_verb	adj.
حسرت	non_verb	n. m.
حسن	non_verb	n. m.
حسن نیت	non_verb	n. m.
حسین	non_verb	adj.
حشارت کش دوایي	non_verb	n. f.
حشر	non_verb	n. m.
حشره	non_verb	n. f. anim.
حشره خوروونکی	non_verb	adj.
حصار	non_verb	n. m.
حصارول	regular_simple	v. stat. comp. trans.
حصارېدل	stative_compound_standard	v. stat. comp. intrans.
حصه	non_verb	n. f.
حصه اخیستل	regular_simple	v. dyn. comp. trans.
حضرت	non_verb	pref. / n. m.
حضرت داوود	non_verb	
حضرت سلیمان	non_verb	
حضرت عیسی	non_verb	n. m.
حضرت عیسیٰ	non_verb	n. m.
حضور	non_verb	n. m.
حضوري	non_verb	n. f. / adj.
حفاظت	non_verb	n. m.
حفاظت کول	dynamic_compound	v. dyn. comp. trans.
حفاظتي	non_verb	adj.
حفاظتي ټوپۍ	non_verb	n. f.
حفظ	non_verb	n. m.
حفظ الصحه	non_verb	n. f.
حفظ القرآن	non_verb	
حفظول	regular_simple	v. stat. comp. trans.
حق	non_verb	n. m.
حق الاجاره	non_verb	n. f.
حق الزحمه	non_verb	n. f.
حق بین	non_verb	adj.
حق غوښتل	regular_simple	v. dyn. comp. trans.
حق لرل	regular_simple	v. dyn. comp. trans.
حق ناحق	regular_simple	adj. / adv.
حقارت	non_verb	n. m.
حقانیت	non_verb	n. m.
حقپال	non_verb	adj. / n. m. anim. unisex
حقدار	non_verb	adj. / n. m. anim. unisex
حقوق	non_verb	n. m. pl.
حقوق پوه	non_verb	n. m.
حقیقت	non_verb	n. m.
حقیقي	non_verb	adj.
حکایت	non_verb	n. m.
حکایت کول	dynamic_compound	v. dyn. comp. trans.
حکم	non_verb	n. m.
حکم چلول	regular_simple	v. dyn. comp. trans.
حکم کول	dynamic_compound	v. dyn. comp. trans.
حکم ماتول	regular_simple	v. dyn. comp. trans.
حکم منونکی	non_verb	adj.
حکمت	non_verb	n. m.
حکمتي	non_verb	adj.
حکمران	non_verb	n. m. anim. unisex / adj.
حکمي	non_verb	adj.
حکومت	non_verb	n. m.
حکومت کول	dynamic_compound	v. dyn. comp. trans.
حکومتداري	non_verb	n. f.
حکومتي	non_verb	adj.
حکیم	non_verb	n. m. anim. unisex
حل	non_verb	n. m.
حل طلب	non_verb	adj.
حل کول	dynamic_compound	v. stat. comp. trans.
حل کېدل	stative_compound_special	v. stat. comp. intrans.
حلال	non_verb	adj.
حلال کول	dynamic_compound	v. stat. comp. trans.
حلالول	regular_simple	v. stat. comp. trans.
حلق	non_verb	n. m.
حلقه	non_verb	n. f.
حلقه به ګوش	non_verb	n. m.
حلوا	non_verb	n. f.
حلول	regular_simple	v. stat. comp. trans.
حلوه	non_verb	n. f.
حلېدل	stative_compound_standard	v. stat. comp. intrans.
حلیم	non_verb	adj.
حلیه	non_verb	n. f.
حما	non_verb	n. f.
حماسي	non_verb	adj.
حماقت	non_verb	n. m.
حمام	non_verb	n. m.
حمامک	non_verb	n. m.
حمایت	non_verb	n. m.
حمایه	non_verb	n. f.
حمایه کول	dynamic_compound	v. dyn. comp. trans.
حمد	non_verb	n. m.
حمل	non_verb	n. m.
حمل کېدل	stative_compound_special	v. dyn. comp. trans.
حمله	non_verb	n. f.
حمله کول	dynamic_compound	v. dyn. comp. trans.
حمله کوونکی	non_verb	n. m. anim. unisex / adj.
حمیت	non_verb	n. m.
حمیت مند	non_verb	adj.
حوالات	non_verb	n. m.
حوالدار	non_verb	n. m. anim. unisex
حواله	non_verb	n. f.
حواله کول	dynamic_compound	v. dyn./stat. comp. trans.
حوزه	non_verb	n. f.
حوصله	non_verb	n. f.
حوصله افزایي	non_verb	n. f.
حوصله افزایي کول	dynamic_compound	v. dyn. comp. trans.
حوصله ختمول	regular_simple	v. dyn. comp. trans.
حوصله مند	non_verb	adj.
حوصله ورکول	non_verb	
حوض	non_verb	n. m.
حوضه	non_verb	n. f.
حوېلۍ	non_verb	n. f.
حیا	non_verb	n. f.
حیا کول	dynamic_compound	v. dyn. comp. trans.
حیا ناک	non_verb	adj.
حیات	non_verb	n. m.
حیاتي	non_verb	adj.
حیاناک	non_verb	adj.
حیث	non_verb	n. m.
حیثیت	non_verb	n. m.
حیرا	non_verb	n. f.
حیران	non_verb	adj.
حیران کن	non_verb	adj.
حیران کوونکی	non_verb	adj.
حیرانتیا	non_verb	n. f.
حیرانول	regular_simple	v. stat. comp. trans.
حیرانوونکی	non_verb	adj.
حیراني	non_verb	n. f.
حیرانېدل	stative_compound_standard	v. stat. comp. intrans.
حیض	non_verb	n. m.
حیضه	non_verb	n. f.
حیف	non_verb	exclam.
حیوان	non_verb	n. m.
حیوان شناس	non_verb	n. m.
حیوان شناسي	non_verb	n. f.
خاپ	non_verb	n. m.
خاپ	non_verb	n. m.
خاپوړي	non_verb	n. f.
خاپوړي کول	dynamic_compound	v. dyn. comp. trans.
خاپوړي وهل	dynamic_compound	v. dyn. comp. trans.
خاتمه	non_verb	n. f.
خاته	non_verb	n. m.
خاته	non_verb	
خادم	non_verb	n. m. anim. unisex
خار	non_verb	n. m.
خار وهل	dynamic_compound	v. dyn. comp. trans.
خارج	non_verb	n. m.
خارجول	regular_simple	v. stat. comp. trans.
خارجي	non_verb	n. f.
خارجېدل	stative_compound_standard	v. stat. comp. intrans.
خارش	non_verb	n. m.
خارښت	non_verb	n. m.
خارښت کول	dynamic_compound	v. dyn. comp. trans.
خارښتي	non_verb	n. f.
خارښتېدل	stative_compound_standard	v. stat. comp. intrans.
خارګیري	non_verb	n. f.
خاره	non_verb	n. f.
خاړپوڅي	non_verb	n. f.
خاشاک	non_verb	n. m.
خاشڼه	non_verb	n. f.
خاشه	non_verb	n. f.
خاص	regular_simple	adj. / adv.
خاص طور سره	regular_simple	adv.
خاصتاً	regular_simple	adv.
خاصره	non_verb	n. f.
خاصکر	regular_simple	adv.
خاصه	non_verb	n. f. / adj.
خاصیت	non_verb	n. m.
خاطر	non_verb	n. m.
خاطرپرېشان	non_verb	adj.
خاطره	non_verb	n. f.
خاک	non_verb	n. m.
خاکسار	non_verb	adj.
خاکساري	non_verb	n. f.
خاکه	non_verb	n. f.
خال	non_verb	n. m.
خال وهل	dynamic_compound	v. dyn. comp. trans.
خالپوڅي	non_verb	n. f.
خالص	non_verb	adj.
خالق	non_verb	n. m. anim.
خاله	non_verb	n. f. anim.
خالوهنه	non_verb	n. f.
خالي	regular_simple	adj. / adv.
خالي	non_verb	
خالي ځای	non_verb	n. m.
خالي کول	dynamic_compound	v. stat. comp. trans.
خالي لاس	regular_simple	adv.
خام	non_verb	adj.
خام مواد	non_verb	n. m. pl.
خامتا	non_verb	adj.
خامخا	regular_simple	adv.
خامک	non_verb	n. m.
خامک دوزي	non_verb	n. f.
خاموش	non_verb	adj.
خاموشه	non_verb	adj.
خاموشه کول	dynamic_compound	v. stat. comp. trans.
خاموشه کېدل	stative_compound_special	v. stat. comp. intrans.
خاموشي	non_verb	n. f.
خامي	non_verb	n. f.
خان	non_verb	n. m. anim.
خاندان	non_verb	n. m.
خانداني نوم	non_verb	n. m.
خانساما	non_verb	n. m. anim.
خانسامه	non_verb	n. m. anim.
خانکی	non_verb	n. m. anim. unisex
خانمه	non_verb	n. f.
خانه	non_verb	n. f.
خانه آبادي	non_verb	n. f.
خانه بدوش	non_verb	n. m. anim. unisex / adj.
خانه ساما	non_verb	n. m. anim.
خاوره	non_verb	n. f.
خاوند	non_verb	n. m. anim. unisex
خاین	non_verb	n. m. anim. unisex / adj.
خاینانه	non_verb	adj.
خایه	non_verb	n. f.
خبر	non_verb	n. m.
خبر رسان	non_verb	n. m. anim. unisex
خبر ورکول	regular_simple	v. dyn. comp. trans.
خبرپاڼه	non_verb	n. f.
خبرتیا	non_verb	n. f.
خبردار	non_verb	interj.
خبرداری	non_verb	n. m.
خبره	non_verb	n. f.
خبرول	regular_simple	v. stat. comp. trans.
خبرونه	non_verb	n. m. pl.
خبري	non_verb	adj.
خبرې اترې	non_verb	n. f. pl.
خبرې اترې کول	dynamic_compound	v. dyn. comp. trans.
خبري کنفرانس	non_verb	n. m.
خبرې کول	dynamic_compound	v. dyn. comp. trans. sing. or plur.
خبرې له رنګ ورکول	non_verb	
خبریال	non_verb	n. m.‌‌ anim. unisex
خبرېدل	stative_compound_standard	v. stat. comp. intrans.
خبیث	non_verb	adj.
خپ	non_verb	adj.
خپ	non_verb	n. m.
خپ خپ	non_verb	adj. doub.
خپرندوی	non_verb	n. m. anim. unisex / adj.
خپرول	regular_simple	v. stat. comp. trans.
خپرونه	non_verb	n. f.
خپرېدل	stative_compound_standard	v. stat. comp. intrans.
خپړ	non_verb	n. f.
خپړه	non_verb	n. f.
خپسکه	non_verb	n. f.
خپسه	non_verb	n. f.
خپکۍ	non_verb	n. f.
خپګان	non_verb	n. m.
خپل	non_verb	adj. / n. m.
خپل اړی	non_verb	adj.
خپل ځان	non_verb	
خپل سری	non_verb	adj.
خپلمنځي	non_verb	adj.
خپلواک	non_verb	adj.
خپلواکه	non_verb	adj.
خپلواکي	non_verb	n. f.
خپلوان	non_verb	n. m. anim. unisex
خپلول	regular_simple	v. stat. comp. trans.
خپلول	regular_simple	v. stat. comp. trans.
خپلولي	non_verb	n. f.
خپلوي	non_verb	n. f.
خپلېدل	stative_compound_standard	v. stat. comp. intrans.
خپنځل	regular_simple	v. trans.
خپه	non_verb	adj.
خپور	non_verb	adj.
خت	non_verb	n. m.
خت و پرتوګ	non_verb	n. m. pl.
ختل	regular_simple	v. intrans. opt. compl.
ختم	non_verb	adj.
ختمول	regular_simple	v. stat. comp. trans.
ختمون	non_verb	n. m.
ختمېدل	stative_compound_standard	v. stat. comp. intrans.
ختنه	non_verb	n. f.
ختنه کول	dynamic_compound	v. stat. comp. trans.
ختیځ	non_verb	adj. / n. m.
ختیځپوه	non_verb	n. m. anim. unisex
خټ	non_verb	n. m. pl.
خټ خټ	non_verb	n. m.
خټکی	non_verb	n. m.
خټکېدل	stative_compound_standard	v. intrans.
خټګر	non_verb	n. m.
خټګري	non_verb	n. f.
خټه	non_verb	n. f. / adj.
خټه	non_verb	n. f.
خټین	non_verb	adj.
خټین	non_verb	
خج	non_verb	n. m.
خجالت	non_verb	n. m.
خجل	non_verb	adj.
خجونکی	non_verb	adj.
خځله	non_verb	n. f.
خچر	non_verb	n. m. anim.
خچن	non_verb	adj.
خچه ګوته	non_verb	n. f.
خدانخواسته	non_verb	interj.
خداوند	non_verb	n. m. anim.
خدای	non_verb	n. m. anim.
خدای پاک	non_verb	
خدای پاماني	non_verb	n. f.
خدای پاماني کول	dynamic_compound	v. dyn. comp. trans.
خدای شرمولی	non_verb	adj.
خدای ناخواسته	non_verb	interj.
خدای وهلی	non_verb	adj.
خدایي	non_verb	n. f.
خدشه	non_verb	n. m. pl.
خدمت	non_verb	n. m.
خدمت کول	dynamic_compound	v. dyn. comp. trans.
خدمت کوونکی	non_verb	n. m. anim. unisex / adj.
خدمتګار	non_verb	n. m. anim. unisex
خدمتي	non_verb	adj. / n. m. anim. unisex
خر	non_verb	n. m.
خر	non_verb	n. m. anim. unisex
خر توب	non_verb	n. m.
خر وهل	dynamic_compound	v. dyn. comp. trans.
خراب	non_verb	adj.
خراب خویه	non_verb	adj.
خرابات	non_verb	n. m.
خرابوالی	non_verb	n. m.
خرابول	regular_simple	v. stat. comp. trans.
خرابي	non_verb	n. f.
خرابېدل	stative_compound_standard	v. stat. comp. intrans.
خراج	non_verb	n. m.
خراری	non_verb	n. m.
خراس	non_verb	n. m.
خراشکی	non_verb	n. m.
خرافه	non_verb	n. m.
خربشو	non_verb	n. m. anim. unisex / adj.
خربشوی	non_verb	n. m. anim. unisex / adj.
خربوزه	non_verb	n. f.
خرپ	non_verb	n. m.
خرپول	regular_simple	v. stat. comp. trans.
خرپېدل	stative_compound_standard	v. stat. comp. intrans.
خرټ	non_verb	adj.
خرټه	non_verb	n. f.
خرټول	regular_simple	v. stat. comp. trans.
خرټېدل	stative_compound_standard	v. stat. comp. intrans.
خرچ	non_verb	n. m.
خرچ کول	dynamic_compound	v. dyn. comp. trans.
خرچه	non_verb	n. f.
خرڅ	non_verb	n. m. / adj.
خرڅه	non_verb	n. f.
خرڅوړی	non_verb	n. m.
خرڅول	regular_simple	v. stat. comp. trans.
خرڅون	non_verb	n. m.
خرڅوونکی	non_verb	n. m. anim. unisex
خرڅی	non_verb	n. m.
خرڅېدل	stative_compound_standard	v. stat. comp. intrans.
خرڅېده	non_verb	n. f.
خردجال	non_verb	n. m. anim.
خرړول	regular_simple	v. gramm. trans.
خرړېدل	stative_compound_standard	v. intrans.
خرسک	non_verb	n. m.
خرطوم	non_verb	n. m.
خرقه	non_verb	n. f.
خرک	non_verb	n. m.
خرکی	non_verb	n. m.
خرکی وهل	dynamic_compound	v. dyn. comp. trans.
خرګوش	non_verb	n. m. anim. unisex
خرما	non_verb	n. f.
خره	non_verb	n. f.
خرهار	non_verb	n. m.
خرهاری	non_verb	n. m.
خروار	non_verb	n. m.
خروکی	non_verb	n. m.
خرول	regular_simple	v. trans.
خریدار	non_verb	n. m. anim. unisex
خریداري	non_verb	n. f.
خرېدل	stative_compound_standard	v. intrans.
خرېدل	stative_compound_standard	v. intrans.
خریل	regular_simple	v. trans.
خرېیل	regular_simple	v. trans.
خړ	non_verb	adj.
خړ	non_verb	n. m.
خړ وهل	dynamic_compound	v. dyn. comp. trans.
خړپ	non_verb	n. m.
خړپړ	non_verb	adj.
خړپړتیا	non_verb	n. f.
خړتم	non_verb	n. m.
خړټ	non_verb	n. m. pl.
خړه	non_verb	n. f.
خړوب	non_verb	adj.
خړوب ګری	non_verb	n. m.
خړوبول	regular_simple	v. stat. comp. trans.
خړوبی	non_verb	n. m.
خړوبېدل	stative_compound_standard	v. stat. comp. intrans.
خړول	regular_simple	v. stat. comp. trans.
خړې متیازې	non_verb	n. f. pl.
خړې مچیازې	non_verb	n. f. pl.
خړې میتیازې	non_verb	n. f. pl.
خړې میچیازې	non_verb	n. f. pl.
خړېدل	stative_compound_standard	v. stat. comp. intrans.
خړېدل	stative_compound_standard	v. stat. comp. intrans.
خزان	non_verb	n. m.
خزانه	non_verb	n. f.
خزانه چي	non_verb	n. m. anim. unisex
خزانه کول	dynamic_compound	v. stat. comp. trans.
خزانه کېدل	stative_compound_special	v. stat. comp. intrans.
خزنده	non_verb	n. f.
خږ	non_verb	n. m.
خس	non_verb	n. m.
خس خس	non_verb	adj.
خس خس کول	dynamic_compound	v. stat. comp. trans.
خسا	non_verb	adj.
خسته	non_verb	adj.
خسته	non_verb	n. f.
خسته کن	non_verb	adj.
خسته کوونکی	non_verb	adj.
خسر	non_verb	n. m. anim.
خسرګنۍ	non_verb	
خسڼی	non_verb	n. m.
خسوف	non_verb	n. m.
خسوندر	non_verb	n. m. anim.
خسي	non_verb	n. m.
خسي کول	dynamic_compound	v. stat. comp. trans.
خسي کېدل	stative_compound_special	v. stat. comp. intrans.
خسیس	non_verb	adj.
خشاک	non_verb	
خشت	non_verb	n. m.
خشک سالي	non_verb	n. f.
خشکه	non_verb	n. f.
خشکه	non_verb	adj. / n. f.
خشن	non_verb	adj.
خشونت	non_verb	n. m.
خشیل	non_verb	n. m.
خښ	non_verb	adj.
خښته	non_verb	n. f.
خښول	regular_simple	v. stat. comp. trans.
خښېدل	stative_compound_standard	v. stat. comp. intrans.
خښینه	non_verb	n. f. anim.
خصلت	non_verb	n. m.
خصوصاً	regular_simple	adv.
خصوصي	non_verb	adj.
خصوصیت	non_verb	n. m.
خصومت	non_verb	n. m.
خضوع	non_verb	n. f.
خط	non_verb	n. m.
خط و کتابت	non_verb	
خطا	non_verb	n. f.
خطا کېدل	stative_compound_special	v. stat. comp. intrans.
خطا وتل	non_verb	
خطاب	non_verb	n. m.
خطاب کول	dynamic_compound	v. dyn. comp. trans.
خطاط	non_verb	n. m. anim. unisex
خطاطي	non_verb	n. f.
خطاکار	non_verb	n. m. anim. unisex
خطبه	non_verb	n. f.
خطبه ویل	regular_simple	v. dyn. comp. trans.
خطر	non_verb	n. m.
خطرناک	non_verb	adj.
خطره	non_verb	n. f.
خطیب	non_verb	n. m. anim. unisex
خفګان	non_verb	n. m.
خفګان کول	dynamic_compound	v. dyn. comp. trans.
خفګي	non_verb	n. f.
خفه	non_verb	adj.
خفه کول	dynamic_compound	v. stat. comp. trans.
خفه کېدل	stative_compound_special	v. stat. comp. intrans.
خفي	non_verb	adj.
خفیف	non_verb	adj.
خفیه	non_verb	adj.
خلا	non_verb	n. f.
خلاص	non_verb	adj.
خلاص کول	dynamic_compound	v. stat. comp. trans.
خلاصه	non_verb	n. f.
خلاصه کول	dynamic_compound	v. stat. comp. trans.
خلاصه کېدل	stative_compound_special	v. stat. comp. intrans.
خلاصول	regular_simple	v. stat. comp. trans.
خلاصون	non_verb	n. m.
خلاصی	non_verb	n. m.
خلاصېدل	stative_compound_standard	v. stat. comp. intrans.
خلاف	non_verb	adj.
خلاف ورزي	non_verb	n. f.
خلاف ورزي	non_verb	n. f.
خلاف ورزي کول	dynamic_compound	v. dyn. comp. trans.
خلافت	non_verb	n. m.
خلاقه	non_verb	adj.
خلاقیت	non_verb	n. m.
خلاملا	regular_simple	adv.
خلائي	non_verb	adj.
خلتم	non_verb	n. m.
خلته	non_verb	n. f.
خلق	non_verb	n. m. / n. m. pl.
خلق	non_verb	n. m. / n. m. pl.
خلقت	non_verb	n. m.
خلک	non_verb	n. m. pl.
خله	non_verb	n. f.
خلوت	non_verb	n. m.
خلوت پسند	non_verb	adj.
خلوت پسندي	non_verb	n. f.
خلوص	non_verb	n. m.
خلی	non_verb	n. m.
خلیته	non_verb	n. f.
خلیج	non_verb	n. m.
خلیجي	non_verb	adj.
خم	non_verb	n. m.
خم	non_verb	n. m.
خمار	non_verb	n. m. / adj.
خماري	non_verb	adj.
خمبیره	non_verb	n. f.
خمچه	non_verb	n. f.
خمسه	non_verb	n. f.
خمسور	non_verb	adj.
خمسور	non_verb	n. m.
خمول	regular_simple	v. stat. comp. trans.
خمېدل	stative_compound_standard	v. stat. comp. intrans.
خمیر	non_verb	adj.
خمیره	non_verb	n. f.
خنجاړه	non_verb	n. f.
خنجر	non_verb	n. m.
خنځیر	non_verb	n. m.
خندا	non_verb	n. f.
خندانه	non_verb	adj.
خنداور	non_verb	adj.
خندق	non_verb	n. m.
خندل	regular_simple	v. gramm. trans.
خندني	non_verb	adj.
خندني	non_verb	adj.
خنده ګلی	non_verb	adj.
خندول	regular_simple	v. trans.
خندېدل	stative_compound_standard	v. intrans.
خنډ	non_verb	n. m.
خو	non_verb	
خو نیول	non_verb	
خوا	non_verb	n. f.
خوا په خوا	regular_simple	adv.
خوا و شا	regular_simple	adj. / loc. adv.
خوابدون	non_verb	n. m.
خوابدون	non_verb	n. m.
خوابدی	regular_simple	adj. / adv.
خوابدي	non_verb	n. f.
خوابدی کول	dynamic_compound	v. stat. comp. trans.
خوابدېدل	non_verb	
خواته	regular_simple	adv.
خواټولی	non_verb	adj.
خواټولی کول	dynamic_compound	v. stat. comp. trans.
خواټولی کېدل	stative_compound_special	v. stat. comp. intrans.
خواجه	non_verb	n. m.
خواخوږی	non_verb	adj. / n. m. anim. unisex
خواخوږي	non_verb	n. f.
خوار	non_verb	adj.
خوار ځواکی	non_verb	adj.
خوار ځواکي	non_verb	n. f.
خوارکی	non_verb	adj. / n. m.
خواره واره	regular_simple	adj. / adv.
خواروزار	non_verb	
خواري	non_verb	n. f.
خواري کښ	non_verb	adj.
خواري کښ	non_verb	adj.
خواري کول	dynamic_compound	v. dyn. comp. trans.
خواړه	non_verb	n. m. pl.
خواږه ولني	non_verb	n. m. pl.
خواست	non_verb	n. m.
خواشین	non_verb	n. m.
خواشینی	non_verb	adj.
خواشیني	non_verb	n. f.
خواښه	non_verb	n. f. anim.
خواښې	non_verb	n. f. anim.
خواښي خېل	non_verb	
خواګرځول	non_verb	
خواګرځی	non_verb	n. m.
خواګرځي	non_verb	n. f.
خواګرځېدل	non_verb	
خواګرزېدل	non_verb	
خواله	non_verb	n. f.
خواله رسنۍ	non_verb	n. f.
خواله کول	dynamic_compound	v. dyn. comp. trans.
خواننده	non_verb	n. m. anim.
خواه	non_verb	suff.
خواهش	non_verb	n. m.
خواهش کول	dynamic_compound	v. dyn. comp. trans.
خواهش من	non_verb	adj.
خواوشا	regular_simple	adj. / loc. adv.
خوب	non_verb	n. m.
خوب کول	dynamic_compound	v. dyn. comp. trans.
خوب لیدل	non_verb	
خوبانۍ	non_verb	n. f.
خوبجن	non_verb	adj.
خوبوړی	non_verb	adj.
خوبولی	non_verb	adj.
خوپ	non_verb	n. m. / adj.
خوټ	non_verb	adj.
خوټ کول	dynamic_compound	v. stat. comp. trans.
خوټ کېدل	stative_compound_special	v. stat. comp. intrans.
خوټکېدل	stative_compound_standard	v. intrans.
خوټه	non_verb	n. f.
خوټول	regular_simple	v. stat. comp. trans.
خوټی	non_verb	n. m.
خوټېدل	stative_compound_standard	v. stat. comp. intrans.
خوځښت	non_verb	n. m.
خوځول	regular_simple	v. trans.
خوځېدل	stative_compound_standard	v. intrans.
خود	regular_simple	adj. / adv.
خود	non_verb	n. m. / pref.
خود اختیاره	non_verb	adj.
خود اعتماد	non_verb	n. m.
خود به خود	regular_simple	adv.
خود پرست	non_verb	n. m. anim. unisex / adj.
خود پرستي	non_verb	n. f.
خود پسند	non_verb	
خود داري	non_verb	n. f.
خود داري کول	dynamic_compound	v. dyn. comp. trans.
خود غرض	non_verb	adj.
خود غرضه	non_verb	adj.
خود مختار	non_verb	adj.
خود مختاري	non_verb	n. f.
خودخواه	non_verb	adj.
خودخواه یي	non_verb	n. f.
خودکشي	non_verb	n. f.
خودکشي کول	dynamic_compound	v. dyn. comp. trans.
خودکفا	non_verb	adj.
خودکفایي	non_verb	n. f.
خودنمایي	non_verb	n. f.
خور	non_verb	adj.
خور	non_verb	n. f. anim. fam.
خور	non_verb	n. m.
خور	non_verb	suff.
خورا	non_verb	adj.
خوراړه	non_verb	n. f.
خوراک	non_verb	n. m.
خوراک کول	dynamic_compound	v. dyn. comp. trans.
خوراک ورکول	regular_simple	v. dyn. comp. trans.
خوراکتوکي	non_verb	n. m. pl.
خوراکي	non_verb	adj.
خورځه	non_verb	n. f.
خورځه	non_verb	n. f. anim.
خورزه	non_verb	n. f. anim.
خورګلوي	non_verb	n. f.
خورلنده	non_verb	n. f.
خورلڼه	non_verb	n. f. anim.
خورمانۍ	non_verb	n. f.
خورمه	non_verb	n. f.
خورنده	non_verb	n. m. anim. unisex / adj.
خوره	non_verb	n. f.
خورهار	non_verb	n. m.
خورول	regular_simple	v. stat. comp. trans.
خورون	non_verb	n. m.
خورېدل	stative_compound_standard	v. gramm. trans.
خورېدل	stative_compound_standard	v. stat. comp. intrans.
خوریی	non_verb	n. m. anim. unisex
خوړ	non_verb	n. m.
خوړ	non_verb	n. m.
خوړ وهل	dynamic_compound	v. dyn. comp. trans.
خوړل	regular_simple	v. trans.
خوړنځی	non_verb	n. m.
خوړه	non_verb	n. f.
خوړه	non_verb	n. f.
خوړین	non_verb	adj.
خوړینول	regular_simple	v. stat. comp. trans.
خوړینېدل	stative_compound_standard	v. stat. comp. intrans.
خوږ	non_verb	adj.
خوږ	non_verb	n. m.
خوږ اروا	non_verb	n. f.
خوږژبی	non_verb	adj.
خوږمن	non_verb	adj.
خوږمند	non_verb	adj.
خوږمنول	regular_simple	v. stat. comp. trans.
خوږمنېدل	stative_compound_standard	v. stat. comp. intrans.
خوږول	regular_simple	v. stat. comp. trans.
خوږول	regular_simple	v. stat. comp. trans.
خوږې ګولۍ	non_verb	n. f. pl.
خوږېدل	stative_compound_standard	v. stat. comp. intrans.
خوږېدل	stative_compound_standard	v. stat. comp. intrans.
خوسا	non_verb	adj.
خوسکی	non_verb	n. m.
خوسی	non_verb	n. m.
خوسی	non_verb	n. m. anim. unisex
خوش آمد	non_verb	n. m.
خوش باور	non_verb	adj.
خوش باور	non_verb	adj.
خوش پوشاک	non_verb	adj.
خوش خطي	non_verb	n. f.
خوش دل	non_verb	adj.
خوش شکل	non_verb	adj.
خوش قسمته	non_verb	adj.
خوش قسمتي	non_verb	n. f.
خوشاله	non_verb	adj.
خوشالول	regular_simple	v. stat. comp. trans.
خوشالي	non_verb	n. f.
خوشالېدل	stative_compound_standard	v. stat. comp. intrans.
خوشامند	non_verb	n. m.
خوشامندي	non_verb	n. f.
خوشامندي کول	dynamic_compound	v. dyn. comp. trans.
خوشبختانه	regular_simple	adv.
خوشبختانه	regular_simple	adv.
خوشبختي	non_verb	n. f.
خوشبویي	non_verb	n. f.
خوشبین	non_verb	adj.
خوشبیني	non_verb	n. f.
خوشت	non_verb	adj.
خوشتول	regular_simple	v. stat. comp. trans.
خوشتېدل	stative_compound_standard	v. stat. comp. intrans.
خوشحال	non_verb	adj.
خوشحاله	non_verb	adj.
خوشحاله کول	dynamic_compound	v. stat. comp. trans.
خوشحاله کېدل	stative_compound_special	v. stat. comp. intrans.
خوشحالول	regular_simple	v. stat. comp. trans.
خوشحالي	non_verb	n. f.
خوشحالي کول	dynamic_compound	v. dyn. comp. trans.
خوشحالېدل	stative_compound_standard	v. stat. comp. intrans.
خوشخبري	non_verb	n. f.
خوشدل	non_verb	adj.
خوشک	non_verb	adj.
خوشکه	non_verb	
خوشوی	non_verb	n. m.
خوشي	non_verb	adj.
خوشې	regular_simple	adj. / adv.
خوشې ځای	non_verb	n. m.
خوشي کول	dynamic_compound	v. stat. comp. trans.
خوشې کول	dynamic_compound	v. stat. comp. trans.
خوښ	non_verb	adj. / n. m.
خوښه	non_verb	n. f.
خوښوالی	non_verb	n. m.
خوښول	irregular_one_off	v. stat. comp. trans.
خوښونه	non_verb	n. f.
خوښي	non_verb	n. f.
خوښي کول	dynamic_compound	v. dyn. comp. trans.
خوښېدل	stative_compound_standard	v. stat. comp. intrans.
خوښینه	non_verb	n. f. anim.
خوف	non_verb	n. m.
خوفناک	non_verb	adj.
خوګ	non_verb	n. m. anim. unisex
خوګلن	non_verb	n. m.
خول	non_verb	n. m.
خولګۍ	non_verb	n. f.
خوله	non_verb	n. f.
خوله	non_verb	n. f.
خوله بندول	regular_simple	v. dyn. comp. trans.
خوله ور	non_verb	adj.
خولۍ	non_verb	n. f.
خولېدل	non_verb	
خون بها	non_verb	n. f.
خونخوار	non_verb	adj.
خوند	non_verb	n. m.
خوند اخیستل	non_verb	
خوندناک	non_verb	adj.
خوندور	non_verb	adj.
خوندي	non_verb	adj.
خوندیتوب	non_verb	n. m.
خوندیینه	non_verb	n. f.
خونړی	non_verb	adj.
خونه	non_verb	n. f.
خوني	non_verb	adj.
خوی	non_verb	n. m.
خوی	non_verb	n. m.
خوی خصلت	non_verb	n. m.
خویندې	non_verb	n. f. pl.
خیاط	non_verb	n. m. anim. unisex
خیاطي	non_verb	n. f.
خیال	non_verb	n. m.
خیال بدلول	regular_simple	v. dyn. comp. trans.
خیال بیانول	non_verb	
خیال پلو	non_verb	n. m.
خیال ساتل	regular_simple	v. dyn. comp. trans.
خیال کول	dynamic_compound	v. dyn. comp. trans.
خیال کوونکی	non_verb	adj.
خیالي	non_verb	adj.
خیالي دنیا	non_verb	n. f.
خیانت	non_verb	n. m.
خیانت	non_verb	n. m.
خیانت کوونکی	non_verb	
خېټه	non_verb	n. f.
خیټو	non_verb	n. m. anim. unisex
خېټو	non_verb	n. m. anim. unisex / adj.
خېټور	non_verb	adj.
خیچن	non_verb	adj.
خیدک	non_verb	n. m. pl.
خیر	non_verb	n. m.
خیر خیریت	regular_simple	adv.
خیر غوښتل	regular_simple	v. dyn. comp. trans.
خیرات	non_verb	n. m. / n. m. pl.
خیرات غوښتل	regular_simple	v. dyn. comp. trans.
خیراتي	non_verb	n. m. anim. unisex
خیرت	non_verb	n. m.
خیرخواه	non_verb	adj.
خیرخواهي	non_verb	n. f.
خیرمار	non_verb	n. m. anim. unisex
خیرن	non_verb	adj.
خیرن پیرن	non_verb	adj. doub.
خیرن شی	non_verb	n. m.
خیره	non_verb	adj.
خیره	non_verb	n. f.
خیره کن	non_verb	adj.
خیری	non_verb	n. m.
خیري	non_verb	n. f.
خیریت	non_verb	n. m.
خیریه	non_verb	adj.
خېز	non_verb	n. m.
خېز وهل	dynamic_compound	v. dyn. comp. trans.
خېژول	regular_simple	v. trans.
خیشت	non_verb	adj.
خیشتول	regular_simple	v. stat. comp. trans.
خیشتېدل	stative_compound_standard	v. stat. comp. intrans.
خېښي	non_verb	n. f.
خېل	non_verb	n. m.
خېلخانه	non_verb	n. f.
خیمه	non_verb	n. f.
خېمه	non_verb	n. f.
د	non_verb	adpos.
د ... په بدل	regular_simple	adv. sand.
د ... په ترڅ	non_verb	sand.
د ... په ځای	regular_simple	adv. sand.
د ... په حیث	non_verb	sandwich
د ... په ذریعه	non_verb	sand.
د ... په شان	regular_simple	adv.
د ... په طرف	non_verb	sand.
د ... په لاره	non_verb	sand.
د ... په لور	non_verb	sandwich
د ... په مقابله کې	non_verb	sand.
د ... په منځ کې	regular_simple	loc. adv.
د ... په مېنځ کې	regular_simple	loc. adv.
د ... په هکله	non_verb	sand.
د ... دمخې	non_verb	sandwich
د ... له امله	non_verb	sandwich
د استدراج په توګه	regular_simple	adv.
د اشارو ژبه	non_verb	n. f.
د اشارې نښه	non_verb	n. f.
د اعتبار وړ	non_verb	adj.
د اعتماد وړ	non_verb	adj.
د انسان جوړ	non_verb	adj.
د اواز بېرته راتلل	non_verb	
د اوبو حوض	non_verb	n. m.
د اور بڅری	non_verb	n. m.
د اور غر	non_verb	n. m.
د اور لرګی	non_verb	n. m.
د اور لرګي	non_verb	n. m. pl.
د اورلګیت خلی	non_verb	n. m.
د اورېدلو مشین	non_verb	n. m.
د باور وړ	non_verb	adj.
د بجلۍ پوړی	non_verb	n. m.
د بجلۍ نیول	non_verb	n. m.
د بخارات مایع کېدل	non_verb	
د بده مرغه	regular_simple	adv.
د برداشت قابل	non_verb	adj.
د بهرنیو چارو وزیر	non_verb	n. m.
د بوټو شینوالی	non_verb	n. m.
د بوډۍ ټال	non_verb	n. m.
د بېلګې په توګه	regular_simple	adv.
د پاره	non_verb	adpos.
د پاسه	regular_simple	adv.
د پایو کرسۍ	non_verb	n. f.
د پرتوغاښ ډکی	non_verb	n. m.
د پښو چاپ	non_verb	n. m.
د پښو نښه	non_verb	n. f.
د پښې ګوته	non_verb	n. f.
د پښې نوک	non_verb	n. m.
د پناه ځای	non_verb	n. m.
د پوښتنې وړ	non_verb	adj.
د پېژندګلو بحران	non_verb	n. m.
د تار جال	non_verb	n. m.
د تریخي اوبه	non_verb	n. f. pl.
د تعمید غسل	non_verb	n. m.
د تي څخه پرېکول	non_verb	
د تېلو پمپ	non_verb	n. m.
د ټولو نه خراب	non_verb	adj.
د جامو د ځړېدلو چنګک	non_verb	n. m.
د جامو وینځلو پوډر	non_verb	
د جامو وینځلو ماشین	non_verb	n. m.
د جهاز بار	non_verb	n. m.
د جوړونو درد	non_verb	n. m.
د ځان حفاظت	non_verb	n. m.
د ځان دفاع	non_verb	n. f.
د ځمکې د لاندې	regular_simple	adj. / loc. adv.
د ځمکې راښکنه	non_verb	n. f.
د ځمکې کشش	non_verb	n. m.
د ځمکې لاندې	regular_simple	adj. / loc. adv.
د ځناورو ډاکټر	non_verb	n. m. anim. unisex
د چا	non_verb	pron.
د حد نه تېرېدل	non_verb	
د حد نه وتل	non_verb	
د خالي ورځ	non_verb	
د خبرو انداز	non_verb	n. m.
د خځلو ټوکرۍ	non_verb	n. f.
د خځلې ټوکرۍ	non_verb	n. f.
د خدای په امان	non_verb	
د خښتو بټۍ	non_verb	n. f.
د خندا خبره	non_verb	n. f.
د خوب خونه	non_verb	n. f.
د خوبه	non_verb	
د خېټې درد	non_verb	n. m.
د ده	non_verb	
د دوی	non_verb	pron.
د دې	non_verb	
د دې له کبله	regular_simple	adv.
د دې نه مخکې	regular_simple	adv.
د دې نه وروستو	regular_simple	adv.
د راښکلو طاقت	non_verb	n. m.
د رګ پړسوب	non_verb	n. m.
د رېل پټلۍ	non_verb	n. f.
د زخم پوټ	non_verb	n. m.
د زخم داغ	non_verb	n. m.
د زړه اواز	non_verb	n. m.
د زړه بیماري	non_verb	n. f.
د زړه په مینه	regular_simple	adv.
د زړه د اخلاصه	regular_simple	adv.
د زړه د اخلاصه	regular_simple	adv.
د زړه د خلاصه	regular_simple	adv.
د زړه درزا	non_verb	n. f.
د زړه دوره	non_verb	n. f.
د زړه سوځېدل	non_verb	n. m. pl.
د زړه ضربان	non_verb	n. m. / n. m. pl.
د زړه له اخلاصه	regular_simple	adv.
د زغملو طاقت	non_verb	n. m.
د زغملو قابل	non_verb	adj.
د زیارت ورځ	non_verb	n. f.
د ژوند علم	non_verb	n. f.
د ساري په توګه	regular_simple	adv.
د ساه لنډۍ مرض	non_verb	
د سترګو پرده	non_verb	n. f.
د سترګو تور	non_verb	n. m.
د سترګو رڼا	non_verb	n. f.
د سترګې پرده	non_verb	n. f.
د سترګې تور	non_verb	n. m.
د ستورو او سیارو علم	non_verb	
د سر درد	non_verb	n. m.
د سمندر غاړه	non_verb	n. f.
د سنت غوښه	non_verb	n. f.
د سیند غاړه	non_verb	n. f.
د شاتو مچۍ	non_verb	n. f.
د شروع ورځ	non_verb	n. f.
د شړ شړ اواز	non_verb	n. m.
د شورو ورځ	non_verb	n. f.
د شوګر مریض	non_verb	n. m.
د ښپې ګوته	non_verb	n. f.
د ښه مرغه	regular_simple	adv.
د صحیح نښه	non_verb	n. f.
د علاج جوګه	non_verb	adj.
د علم خزانه	non_verb	n. f.
د غاښ حکیم	non_verb	n. m.
د غاښ ډاکټر	non_verb	n. m.
د غاښونو چخچی	non_verb	n. m.
د غاښونو درد	non_verb	
د غره لمن	non_verb	n. f.
د غڼې تار	non_verb	n. m.
د غوږ خوږ	non_verb	n. m.
د غوږ درد	non_verb	n. m.
د فالج اټیک	non_verb	n. m.
د فایلونو المارۍ	non_verb	n. f.
د قربانۍ ځای	non_verb	n. m.
د کار	non_verb	
د کار کولو ځای	non_verb	n. m.
د کاکا ماینه	non_verb	n. f. anim.
د کټ ښپه	non_verb	n. f.
د کلي لمنې	non_verb	n. f. pl.
د کمترۍ احساس	non_verb	n. m.
د کور کار	non_verb	n. m.
د کور ودانې	non_verb	n. f.
د ګرمۍ اثر	non_verb	n. m.
د ګرمۍ موسم	non_verb	n. m.
د ګرمۍ وهل	non_verb	
د ګلاب ګل	non_verb	n. m.
د ګلونو باغ	non_verb	n. m.
د ګند ټوکرۍ	non_verb	n. f.
د ګوتې سر	non_verb	n. m.
د لاس پړکه	non_verb	n. f.
د لاس سامان	non_verb	n. m. pl.
د لاس ګړۍ	non_verb	n. f.
د لاسه	non_verb	adpos.
د لاسه ورکول	non_verb	
د لرګي بوره	non_verb	n. f.
د لرګي جوړ	non_verb	adj.
د لمر پرېوتل	non_verb	
د لمر راختل	non_verb	
د لمر ضد کریم	non_verb	n. m. pl.
د لوبو څیز	non_verb	n. m.
د لوبې شی	non_verb	
د لېوني سپي بیماري	non_verb	n. f.
د ماتولو جوګه	non_verb	adj.
د ماښام خړه	non_verb	n. f.
د ماښام ډوډۍ	non_verb	n. f.
د مرګ څلوېښتي	non_verb	n. f.
د مړي صندوق	non_verb	n. m.
د معدې سوزش	non_verb	n. m.
د معلولیت چوکۍ	non_verb	n. f.
د معلولیت څوکۍ	non_verb	n. f.
د ملا تیر	non_verb	n. m.
د ملا هډوکی	non_verb	n. m.
د ممپلیو مربا	non_verb	n. f.
د منلو جوګه	non_verb	adj.
د منلو قابل	non_verb	adj.
د منلو وړ	non_verb	adj.
د میتازو پوکڼی	non_verb	n. m.
د میچیازو پوکڼی	non_verb	n. m.
د میرې زوی	non_verb	n. m.
د ناستې ځای	non_verb	n. m.
د ندا اشاره	non_verb	n. f.
د نشې دوایي	non_verb	n. f.
د نفسیاتو ډاکټر	non_verb	n. m.
د نمر چشمې	non_verb	
د نمر رڼا	non_verb	n. f.
د نه خوړو اعتصاب	non_verb	n. m.
د نهې ورځ	non_verb	
د نوکونو رنګ	non_verb	n. m.
د هاضمې سیسټم	non_verb	n. m.
د هغه	non_verb	pron.
د هغوی	non_verb	pron.
د هغې	non_verb	pron.
د هفتې ورځ	non_verb	
د هګۍ زېړ	non_verb	n. m.
د هوا درجه	non_verb	n. f.
د هویت پاڼه	non_verb	n. f.
د واده زلمی	non_verb	n. m. anim. unisex
د وارې	regular_simple	adv.
د واورو ډېرۍ	non_verb	n. f.
د وتلو لاره	non_verb	n. f.
د وجود د اندامونو مطالعه	non_verb	n. f.
د وخت پابند	non_verb	adj.
د وخته	regular_simple	adv.
د ونې پوستکی	non_verb	n. m.
د وېښتو جوړښت	non_verb	n. m.
د وینې ډک	non_verb	adj.
د وینې زور	non_verb	n. m.
د وینې کمی	non_verb	n. m.
د یخي غر	non_verb	n. m.
دا	non_verb	pron.
دا	non_verb	pron.
داجي	non_verb	
داخل	non_verb	adj. / n. m.
داخله	non_verb	n. f.
داخلول	regular_simple	v. stat. comp. trans.
داخلي	non_verb	adj.
داخلېدل	stative_compound_standard	v. stat. comp. intrans.
داد	non_verb	n. m.
دادا	non_verb	n. m. anim.
داداتوب	non_verb	n. m.
دار	non_verb	n. m.
دار الاسلام	non_verb	
دار الاقامه	non_verb	n. f.
دار الحرب	non_verb	
دار الخلافه	non_verb	n. f.
دار الصلح	non_verb	
دار العلوم	non_verb	n. m.
دار العهد	non_verb	
دارالاسلام	non_verb	
دارالحرب	non_verb	
دارالخلافه	non_verb	n. f.
دارالصلح	non_verb	
دارالعهد	non_verb	
دارچیني	non_verb	n. m. pl.
داره	non_verb	adj.
داره	non_verb	n. f.
داره کول	dynamic_compound	v. dyn. comp. trans.
داره یي	non_verb	n. f.
دارو	non_verb	n. m. pl.
داري	non_verb	n. f.
داړل	regular_simple	v. trans.
داړه	non_verb	n. f.
داړه مار	non_verb	n. m.
داړه مار	non_verb	n. m.
داړه ماري	non_verb	n. f.
داړونکی	non_verb	adj.
داستان	non_verb	n. m.
داسې	regular_simple	adv. / det.
داش	non_verb	n. m.
داغ	non_verb	n. m.
داغ لګېدل	non_verb	
داغدار	non_verb	adj.
داغل	regular_simple	v. trans.
داغمه	non_verb	n. f. / adj.
دافع	non_verb	n. f.
دافع کول	dynamic_compound	v. dyn. comp. trans.
دال	non_verb	n. m.
دالان	non_verb	n. m.
دالچیني	non_verb	n. m. pl.
دام	non_verb	n. m.
دامان	non_verb	n. m.
دان	non_verb	n. m. / suff.
دانا	non_verb	adj. / n. m.
دانشور	non_verb	n. m. anim. unisex
دانګ	non_verb	n. m.
دانګل	regular_simple	v. gramm. trans.
دانه	non_verb	n. f.
داوس	non_verb	n. m. anim. unisex / adj.
داوطلب	non_verb	n. m.
دای	non_verb	n. m.
دایرت المعارف	non_verb	n. m.
دایره	non_verb	n. f.
دایرېدل	stative_compound_standard	v. stat. comp. intrans.
دایم	non_verb	adj.
دایمي	non_verb	adj.
دایه	non_verb	n. f. anim.
دایي	non_verb	n. f. anim.
دباندنی	non_verb	n. m. anim. unisex
دباندی	non_verb	adj.
دباندي	regular_simple	adv.
دباندې	regular_simple	loc. adv.
دباندینی	non_verb	adj.
دباو	non_verb	n. m.
دبدبه	non_verb	n. f.
دبلی	non_verb	n. m.
دپ	non_verb	adj.
دپاره	non_verb	adpos.
دجال	non_verb	n. m.
دخانیات	non_verb	n. m. pl.
دد	non_verb	n. m.
ددې	non_verb	
در	non_verb	pron. prefix.
در په در	non_verb	adj.
درآمد	non_verb	n. m.
درآمد کول	dynamic_compound	v. dyn./stat. comp. trans.
دراز	non_verb	adj.
درب	non_verb	n. m.
دربا	non_verb	n. f.
دربار	non_verb	n. m.
درباري	non_verb	n. m.
دربان	non_verb	n. m. anim. unisex
دربجن	non_verb	adj.
دربدر	non_verb	adj.
دربدري	non_verb	n. f.
دربل	non_verb	n. m.
دربل	non_verb	n. m.
دربل	regular_simple	v. intrans.
دربل	regular_simple	v. trans.
دربلول	regular_simple	v. stat. comp. trans.
دربلېدل	stative_compound_standard	v. stat. comp. intrans.
دربهار	non_verb	n. m.
دربهار کول	dynamic_compound	v. dyn. comp. trans.
دربی	non_verb	n. m.
دربېدل	stative_compound_standard	v. intrans.
درپسې	regular_simple	loc. adv.
درپورې	regular_simple	loc. adv.
درتلل	regular_simple	v. intrans.
درجن	non_verb	n. m. quan.
درجن	non_verb	n. m.
درجه	non_verb	n. f.
درجه بندي	non_verb	n. f.
درځن	non_verb	n. m.
درچل	regular_simple	v. intrans.
درچول	regular_simple	v. trans.
درڅخه	regular_simple	adv.
درخت	non_verb	n. m.
درخواست	non_verb	n. m.
درخواست کوونکی	non_verb	n. m. anim. unisex
درخواست ورکول	regular_simple	v. dyn. comp. trans.
درد	non_verb	n. m.
دردمن	non_verb	adj.
دردمند	non_verb	adj.
دردمندي	non_verb	n. f.
دردمني	non_verb	n. f.
دردول	regular_simple	v. trans.
دردوونکی	non_verb	adj.
دردېدل	stative_compound_standard	v. intrans.
دردېدلی	non_verb	n. m.
درز	non_verb	n. m.
درز	non_verb	n. m.
درزا	non_verb	n. f.
درزول	regular_simple	v. trans.
درزي	non_verb	n. m. anim. / adj.
درزېدل	stative_compound_standard	v. intrans.
درس	non_verb	n. m.
درست	non_verb	adj.
درست	regular_simple	adv. ??
درسته	non_verb	n. f.
درستول	regular_simple	v. stat. comp. trans.
درستی	non_verb	n. m. anim. unisex
درستېدل	stative_compound_standard	v. stat. comp. intrans.
درسره	regular_simple	loc. adv.
درسي	non_verb	adj.
درشل	non_verb	n. m.
درغل	non_verb	n. m. anim. unisex / adj.
درغلګر	non_verb	n. m. anim. unisex
درغلی	non_verb	n. m.
درغلي	non_verb	n. f.
درغېدل	stative_compound_standard	v. intrans.
درک	non_verb	n. m.
درک	non_verb	n. m.
درکول	regular_simple	v. trans. irreg.
درکي	non_verb	n. f.
درګاه	non_verb	n. m. / n. f.
درګه	non_verb	n. f.
درګهار	non_verb	n. m.
درګهي	non_verb	n. f.
درګهي	non_verb	n. f.
درګی	non_verb	n. m.
درلودل	modal	v. trans.
درمان	non_verb	n. m.
درمسال	non_verb	n. m.
درمل	non_verb	n. m.
درمل واکي	non_verb	n. f.
درملتون	non_verb	n. m.
درملګر	non_verb	n. m. anim. unisex
درملنځی	non_verb	n. m.
درملنه	non_verb	n. f.
درمن	non_verb	n. m.
درمن بادول	regular_simple	v. dyn. comp. trans.
درمن کېدل	non_verb	
درمند	non_verb	adj.
درمه	non_verb	n. f.
درناوی	non_verb	n. m.
درنده	non_verb	adj.
درنده	non_verb	adj.
درنده	non_verb	n. f.
درنښت	non_verb	n. m.
درنګ	non_verb	n. m.
درنه	non_verb	n. f.
درنول	regular_simple	v. stat. comp. trans.
درنېدل	stative_compound_standard	v. stat. comp. intrans.
دره	non_verb	n. f.
دره	non_verb	n. f.
دره	non_verb	n. f.
درهم برهم	non_verb	adj.
دروازه	non_verb	n. f.
دروازه وان	non_verb	n. m.
درواغ	non_verb	n. m. pl.
دروان	non_verb	n. m.
دروانچي	non_verb	n. m.
دروزګر	non_verb	n. m.
دروغ	non_verb	n. m. pl.
دروغ جوړول	non_verb	
دروغ رښتیا ویل	non_verb	
دروغ ویل	regular_simple	v. dyn. comp. trans.
دروغجن	non_verb	n. m. anim. unisex / adj.
دروغژن	non_verb	n. m. anim. unisex / adj.
درول	regular_simple	v. trans.
دروم	non_verb	n. m.
دروم	non_verb	n. m.
درومل	regular_simple	v. intrans.
دروند	non_verb	adj.
دروندوالی	non_verb	n. m.
درویشت	non_verb	num.
درویشتم	non_verb	adj.
دروېغ	non_verb	n. m. pl.
دري	non_verb	n. f.
درې	non_verb	num.
درۍ	non_verb	n. f.
درې شلې	non_verb	num.
درې نیم شلې	non_verb	
درې واړه	non_verb	
دریاب	non_verb	n. m.
دریابي	non_verb	adj.
دریافت	non_verb	n. m.
دریافت کول	dynamic_compound	v. stat. comp. trans.
دریافت کېدل	stative_compound_special	v. stat. comp. intrans.
دریځ	non_verb	n. m.
دریچه	non_verb	n. f.
دریڅه	non_verb	n. f.
درېدل	stative_compound_standard	v. intrans.
درېشي	non_verb	n. f.
درېغ	non_verb	n. m.
درېغه	non_verb	interj.
درېغول	regular_simple	v. stat. comp. trans.
درېغی	regular_simple	adv.
دریمګړی	non_verb	n. m. anim. unisex
درینګ	non_verb	adj. / n. m.
درېیم	non_verb	adj.
درېیمګړی	non_verb	n. m. anim. unisex
دړ دړ	non_verb	adj.
دړ دړ کول	dynamic_compound	v. stat. comp. trans.
دړدنګ	non_verb	n. m.
دړکه	non_verb	n. f.
دړکه کول	dynamic_compound	v. dyn. comp. trans.
دړکه ورکول	regular_simple	v. dyn. comp. trans.
دړه	non_verb	n. f.
دړه دوړه	non_verb	n. f.
دړه کول	non_verb	
دړی	non_verb	n. m.
دړۍ	non_verb	n. f.
دست	non_verb	n. m.
دست	non_verb	n. m.
دست انداز	non_verb	n. m.
دست بسته	regular_simple	adv.
دست تنګ	non_verb	adj.
دستار	non_verb	n. m.
دستانه	non_verb	n. f.
دستخط	non_verb	n. m.
دسترخوان	non_verb	n. m.
دستکاري	non_verb	n. f.
دستکش	non_verb	n. m.
دستکښ	non_verb	n. m.
دستګاه	non_verb	n. m. / n. f.
دستمال	non_verb	n. m.
دستمال	non_verb	n. m.
دسته	non_verb	n. f.
دستور	non_verb	n. m.
دستي	regular_simple	adv.
دسکله	non_verb	n. f.
دسمال	non_verb	n. m.
دسمال	non_verb	n. m.
دسیسه	non_verb	n. f.
دشت	non_verb	n. m.
دشمن	non_verb	n. m.
دشمني	non_verb	n. f.
دښت	non_verb	n. m.
دښته	non_verb	n. f.
دښتي	non_verb	adj.
دښمن	non_verb	n. m. anim. unisex / adj.
دښمني	non_verb	n. f.
دعا	non_verb	n. f.
دعا کول	dynamic_compound	v. dyn. comp. trans.
دعوا	non_verb	n. f.
دعوت	non_verb	n. m.
دعوت ورکول	regular_simple	v. dyn. comp. trans.
دعوتول	regular_simple	v. stat. comp. trans.
دعوه	non_verb	n. f.
دعوه کول	dynamic_compound	v. dyn. comp. trans.
دغ	non_verb	adj.
دغځی	non_verb	adj.
دغسې	regular_simple	adv. / det.
دغلته	regular_simple	loc. adv.
دغه	non_verb	pron.
دغه شان	non_verb	
دغو	non_verb	
دغومره	regular_simple	adv.
دف	non_verb	n. m.
دفاع	non_verb	n. f.
دفاع کول	dynamic_compound	v. dyn. comp. trans.
دفاعي	non_verb	adj.
دفتر	non_verb	n. m.
دفعتاً	regular_simple	adv.
دفن	non_verb	n. m.
دفن کول	dynamic_compound	v. stat. comp. trans.
دفن کېدل	stative_compound_special	v. stat. comp. intrans.
دق	non_verb	n. m.
دقت	non_verb	n. m.
دقه مال	non_verb	n. m.
دقیق	non_verb	adj.
دقیق	non_verb	adj.
دقیقاً	regular_simple	adv.
دقیقه	non_verb	n. f.
دکان	non_verb	n. m.
دګلی	non_verb	adj.
دل	non_verb	n. m.
دل	non_verb	n. m.
دل آزرده	non_verb	adj.
دل بستګي	non_verb	n. f.
دل بسته	non_verb	adj.
دل پل	non_verb	adj.
دل تلل	non_verb	
دل جویي	non_verb	n. f.
دل جویي کول	non_verb	
دل خاه	non_verb	adj.
دل خسته	non_verb	adj.
دل خواهي	non_verb	n. f.
دل داده	non_verb	adj.
دل داره	non_verb	n. f.
دل داري	non_verb	adj.
دل ربا	non_verb	n. f.
دل ربایي	non_verb	n. f.
دل سرد	non_verb	adj.
دل سردي	non_verb	n. f.
دل سوز	non_verb	adj.
دل سوزه	non_verb	n. f.
دل سوزي	non_verb	n. f.
دلارام	non_verb	n. f.
دلاسا	non_verb	adj. / n. m.
دلاسا ورکول	regular_simple	v. dyn. comp. trans.
دلاسه ورکول	non_verb	
دلاکي	non_verb	n. f.
دلال	non_verb	n. m.
دلالت	non_verb	n. m.
دلاور	non_verb	adj.
دلپذیر	non_verb	adj.
دلپسند	non_verb	adj.
دلته	regular_simple	loc. adv.
دلته	non_verb	n. f.
دلچسپ	non_verb	adj.
دلچسپي	non_verb	n. f.
دلچسپي لرل	regular_simple	v. dyn. comp. trans.
دلداده	non_verb	adj.
دلدار	non_verb	n. m.
دلداره	non_verb	n. f.
دلداري	non_verb	n. f.
دلګیر	non_verb	adj.
دله	non_verb	
دله توب	non_verb	n. m.
دلو	non_verb	n. m.
دلول	regular_simple	v. stat. comp. trans.
دلې	regular_simple	adv.
دلۍ	regular_simple	n. f. / adv.
دلې دورې	regular_simple	adv.
دلېدل	stative_compound_standard	v. stat. comp. intrans.
دلېر	non_verb	adj.
دلیل	non_verb	n. m.
دلیل ورکول	regular_simple	v. dyn. comp. trans.
دم	non_verb	n. m.
دم اچول	regular_simple	v. dyn. comp. trans.
دم پدم	regular_simple	adv.
دم په دستي	regular_simple	adv.
دم په دم	regular_simple	adv.
دم درحال	regular_simple	adv.
دم دستي	regular_simple	adv.
دم دلاسا	non_verb	adj. / n. m.
دم دلاسا	non_verb	n. f.
دم دلاسا ورکول	regular_simple	v. dyn. comp. trans.
دم ساز	non_verb	n. m.
دم سازي	non_verb	n. f.
دم کول	non_verb	
دماغ	non_verb	n. m.
دماغه	non_verb	n. f.
دماغي	non_verb	adj.
دماکه	non_verb	n. f.
دمپخته	non_verb	n. f.
دمخه	regular_simple	adv.
دمخې	non_verb	
دمشق	non_verb	n. m.
دمګر	non_verb	n. m. anim. unisex
دمه	non_verb	n. f.
دمه کول	dynamic_compound	v. dyn. comp. trans.
دمول	regular_simple	v. stat. comp. trans.
دمېدل	stative_compound_standard	v. intrans. trans.
دنده	non_verb	n. f.
دنګ	non_verb	adj.
دنګ	non_verb	n. m.
دنګل	regular_simple	v. gramm. trans.
دنګو	non_verb	n. m.
دنګوالی	non_verb	n. m.
دنننی	non_verb	adj.
دننه	regular_simple	loc. adv.
دننه تلل	non_verb	
دننه کول	dynamic_compound	v. stat. comp. trans.
دننه کېدل	stative_compound_special	v. stat. comp. intrans.
دننی	non_verb	adj.
دنیا	non_verb	n. f.
دنیا پرستي	non_verb	n. f.
دنیاوي	non_verb	adj.
دنیوي	non_verb	adj.
دڼیا	non_verb	n. f.
ده	non_verb	
دهر	non_verb	n. m.
دهشت	non_verb	n. m.
دهشتګرد	non_verb	n. m. anim. unisex
دهشتګردي	non_verb	n. f.
دهشتناک	non_verb	adj.
دهقان	non_verb	n. m. anim. unisex
دهقاني	non_verb	n. f.
دهلېز	non_verb	n. m.
دهماکه	non_verb	n. f.
دو	non_verb	n. m.
دو	non_verb	pref.
دو کول	non_verb	
دوا	non_verb	n. f.
دواره	regular_simple	adv.
دواړه	non_verb	n. m. pl. unisex / adj.
دوام	non_verb	n. m.
دوام لرل	regular_simple	v. dyn. comp. trans.
دوام ورکول	regular_simple	v. dyn. comp. trans.
دوامدار	non_verb	adj.
دوایي	non_verb	n. f.
دوباره	regular_simple	adv.
دوباره کول	dynamic_compound	v. dyn. comp. trans.
دوبګوړی	non_verb	n. m.
دوبنی	non_verb	n. m.
دوبی	non_verb	n. m.
دوبي	non_verb	n. m. anim. unisex
دوبۍ	non_verb	n. f. anim.
دوبي خانه	non_verb	n. f.
دوپړی	non_verb	n. m.
دوپړیمار	non_verb	n. m. anim. unisex
دوچنده	non_verb	adj.
دوخړه	non_verb	n. f.
دود	non_verb	n. m.
دود	non_verb	n. m.
دودکش	non_verb	n. m.
دودول	regular_simple	v. stat. comp. trans.
دودیز	non_verb	adj.
دور	non_verb	n. m.
دوران	non_verb	n. m.
دورانیه	non_verb	n. f.
دوربین	non_verb	adj. / n. m.
دوربیني	non_verb	n. f.
دوره	non_verb	n. f.
دوره	non_verb	n. f.
دوره وهل	dynamic_compound	v. dyn. comp. trans.
دوري	regular_simple	adv.
دورېدل	stative_compound_standard	v. stat. comp. intrans.
دوړ	non_verb	adj.
دوړ	non_verb	n. m. anim. unisex
دوړه	non_verb	n. f.
دوړه	non_verb	n. f.
دوړه پاکي	non_verb	n. f.
دوړه مار	non_verb	n. m.
دوړول	regular_simple	v. trans.
دوړې	non_verb	n. f. pl.
دوړېدل	stative_compound_standard	v. intrans.
دوزانو	non_verb	n. f.
دوزانو کښېنستل	regular_simple	v. intrans.
دوزخ	non_verb	n. m.
دوزخي	non_verb	n. m. anim. unisex / adj.
دوست	non_verb	n. m. anim. unisex
دوستانه	regular_simple	adj. / adv.
دوستي	non_verb	n. f.
دوسه	non_verb	n. f.
دوسیه	non_verb	n. f.
دوشنبه	non_verb	n. f.
دوکان	non_verb	n. m.
دوکانچه	non_verb	n. f.
دوکاندار	non_verb	n. m. anim. unisex
دوکانداري	non_verb	n. f.
دوکه	non_verb	n. f.
دوکه باز	non_verb	adj. / n.m. anim. unisex
دوکه بازي	non_verb	n. f.
دوکه کول	dynamic_compound	v. dyn./stat. comp. trans.
دوکه کوونکی	non_verb	adj. / n. m. anim. unisex
دوکه کېدل	stative_compound_special	v. stat. comp. intrans.
دوکه مار	non_verb	n. m.
دوکه ورکول	regular_simple	v. dyn. comp. trans.
دوکول	regular_simple	v. stat. comp. trans.
دولت	non_verb	n. m.
دولتمند	non_verb	adj.
دولتي	non_verb	adj.
دولفین	non_verb	n. m. anim.
دومره	non_verb	
دوند	non_verb	n. m.
دونه	non_verb	
دوڼه	non_verb	n. f.
دوڼه	non_verb	
دوه	non_verb	num.
دوه اړخیز	non_verb	adj.
دوه برابره	non_verb	adj.
دوه برغه	non_verb	adj.
دوه چنده	non_verb	adj.
دوه شلې	non_verb	
دوه ګرایه	non_verb	adj.
دوه ګوری	non_verb	adj.
دوه ګون	non_verb	adj.
دوه ګونی	non_verb	adj. / n. m.
دوه لاسی	non_verb	adj.
دوه مخی	non_verb	adj.
دوه ویشت	non_verb	num.
دوه ییز	non_verb	adj.
دوهم	non_verb	
دوولس	non_verb	num.
دوولسم	non_verb	adj.
دوی	non_verb	pron.
دوي	non_verb	
دویم	non_verb	adj.
دویم نمبر	non_verb	adj.
دی	non_verb	pron.
دی	non_verb	
دی	non_verb	
دي	non_verb	
دې	non_verb	pron.
دې	non_verb	pron.
دې	non_verb	
دې نه بغیر	non_verb	
دې نه علاوه	non_verb	
دیار	non_verb	n. m.
دیار	non_verb	n. m.
دیارلس	non_verb	num.
دیارلسم	non_verb	adj.
دیاړي	non_verb	n. f.
دیاړي کول	dynamic_compound	v. dyn. comp. trans.
دیاګرام	non_verb	n. m.
دیانت	non_verb	n. m.
دیانتدار	non_verb	adj.
دیانتداري	non_verb	n. f.
دیت	non_verb	n. m.
دېخوا	regular_simple	loc.adv.
دېخوا هاخوا	regular_simple	loc. adv.
دېخوا هېخوا	regular_simple	loc. adv.
دیدار	non_verb	n. m.
دیدان	non_verb	n. m.
دیدبان	non_verb	n. m.
دېرش	non_verb	num.
دېرشم	non_verb	adj.
دېره	non_verb	n. f.
دیسي	non_verb	adj.
دیغ	non_verb	adj.
دېکتاتور	non_verb	n. m. anim. unisex
دېکتاتوري	non_verb	n. f.
دیکه	non_verb	n. f.
دیکه ورکول	regular_simple	v. dyn. comp. trans.
دېګ	non_verb	n. m.
دېګدان	non_verb	n. m.
دیګی	non_verb	n. m.
دېموکراسي	non_verb	n. f.
دین	non_verb	n. m.
دین نه اوښتل	non_verb	
دیندار	non_verb	adj.
دینداري	non_verb	n. f.
دیني	non_verb	adj.
دېو	non_verb	n. m.
دیوال	non_verb	n. m.
دېوال	non_verb	n. m.
دیوالیه	non_verb	n. f.
دېوان	non_verb	n. m.
دیوانه	non_verb	adj.
دېواني	non_verb	adj.
ډاټ	non_verb	n. m.
ډاډ	non_verb	n. m.
ډاډ ګېرنه	non_verb	n. f.
ډاډ ورکول	regular_simple	v. dyn. comp. trans.
ډاډګېرنه	non_verb	n. f.
ډاډمن	non_verb	adj.
ډاډه	non_verb	adj.
ډاډه کېدل	stative_compound_special	v. stat. comp. intrans.
ډار	non_verb	n. m.
ډارن	non_verb	adj.
ډارول	regular_simple	v. trans.
ډاروونکی	non_verb	adj.
ډارېدل	non_verb	
ډاک	non_verb	n. m.
ډاک استول	regular_simple	v. dyn. comp. trans.
ډاکټر	non_verb	n. m. anim. unisex
ډاکټره	non_verb	n. f.
ډاکه	non_verb	n. f. anim.
ډاکه کول	dynamic_compound	v. dyn. comp. trans.
ډاکه مار	non_verb	n. m. anim. unisex
ډاکو	non_verb	n. m. anim. unisex
ډاګ	non_verb	n. m.
ډاګه	regular_simple	adv.
ډاګیز	non_verb	adj.
ډاګېز	non_verb	adj.
ډال	non_verb	n. m.
ډالر	non_verb	n. m.
ډالفین	non_verb	n. m. anim. unisex
ډاله	non_verb	n. f.
ډالول	regular_simple	v. stat. comp. trans.
ډالۍ	non_verb	n. f.
ډالېدل	stative_compound_standard	v. stat. comp. intrans.
ډامبر	non_verb	n. m.
ډامبرول	regular_simple	v. stat. comp. trans.
ډامبرېدل	stative_compound_standard	v. stat. comp. intrans.
ډانچه	non_verb	n. f.
ډانګ	non_verb	n. m.
ډانګ پېیلی	non_verb	adj.
ډانګ پېیلی	regular_simple	adv.
ډانګه	non_verb	n. f.
ډانګوره	non_verb	n. f.
ډانګوری	non_verb	n. m.
ډانګی	non_verb	n. m.
ډایټینګ	non_verb	n. m.
ډایري	non_verb	n. f.
ډب	non_verb	n. m.
ډبا	non_verb	n. f.
ډباو	non_verb	n. m.
ډبر	non_verb	adj.
ډبره	non_verb	n. f.
ډبرول	regular_simple	v. stat. comp. trans.
ډبرېدل	stative_compound_standard	v. stat. comp. intrans.
ډبرین	non_verb	adj.
ډبل	non_verb	adj.
ډبل	non_verb	adj. / n. m.
ډبل روټۍ	non_verb	n. f.
ډبلوالی	non_verb	n. m.
ډبلی	non_verb	n. f.
ډبه	non_verb	n. f.
ډبول	regular_simple	v. trans.
ډبی	non_verb	n. m.
ډبۍ	non_verb	n. f.
ډپ	non_verb	n. m.
ډټ	non_verb	n. m.
ډډ	non_verb	adj.
ډډتوب	non_verb	n. m.
ډډتیا	non_verb	n. f.
ډډه	non_verb	n. f.
ډډه اچول	regular_simple	v. dyn. comp. trans.
ډډه کول	dynamic_compound	v. dyn. comp. trans.
ډډه وهل	dynamic_compound	v. dyn. comp. trans.
ډډوښی	non_verb	n. m.
ډډی	non_verb	n. m.
ډډی بډی	non_verb	
ډډې ته کېدل	non_verb	
ډر	non_verb	adj. / n. m. anim. unisex
ډرامه	non_verb	n. f.
ډرایور	non_verb	n. m. anim. unisex
ډرپوک	non_verb	adj. / n. m. anim. unisex
ډرم	non_verb	n. m.
ډرون	non_verb	n. m.
ډریور	non_verb	n. m. anim. unisex
ډرېور	non_verb	n. m. anim. unisex
ډریوري	non_verb	n. m. anim. unisex
ډریوري	non_verb	n. f.
ډز	non_verb	n. m.
ډز بند	non_verb	n. m.
ډز کول	dynamic_compound	v. dyn. comp. trans.
ډزبین	non_verb	n. f.
ډزډز	non_verb	n. m.
ډزهار	non_verb	n. m.
ډزول	regular_simple	v. stat. comp. trans.
ډزول	regular_simple	v. trans.
ډزې	non_verb	n. f. pl.
ډزې کول	dynamic_compound	v. dyn. comp. trans.
ډزېدل	stative_compound_standard	v. stat. comp. intrans.
ډسک	non_verb	n. m.
ډغره	non_verb	n. f.
ډغره	non_verb	n. f.
ډغره وهل	dynamic_compound	v. dyn. comp. trans.
ډغرۍ	non_verb	n. f.
ډک	non_verb	adj.
ډکشنري	non_verb	n. f.
ډکه	non_verb	n. f.
ډکه	non_verb	n. f.
ډکه خوله	non_verb	adj.
ډکول	regular_simple	v. stat. comp. trans.
ډکی	non_verb	n. m.
ډکې متیازې	non_verb	n. f. pl.
ډکې مچیازې	non_verb	n. f. pl.
ډکې میتیازې	non_verb	n. f. pl.
ډکې میتیازې کول	non_verb	
ډکې میچیازې	non_verb	n. f. pl.
ډکېدل	stative_compound_standard	v. stat. comp. intrans.
ډګډګی	non_verb	n. m.
ډګر	non_verb	n. m.
ډګرمن	non_verb	n. m.
ډګروال	non_verb	n. m.
ډګه	non_verb	n. f.
ډل	non_verb	n. m.
ډل	non_verb	n. m.
ډل	non_verb	n. m. pl. ?
ډلبندي	non_verb	n. f.
ډلګی	non_verb	n. m.
ډلمشر	non_verb	n. m. anim. unisex
ډله	non_verb	n. f.
ډله ییز	non_verb	adj.
ډلۍ	non_verb	n. f.
ډم	non_verb	n. m.
ډم	non_verb	n. m.
ډمبره	non_verb	n. f. anim.
ډمبره	non_verb	n. f.
ډمبک	non_verb	n. m.
ډمبورۍ	non_verb	n. f.
ډمه	non_verb	n. f.
ډمول	non_verb	
ډنډ	non_verb	n. m.
ډنډا	non_verb	n. f.
ډنډاره	non_verb	n. f.
ډنډر	non_verb	n. m.
ډنډه	non_verb	n. f.
ډنډوره	non_verb	n. f.
ډنډوکاري	non_verb	n. f.
ډنډوکاري وهل	dynamic_compound	v. dyn. comp. trans.
ډنډوکی	non_verb	n. f.
ډنډۍ	non_verb	n. f.
ډنډۍ وهل	dynamic_compound	v. dyn. comp. trans.
ډنګ	non_verb	n. m. / adj.
ډنګ و ډنګ	non_verb	n. m.
ډنګر	non_verb	adj.
ډنګرېدل	stative_compound_standard	v. stat. comp. intrans.
ډنګول	regular_simple	v. trans.
ډنګېدل	stative_compound_standard	v. intrans.
ډنګېدل	stative_compound_standard	v. intrans.
ډنمارک	non_verb	n. m.
ډوب	non_verb	adj.
ډوب ځای	non_verb	n. m.
ډوبوالی	non_verb	n. m.
ډوبول	regular_simple	v. stat. comp. trans.
ډوبېدل	stative_compound_standard	v. stat. comp. intrans.
ډوډۍ	non_verb	n. f.
ډوز	non_verb	n. m.
ډوزه	non_verb	n. f.
ډوغل	non_verb	n. m.
ډوغل	non_verb	n. m.
ډوغل جوړول	non_verb	
ډوکړه	non_verb	n. f.
ډوګل	non_verb	n. m.
ډول	non_verb	n. m.
ډول	non_verb	n. m.
ډول	non_verb	n. m.
ډول ډبلی	non_verb	n. m.
ډولچه	non_verb	n. f.
ډولکی	non_verb	n. m.
ډولکیمار	non_verb	n. m. anim. unisex
ډولناک	non_verb	adj.
ډوله	non_verb	n. f.
ډولي	non_verb	adj.
ډولۍ	non_verb	n. f.
ډولۍ مار	non_verb	n. m.
ډونګۍ	non_verb	n. f.
ډونګېدل	stative_compound_standard	v. intrans.
ډۍ	non_verb	n. f.
ډیجیټل	non_verb	adj.
ډیجیټلول	regular_simple	v. stat. comp. trans.
ډیجیټلېدل	stative_compound_standard	v. stat. comp. intrans.
ډېر	regular_simple	adj. / quant. adv.
ډېر کله	regular_simple	adv.
ډېران	non_verb	n. m.
ډېرښت	non_verb	n. m.
ډېرګری	non_verb	n. m.
ډېروالی	non_verb	n. m.
ډېرول	regular_simple	v. stat. comp. trans.
ډېری	non_verb	n. m.
ډېرۍ	non_verb	n. f.
ډېرېدل	stative_compound_standard	v. stat. comp. intrans.
ډېرېدونکی	non_verb	adj.
ډیزاین	non_verb	n. m.
ډېزل	non_verb	
ډیسک	non_verb	n. m.
ډیسمبر	non_verb	n. m.
ډېسمبر	non_verb	n. m.
ډیکشنري	non_verb	n. f.
ډیکورېشن	non_verb	n. m.
ډیل	non_verb	n. m.
ډیل ډول	non_verb	n. m.
ډېل ډول	non_verb	n. m.
ډیل کول	dynamic_compound	v. dyn. comp. trans.
ډیلر	non_verb	n. m. anim. unisex
ډېلر	non_verb	n. m. anim. unisex
ډیلول	regular_simple	v. stat. comp. trans.
ډېم	non_verb	n. m.
ډینګ	non_verb	adj.
ډینګ	non_verb	n. m.
ډینګ	non_verb	n. m. anim. unisex / adj.
ډینګرۍ	non_verb	n. f.
ډینمایټ	non_verb	n. m.
ډیوټ	non_verb	n. m.
ډېوټ	non_verb	n. m.
ډیوټي	non_verb	n. f.
ډېوډ	non_verb	n. m.
ډیورنډ کرښه	non_verb	n. f.
ډېوه	non_verb	n. f.
ذات	non_verb	n. m.
ذاتاً	regular_simple	adv.
ذاتي	non_verb	adj.
ذاتیات	non_verb	n. m.
ذاکر	non_verb	n. m. anim. unisex
ذایقه	non_verb	n. f.
ذایقه دار	non_verb	adj.
ذبح	non_verb	n. f.
ذبح کول	dynamic_compound	v. stat. comp. trans.
ذبح کېدل	stative_compound_special	v. stat. comp. intrans.
ذخیره	non_verb	n. f.
ذخیره الفاظ	non_verb	n. m.
ذخیره کول	dynamic_compound	v. stat. comp. trans.
ذره	regular_simple	adv.
ذره	non_verb	n. f.
ذره بین	non_verb	n. m.
ذروي	non_verb	adj.
ذري	non_verb	adj.
ذریعه	non_verb	n. f.
ذغال	non_verb	n. m. pl.
ذکات	non_verb	n. m.
ذکاوت	non_verb	n. m.
ذکر	non_verb	n. m.
ذکر کول	dynamic_compound	v. dyn. comp. trans.
ذلت	non_verb	n. m.
ذلیل	non_verb	adj.
ذمه	non_verb	n. f.
ذمه بردار	non_verb	adj.
ذمه وار	non_verb	adj. / n. m. anim. unisex
ذمه واري	non_verb	n. f.
ذمه وهل	dynamic_compound	v. dyn. comp. trans.
ذهن	non_verb	n. m.
ذهني	non_verb	adj.
ذهنیت	non_verb	n. m.
ذهین	non_verb	adj.
ذو	non_verb	
ذوق	non_verb	n. m.
ذي	non_verb	pref.
ذي صلاحیت	non_verb	adj.
ذي علاقه	non_verb	adj.
ذي نفع	non_verb	adj.
ذیروح	non_verb	adj.
را	non_verb	pron. / suff.
را ایستل	non_verb	
را ایسته	regular_simple	adv.
را غونډېدل	non_verb	
راباندې	regular_simple	adv.
رابرغه کول	non_verb	
رابطه	non_verb	n. f.
رابلل	non_verb	
راپاڅېدل	non_verb	
راپارول	non_verb	
راپدېخوا	regular_simple	adv.
راپسې	regular_simple	loc. adv.
راپور	non_verb	no m.
راپورته	regular_simple	loc. adv.
راپورته کول	dynamic_compound	v. stat. comp. trans.
راپورته کېدل	stative_compound_special	v. stat. comp. intrans.
راپورې	non_verb	adj.
راپیدا کول	non_verb	
راپیدا کېدل	non_verb	
راتاو	non_verb	adj.
راتګ	non_verb	n. m.
راتلل	modal	v. intrans.
راتلونکی	non_verb	adj.
راتلونکی وخت	non_verb	
راته	non_verb	
راتویېدل	non_verb	
راټول	non_verb	adj.
راټول	non_verb	adj.
راټولول	regular_simple	v. stat. comp. trans.
راټولېدل	stative_compound_standard	v. stat. comp. intrans.
راټولېدل	stative_compound_standard	v. stat. comp. intrans.
راټیټېدل	non_verb	
راجستر	non_verb	n. m.
راجع	non_verb	adj.
راجع کېدل	stative_compound_special	v. stat. comp. intrans.
راځړېدل	non_verb	
راڅرګند	non_verb	adj.
راحت	non_verb	n. m.
راختل	non_verb	
راډیکال	non_verb	adj.
راډیو	non_verb	n. f.
راروان	non_verb	adj.
راز	non_verb	n. m.
رازق	non_verb	n. m. anim.
راژوندی	non_verb	adj.
راژوندی کول	dynamic_compound	v. stat. comp. trans.
راسپړل	non_verb	
راست ګو	non_verb	adj.
راست ګوی	non_verb	adj.
راستنول	regular_simple	v. stat. comp. trans.
راستنېدل	stative_compound_standard	v. stat. comp. intrans.
راستون	non_verb	adj.
راستونول	regular_simple	v. stat. comp. trans.
راستونېدل	stative_compound_standard	v. stat. comp. intrans.
راسخ	non_verb	adj.
راسره	non_verb	
راشکول	non_verb	
راشن	non_verb	n. m.
راشه درشه	non_verb	n. f.
راشی	non_verb	n. m.
راښکته کېدل	non_verb	
راښکل	non_verb	
راښکون	non_verb	n. m.
راښکونکی	non_verb	adj.
راضي	non_verb	adj.
راضي نامه	non_verb	n. f.
راغورځول	non_verb	
راغوښتل	non_verb	
راغونډ	non_verb	
راغونډ کول	non_verb	
راغونډول	regular_simple	v. stat. comp. trans.
راغونډېدل	non_verb	
راکاږل	non_verb	
راکټ	non_verb	n. m.
راکټي	non_verb	adj.
راکش	non_verb	n. m.
راکښل	regular_simple	v. trans.
راکم	non_verb	
راکم کول	non_verb	
راکوز	non_verb	adj.
راکوزېدل	stative_compound_standard	v. stat. comp. intrans.
راکول	regular_simple	v. trans.
راګرځول	non_verb	
راګرزول	non_verb	
راګوزار کول	non_verb	
راګیر	non_verb	adj.
راګیر	non_verb	
راګیر کول	dynamic_compound	v. stat. comp. trans.
راګیرول	regular_simple	v. stat. comp. trans.
رالوېدل	non_verb	
رامنځ ته کول	non_verb	
رامنځ ته کېدل	non_verb	
رامېنځ ته کول	non_verb	
رامېنځ ته کېدل	non_verb	
رانجه	non_verb	n. m. pl.
رانږدې	regular_simple	loc. adv.
رانغاړل	non_verb	
رانیسل	regular_simple	v. trans.
رانیول	non_verb	
راڼۍ	non_verb	n. f.
راهب	non_verb	n. m. anim. unisex
راهداري	non_verb	n. f.
راهسکېدونکی	non_verb	adj.
راهیسې	non_verb	
راهیسې	non_verb	
راواردول	non_verb	
راواردېدل	non_verb	
راوتل	regular_simple	v. intrans.
راوړل	regular_simple	v. trans.
راوستل	regular_simple	v. trans.
راولپینډۍ	non_verb	
راویښ	non_verb	adj.
راویښول	regular_simple	v. stat. comp. trans.
راویښېدل	stative_compound_standard	v. stat. comp. intrans.
رای	non_verb	
رایادول	non_verb	
رائج	non_verb	adj.
رائجول	regular_simple	v. stat. comp. trans.
رائجېدل	stative_compound_standard	v. stat. comp. intrans.
رایه	non_verb	n. f.
رایه ورکول	regular_simple	v. dyn. comp. trans.
رب	non_verb	n. m. anim.
رب	non_verb	n. m.
رب العزت	non_verb	n. m. anim.
رباب	non_verb	n. m.
ربابي	non_verb	n. m. anim.
رباعي	non_verb	n. f.
ربړ	non_verb	n. m.
ربړنه	non_verb	n. f.
ربړول	regular_simple	v. trans.
ربط	non_verb	n. m.
ربطي	non_verb	adj.
ربع	non_verb	n. f.
ربل	non_verb	adj.
ربلول	regular_simple	v. stat. comp. trans.
ربلونکی	non_verb	n. m.
ربلېدل	stative_compound_standard	v. stat. comp. intrans.
ربن	non_verb	n. m.
ربیع	non_verb	n. f.
رپ	non_verb	n. m.
رپوټ	non_verb	n. m.
رپوټول	regular_simple	v. stat. comp. trans.
رپول	regular_simple	v. trans.
رپېدل	stative_compound_standard	v. intrans.
رتبه	non_verb	n. f.
رټ	regular_simple	adj. / adv.
رټل	regular_simple	v. trans.
رټل شوی	non_verb	adj.
رټلی	non_verb	adj.
رټه	non_verb	n. f.
رټه لګول	regular_simple	v. dyn. comp. trans.
رټول	regular_simple	v. stat. comp. trans.
رټېدل	stative_compound_standard	v. stat. comp. intrans.
رجحان	non_verb	n. m.
رجسټر	non_verb	n. m.
رجسټر کول	dynamic_compound	v. stat. comp. trans.
رجسټر کېدل	stative_compound_special	v. stat. comp. intrans.
رجم	non_verb	n. m.
رجوع	non_verb	n. f.
رجوع کول	dynamic_compound	v. dyn. comp. trans.
رجیم	non_verb	adj.
رحم	non_verb	n. m.
رحم دل	non_verb	adj.
رحم دلي	non_verb	n. f.
رحمت	non_verb	n. m.
رحمه الله	non_verb	interj.
رحمېدل	stative_compound_standard	v. intrans.
رحیم	non_verb	adj.
رخ	non_verb	n. m.
رخ	non_verb	n. m.
رخت	non_verb	n. m.
رخسار	non_verb	n. m.
رخصت	non_verb	n. m.
رخصت کول	dynamic_compound	v. stat. comp. trans.
رخصت کېدل	stative_compound_special	v. stat. comp. intrans.
رخصتي	non_verb	n. f.
رخه	non_verb	n. f.
رخه کول	non_verb	
رد	non_verb	n. m.
رد عمل	non_verb	n. m. anim. unisex
رد عمل کول	dynamic_compound	v. dyn. comp. trans.
رد کول	dynamic_compound	v. stat. comp. trans.
رد کېدل	stative_compound_special	v. stat. comp. intrans.
ردعمل	non_verb	n. m.
ردول	regular_simple	v. stat. comp. trans.
ردېدل	stative_compound_standard	v. stat. comp. intrans.
ردیف	non_verb	n. m.
رډ	non_verb	adj.
رډ	non_verb	adj. / n. f.
رډ رډ	regular_simple	adv.
رډېدل	stative_compound_standard	v. stat. comp. intrans.
رذالت	non_verb	n. m.
رذیل	non_verb	adj.
رزق	non_verb	n. m.
رزم	non_verb	
رژېدل	stative_compound_standard	v. intrans.
رژیم	non_verb	n. m.
رسا	regular_simple	n. f. / adj. / adv.
رسالت	non_verb	n. m.
رساله	non_verb	n. f.
رسام	non_verb	n. m. anim. unisex
رسامي	non_verb	n. f.
رسایي	non_verb	n. f.
رستورانت	non_verb	n. m.
رسټورانت	non_verb	n. m.
رسټورنټ	non_verb	n. m.
رسدګي	non_verb	n. f.
رسم	non_verb	n. m.
رسم	non_verb	n. m.
رسم الخط	non_verb	n. m.
رسم و رواج	non_verb	
رسماً	regular_simple	adv.
رسمول	regular_simple	v. stat. comp. trans.
رسمي	non_verb	adj.
رسمیت	non_verb	n. m.
رسمېدل	stative_compound_standard	v. stat. comp. intrans.
رسنۍ	non_verb	n. f.
رسوا	non_verb	adj.
رسوا کول	dynamic_compound	v. stat. comp. trans.
رسوا کېدل	stative_compound_special	v. stat. comp. intrans.
رسوایي	non_verb	n. f.
رسوایي	non_verb	n. f.
رسوخ	non_verb	n. m.
رسول	non_verb	n. m.
رسول	regular_simple	v. trans.
رسولۍ	non_verb	n. f.
رسۍ	non_verb	n. f.
رسید	non_verb	n. m.
رسېدل	stative_compound_standard	v. intrans.
رسېدنه	non_verb	n. f.
رش	non_verb	n. m.
رشاد	non_verb	n. m.
رشته	non_verb	n. f.
رشته دار	non_verb	n. m. anim. unisex
رشته داری	non_verb	n. m. anim. unisex
رشته داري	non_verb	n. f.
رشتیا	regular_simple	adj. / adv.
رشخندي	non_verb	n. f.
رشقه	non_verb	n. f.
رشکه	non_verb	n. f.
رشوت	non_verb	n. m.
رشوت اخیستل	regular_simple	v. dyn. comp. trans.
رشوت خور	non_verb	n. m. anim. unisex
رشوت خوري	non_verb	n. f.
رشوت ورکول	regular_simple	v. dyn. comp. trans.
رشوتخور	non_verb	n. m. anim. unisex
رشوتخوري	non_verb	n. f.
رښتنی	non_verb	adj.
رښتونی	non_verb	adj.
رښتیا	regular_simple	adj. / adv.
رښتیامل	non_verb	adj.
رښتیانی	non_verb	adj.
رښتین	non_verb	adj.
رښتینوالي	non_verb	n. f.
رښتینی	non_verb	adj.
رضا	non_verb	n. f. / adj.
رضا کول	non_verb	
رضا کېدل	non_verb	
رضاکار	non_verb	n. m.
رضامن	non_verb	adj.
رضامند	non_verb	adj.
رضامندي	non_verb	n. f.
رضایت	non_verb	n. m.
رعایت	non_verb	n. m.
رعایت کول	dynamic_compound	v. dyn. comp. trans.
رعایتول	regular_simple	v. stat. comp. trans.
رعیت	non_verb	n. m.
رغا	non_verb	n. f.
رغاونه	non_verb	n. f.
رغړول	regular_simple	v. trans.
رغړېدل	stative_compound_standard	v. intrans.
رغنده	non_verb	adj.
رغول	regular_simple	v. stat. comp. trans.
رغونه	non_verb	n. f.
رغۍ	non_verb	n. f.
رغېدل	stative_compound_standard	v. stat. comp. intrans.
رفتار	non_verb	n. m.
رفع	non_verb	n. f.
رفع کول	dynamic_compound	v. stat. comp. trans.
رفع کول	dynamic_compound	v. stat. comp. trans.
رفع کېدل	stative_compound_special	v. stat. comp. intrans.
رفیق	non_verb	n. m.
رقابت	non_verb	n. m.
رقاص	non_verb	n. m. anim. unisex / n. m.
رقت	non_verb	n. m.
رقص	non_verb	n. m.
رقم	non_verb	n. m.
رقیق	non_verb	adj. / n. m.
رک	non_verb	adj.
رک	non_verb	adj.
رک روغ	non_verb	adj. doub.
رکاب	non_verb	n. m.
رکات	non_verb	n. m.
رکاوټ	non_verb	n. m.
رکشا	non_verb	n. f.
رکعت	non_verb	n. m.
رکن	non_verb	n. m. / n. m. anim. unisex
رکود	non_verb	n. m.
رکېبي	non_verb	n. f.
رګ	non_verb	n. m.
رګ شلېدل	non_verb	
رماز	non_verb	n. m.
رمباړه	non_verb	n. f.
رمبی	non_verb	n. m.
رمټ	non_verb	particle
رمز	non_verb	n. m.
رمضان	non_verb	n. m.
رمه	non_verb	n. f.
رمی	non_verb	particle
رنج	non_verb	n. m.
رنجه	non_verb	n. f.
رنځ	non_verb	n. m.
رنځړی	non_verb	adj.
رنځمن	non_verb	adj.
رنځور	non_verb	adj. / n. m. anim. unisex
رنځورپال	non_verb	n. m. anim. unisex
رنځول	regular_simple	v. trans.
رنځېدل	stative_compound_standard	v. intrans.
رنده	non_verb	n. f.
رنډۍ	non_verb	n. f.
رنګ	non_verb	n. m.
رنګ	non_verb	n. m.
رنګ سور کېدل	non_verb	
رنګ کاټ	non_verb	
رنګ ورکول	regular_simple	v. dyn. comp. trans.
رنګارنګ	non_verb	adj.
رنګارنګي	non_verb	n. f.
رنګمال	non_verb	n. m.
رنګمالي	non_verb	n. f.
رنګه	non_verb	adj.
رنګوټ	non_verb	n. m. anim. unisex
رنګول	regular_simple	v. stat. comp. trans.
رنګېدل	stative_compound_standard	v. stat. comp. intrans.
رنګین	non_verb	adj.
رڼا	non_verb	n. f.
رڼا کول	dynamic_compound	v. stat. comp. trans.
رڼا کېدل	stative_compound_special	v. stat. comp. intrans.
رڼول	regular_simple	v. trans.
رڼول	non_verb	
رڼېدل	non_verb	
رها	non_verb	adj.
رهائي	non_verb	n. f.
رهبانیت	non_verb	n. m.
رهبر	non_verb	n. m. anim. unisex
رهبري	non_verb	n. f.
رهبري کول	dynamic_compound	v. dyn./stat. comp. trans.
رهن	non_verb	n. m.
رهن	non_verb	n. m.
رهنما	non_verb	n. m. anim. unisex
رهنمایي	non_verb	n. f.
رهي	non_verb	adj.
رهي کول	dynamic_compound	v. stat. comp. trans.
رهي کېدل	stative_compound_special	v. stat. comp. intrans.
رو	regular_simple	adj. / adv.
روا	non_verb	adj.
روا کول	dynamic_compound	v. stat. comp. trans.
رواج	non_verb	n. m.
رواجي	non_verb	adj.
رواش	non_verb	n. m.
رواق	non_verb	n. m.
روان	non_verb	adj.
روان	non_verb	n. m.
روانشناسي	non_verb	n. f.
روانول	regular_simple	v. stat. comp. trans.
رواني	non_verb	adj.
رواني	non_verb	n. f. / adj.
روانېدل	stative_compound_standard	v. stat. comp. intrans.
روایت	non_verb	n. m.
روباټ	non_verb	n. m.
روپۍ	non_verb	n. f.
روټه	non_verb	n. f.
روټۍ	non_verb	n. f.
روټین	non_verb	n. m.
روح	non_verb	n. m.
روح القدس	non_verb	n. m.
روحاني	non_verb	adj.
روحانیت	non_verb	n. m.
روحي	non_verb	adj.
روحیات	non_verb	n. m.
روحیه	non_verb	n. f.
رود	non_verb	n. m.
رودل	regular_simple	v. trans.
رودل	regular_simple	v. trans.
رودونی	non_verb	n. m. anim.
روډه	non_verb	n. f.
روډه مست	non_verb	adj. / n. m. anim. unisex
روړی	non_verb	n. m.
روزانه	regular_simple	adv.
روزګار	non_verb	n. m.
روزل	regular_simple	v. trans.
روزنامچه	non_verb	n. f.
روزنتون	non_verb	n. m.
روزنځای	non_verb	n. m.
روزنځی	non_verb	n. m.
روزنه	non_verb	n. f.
روزنیز	non_verb	adj.
روزه	non_verb	n. f.
روزي	non_verb	n. f.
روژه	non_verb	n. f.
روژه ماتی	non_verb	n. m.
روژه نیول	regular_simple	v. dyn. comp. trans.
روږدول	regular_simple	v. stat. comp. trans.
روږدی	non_verb	adj.
روږدی کول	dynamic_compound	v. stat. comp. trans.
روږدی کېدل	stative_compound_special	v. stat. comp. intrans.
روږدیتوب	non_verb	n. m.
روږدېدل	stative_compound_standard	v. stat. comp. intrans.
روس	non_verb	n. m.
روستاړی	non_verb	n. m.
روسی	non_verb	n. m. anim. unisex
روسیه	non_verb	n. f.
روش	non_verb	n. m.
روشن فکر	non_verb	adj.
روشندان	non_verb	n. m.
روښان	non_verb	adj.
روښانه	non_verb	adj.
روښانول	regular_simple	v. stat. comp. trans.
روښانېدل	stative_compound_standard	v. stat. comp. intrans.
روښنایي	non_verb	n. f.
روښنایي کول	dynamic_compound	v. stat. comp. trans.
روښنایي کېدل	stative_compound_special	v. stat. comp. intrans.
روغ	non_verb	adj.
روغ جوړ	non_verb	adj. doub.
روغ رمټ	non_verb	adj. doub.
روغانۍ	non_verb	n. f.
روغبړ	non_verb	n. m.
روغتون	non_verb	n. m.
روغتیا	non_verb	n. f.
روغتیایي	non_verb	adj.
روغنۍ	non_verb	n. f.
روغه	non_verb	n. f.
روغه جوړه	non_verb	
روغه کول	dynamic_compound	v. dyn. comp. trans.
روغول	regular_simple	v. stat. comp. trans.
روغېدل	stative_compound_standard	v. stat. comp. intrans.
رول	non_verb	n. m.
رومال	non_verb	n. m.
رومي	non_verb	
رومي بانجان	non_verb	
رونق	non_verb	n. m.
روڼ	non_verb	adj.
روڼ	non_verb	n. m.
روڼ انده	non_verb	adj.
روڼتیا	non_verb	n. f.
روڼول	non_verb	
روڼېدل	non_verb	
رویا	non_verb	n. f.
رویبار	non_verb	n. m.
رویکار	non_verb	adj.
رویکارول	regular_simple	v. stat. comp. trans.
رویکارېدل	stative_compound_standard	v. stat. comp. intrans.
رویه	non_verb	n. f.
رویه ساتل	regular_simple	v. dyn. comp. trans.
ریا	non_verb	n. f.
ریاست	non_verb	n. m.
ریاض	non_verb	n. m.
ریاضي	non_verb	adj.
ریاکار	non_verb	n. m. anim. unisex
ریاکاري	non_verb	
رېبار	non_verb	n. m. anim. unisex
رېبل	regular_simple	v. trans.
ریبن	non_verb	n. m.
ریټایر	non_verb	adj.
ریټایر کول	dynamic_compound	v. stat. comp. trans.
ریټایر کېدل	stative_compound_special	v. stat. comp. intrans.
ریچن	non_verb	adj.
ریچې ریچې	non_verb	adj.
ریچې ریچې	non_verb	adj.
ریچې ریچې کول	dynamic_compound	v. stat. comp. trans.
ریچې ریچې کېدل	stative_compound_special	v. stat. comp. intrans.
ریحان	non_verb	n. m.
ریخ	non_verb	n. m.
ریخ	non_verb	n. m.
ریډیو	non_verb	n. f.
رېړه	non_verb	n. f.
رېز	non_verb	n. m.
رېزر	non_verb	n. m.
رېزش	non_verb	n. m.
رېزه	non_verb	n. f.
رېزه رېزه	non_verb	adj.
رېزه رېزه	non_verb	adj.
رېزه رېزه کول	dynamic_compound	v. stat. comp. trans.
رېزه رېزه کېدل	stative_compound_special	v. stat. comp. intrans.
رېږدېدا	non_verb	n. f.
رېږدېدل	stative_compound_standard	v. intrans.
ریشخند	non_verb	n. m.
رېشل	regular_simple	v. trans.
ریشه	non_verb	n. f.
ریښتونی	non_verb	adj.
رېښم	non_verb	n. m. pl.
رېښمانګی	non_verb	adj.
رېښمین	non_verb	adj.
ریښه	non_verb	n. f.
رېښه	non_verb	n. f.
رېښه	non_verb	n. f.
ریفري	non_verb	n. m. anim. unisex
رېفورم	non_verb	n. m.
ریکارډ	non_verb	n. m.
ریکارډ جوړول	regular_simple	v. dyn. comp. trans.
ریکارډ کول	dynamic_compound	v. stat. comp. trans.
ریکارډ کېدل	stative_compound_special	v. stat. comp. intrans.
ریکبی	non_verb	n. m.
رېکشا	non_verb	n. f.
رېګ	non_verb	n. m. pl.
رېګمال	non_verb	n. m.
رېګین	non_verb	adj.
رېګینه	non_verb	adj.
ریل	non_verb	n. m.
ریل	regular_simple	v. gramm. trans.
رېل	non_verb	n. m.
ریلګاډی	non_verb	n. f.
ریلنګ	non_verb	n. m.
ریلینګ	non_verb	n. m.
رېمن	non_verb	adj.
ریموټ	non_verb	n. m.
رینجاړه	non_verb	n. f.
رېوړۍ	non_verb	n. f.
رییس	non_verb	n. m. anim.
رئیس	non_verb	n. m. anim. unisex
ړپ	non_verb	n. m.
ړچ	non_verb	n. m.
ړچول	regular_simple	v. trans.
ړقول	regular_simple	v. trans.
ړندکی	non_verb	adj. / n. m. anim. unisex
ړندول	regular_simple	v. stat. comp. trans.
ړندېدل	stative_compound_standard	v. stat. comp. intrans.
ړنګ	non_verb	adj.
ړنګول	regular_simple	v. stat. comp. trans.
ړنګی	non_verb	n. f.
ړنګۍ	non_verb	n. f.
ړنګېدل	stative_compound_standard	v. stat. comp. intrans.
ړومبنی	non_verb	adj.
ړومبی	non_verb	adj.
ړوند	non_verb	adj.
ړوندوالی	non_verb	n. m.
ړوندول	regular_simple	v. stat. comp. trans.
ړوندېدل	stative_compound_standard	v. stat. comp. intrans.
ړی	non_verb	suff.
ړینګی	non_verb	n. f.
زا	non_verb	n. f.
زاد	non_verb	suff.
زاربوټي	non_verb	n. m. pl.
زاره ترکی	non_verb	adj.
زاره چاودی	non_verb	adj.
زارول	non_verb	
زاري	non_verb	n. f.
زاري کول	dynamic_compound	v. dyn. comp. trans.
زارۍ منت	non_verb	n. m.
زاړه واړه	non_verb	
زاغ	non_verb	n. m. anim. unisex
زانګل	regular_simple	v. gramm. trans.
زانګو	non_verb	n. f.
زانو	non_verb	n. m.
زانو وهل	dynamic_compound	v. dyn. comp. trans.
زاڼه	non_verb	n. f.
زاڼی	non_verb	n. m. anim. unisex
زاڼی	non_verb	n. m. anim. unisex
زاهد	non_verb	n. m. anim. unisex / adj.
زاهدي	non_verb	n. f.
زاویه	non_verb	n. f.
زایپه	non_verb	n. f.
زایر	non_verb	n. m. anim. unisex
زایل	non_verb	adj.
زایلول	regular_simple	v. stat. comp. trans.
زبان	non_verb	n. m.
زبان زد	non_verb	adj.
زباني	non_verb	adj.
زبرځواک	non_verb	n. m.
زبردست	non_verb	adj.
زبردستي	non_verb	n. f.
زبرګ	non_verb	adj. / n. m. anim. unisex
زبور	non_verb	n. m.
زبون	non_verb	adj.
زبون	non_verb	n. m.
زبېرګی	non_verb	n. m.
زبېرګي کول	dynamic_compound	v. dyn. comp. trans.
زبېښاک	non_verb	n. m.
زبېښاکګر	non_verb	n. m. anim. unisex
زبېښل	regular_simple	v. trans.
زجر	non_verb	n. m.
زحمت	non_verb	n. m.
زحمت کش	non_verb	adj.
زخم	non_verb	n. m.
زخمي	non_verb	adj.
زخمي کول	dynamic_compound	v. stat. comp. trans.
زخمي کېدل	stative_compound_special	v. stat. comp. intrans.
زخه	non_verb	n. f.
زدکړه	non_verb	n. f.
زدکړیال	non_verb	n. m. anim. unisex
زدکوونکی	non_verb	n. m. anim. unisex
زده	non_verb	adj.
زده	non_verb	adj. / suffix.
زده کړه	non_verb	n. f.
زده کړیال	non_verb	n. m. anim. unisex
زده کول	dynamic_compound	v. stat. comp. trans.
زده کوونکی	non_verb	n. m. anim. unisex
زر	regular_simple	adv.
زر	non_verb	n. m. / n. m. pl.
زر	non_verb	num.
زر تر زره	regular_simple	adv.
زر زر	regular_simple	adv.
زراعت	non_verb	n. m.
زراعتي	non_verb	adj.
زرافه	non_verb	n. f.
زرچوبه	non_verb	n. f.
زرچوبه	non_verb	n. f.
زرخیز	non_verb	adj.
زرخېز	non_verb	adj.
زرخېزه	non_verb	adj.
زردالو	non_verb	n. m.
زردچوبه	non_verb	n. f.
زردشت	non_verb	n. m. anim. unisex / adj.
زردشتي	non_verb	n. f.
زردکه	non_verb	n. f.
زردوم	non_verb	n. m.
زرغون	non_verb	adj.
زرغونول	regular_simple	v. stat. comp. trans.
زرغونېدل	stative_compound_standard	v. stat. comp. intrans.
زرک	non_verb	n. m.
زرکه	non_verb	n. f.
زرګر	non_verb	n. m. anim. unisex
زرګونه	non_verb	num.
زرنیخ	non_verb	
زره	non_verb	interj.
زره	non_verb	n. f.
زره بکتر	non_verb	n. m.
زره پوښ	non_verb	adj.
زره زره	non_verb	adj.
زره زره کول	dynamic_compound	v. stat. comp. trans.
زره زره کېدل	stative_compound_special	v. stat. comp. intrans.
زرها	non_verb	num.
زرین	non_verb	adj.
زړبودي	non_verb	n. f.
زړتوب	non_verb	n. m.
زړتیا	non_verb	n. f.
زړښت	non_verb	n. m.
زړګی	non_verb	n. m.
زړه	non_verb	n. m.
زړه بدوالی	non_verb	n. m.
زړه بدېدل	non_verb	
زړه بدېدنه	non_verb	n. f.
زړه پوری	non_verb	adj.
زړه ترکی	non_verb	adj.
زړه تورن	non_verb	adj.
زړه تورول	non_verb	
زړه ټکی	non_verb	n. m.
زړه چاودی	non_verb	adj.
زړه خوړینی	non_verb	adj.
زړه خوږی	non_verb	adj.
زړه خوږی	non_verb	n. m.
زړه خوږي	non_verb	n. f.
زړه ډغی	non_verb	adj.
زړه راښکون	non_verb	n. m.
زړه راښکونکی	non_verb	adj.
زړه ساتل	regular_simple	v. dyn. comp. trans.
زړه سواندی	non_verb	adj.
زړه سوی	non_verb	n. m.
زړه سوی کول	dynamic_compound	v. dyn. comp. trans.
زړه شین	non_verb	adj.
زړه شین کوونکی	non_verb	adj.
زړه غورځېدل	non_verb	
زړه کېدل	non_verb	
زړه ماتول	regular_simple	v. dyn. comp. trans.
زړه مړېدل	non_verb	
زړه نا زړه	regular_simple	adj. / adv.
زړه نا زړه کېدل	stative_compound_special	v. stat. comp. intrans.
زړه ور	non_verb	adj.
زړه ورتوب	non_verb	n. m.
زړه ورتوب	non_verb	n. m.
زړه ورتیا	non_verb	n. f.
زړه ورول	non_verb	
زړه وهل	dynamic_compound	v. dyn. comp. trans.
زړور	non_verb	adj.
زړورتوب	non_verb	n. m.
زړورتیا	non_verb	n. f.
زړول	regular_simple	v. stat. comp. trans.
زړونه	non_verb	n. m. pl.
زړی	non_verb	n. m.
زړېدل	stative_compound_standard	v. stat. comp. intrans.
زشت	non_verb	adj.
زښت	regular_simple	adv.
زعامت	non_verb	n. m.
زعفران	non_verb	n. m.
زغاله	non_verb	n. f.
زغرد	non_verb	adj.
زغره	non_verb	n. f.
زغروال	non_verb	adj.
زغروبی	non_verb	n. m. anim. unisex
زغم	non_verb	n. m.
زغمل	regular_simple	v. trans.
زغمېدونکی	non_verb	adj.
زغن	non_verb	n. m.
زغوپر	non_verb	n. m.
زکات	non_verb	n. m.
زکام	non_verb	n. m.
زګېروی	non_verb	n. m.
زګېروی کول	dynamic_compound	v. dyn. comp. trans.
زګېروی کول	dynamic_compound	v. dyn. comp. trans.
زګېروي کول	dynamic_compound	v. dyn. comp. trans.
زلال	non_verb	adj.
زلپۍ	non_verb	n. f.
زلزله	non_verb	n. f.
زلزول	non_verb	n. m.
زلفې	non_verb	n. f. pl.
زلقېدل	stative_compound_standard	v. intrans.
زلکېدل	stative_compound_standard	v. intrans.
زلمی	non_verb	n. m. anim. unisex
زلمیتوب	non_verb	n. m.
زلند	non_verb	adj.
زله	non_verb	adj.
زم	non_verb	n. m.
زما	non_verb	pron.
زمام	non_verb	n. m.
زمانه	non_verb	n. f.
زماني چوکاټ	non_verb	n. m.
زمرد	non_verb	n. m.
زمرود	non_verb	n. m.
زمری	non_verb	n. m. anim. unisex
زمرین	non_verb	n. m.
زمزمه	non_verb	n. f.
زمزه	non_verb	n. f. anim.
زمکه	non_verb	n. f.
زمنه پوهی	non_verb	adj.
زمنی	non_verb	adj.
زمه دار	non_verb	n. m. anim. unisex / adj.
زموخ	non_verb	adj.
زموخت	non_verb	adj.
زموخت	non_verb	adj.
زموږ	non_verb	pron.
زمول	non_verb	adj.
زمولول	regular_simple	v. stat. comp. trans.
زمولېدل	stative_compound_standard	v. stat. comp. intrans.
زمونږ	non_verb	pron.
زمیدار	non_verb	n. m. anim. unisex
زمیداري	non_verb	n. f.
زمیداري کول	dynamic_compound	v. dyn. comp. trans.
زمېری	non_verb	n. m. anim. unisex
زمیندار	non_verb	n. m. anim. unisex
زمینداري	non_verb	n. f.
زمینه	non_verb	n. f.
زمینه سازي	non_verb	n. f.
زمیني	non_verb	adj.
زنا	non_verb	n. f.
زناکار	non_verb	n. m. anim. unisex / adj.
زنانه	non_verb	adj.
زنانه	non_verb	
زنبور	non_verb	n. m.
زنځ	non_verb	n. m.
زنځیر	non_verb	n. m.
زنچخی	non_verb	n. m.
زنخ	non_verb	n. m.
زنخدان	non_verb	n. m.
زندان	non_verb	n. m.
زنداني	non_verb	n. m. anim. unisex
زندګي	non_verb	n. f.
زنده	non_verb	adj.
زنده باد	non_verb	interj.
زندیق	non_verb	adj. / n. m. anim. unisex
زنزه	non_verb	n. f.
زنګ	non_verb	n. m.
زنګ اخستل	regular_simple	v. dyn. comp. trans.
زنګ وهل	dynamic_compound	v. dyn. comp. trans.
زنګا	non_verb	n. f.
زنګل	regular_simple	v. gramm. trans.
زنګول	regular_simple	v. trans.
زنګوله	non_verb	n. f.
زنګون	non_verb	n. m.
زنګېدل	stative_compound_standard	v. intrans.
زنه	non_verb	n. f.
زنه	non_verb	n. f.
زه	non_verb	pron.
زهد	non_verb	n. m.
زهر	non_verb	n. m. pl.
زهرالود	non_verb	adj.
زهرجن	non_verb	adj.
زهردار	non_verb	adj.
زهروي	non_verb	adj.
زهروي	non_verb	adj.
زهري	non_verb	adj.
زهریله	non_verb	adj.
زهیر	non_verb	adj.
زهیرول	regular_simple	v. stat. comp. trans.
زهیرېدل	stative_compound_standard	v. stat. comp. intrans.
زو	non_verb	
زو	non_verb	n. m.
زوال	non_verb	n. m.
زوجي	non_verb	adj.
زوجیت	non_verb	n. m.
زود رنجه	non_verb	adj.
زور	non_verb	n. m.
زور	non_verb	n. m.
زور اچول	regular_simple	v. dyn. comp. trans.
زور کول	dynamic_compound	v. dyn. comp. trans.
زور لګول	regular_simple	v. dyn. comp. trans.
زوردار	non_verb	adj.
زورکی	non_verb	n. m.
زورنه	non_verb	n. f.
زورواکی	non_verb	n. m. anim. unisex / adj.
زورواکي	non_verb	n. f.
زورور	non_verb	adj.
زورول	regular_simple	v. trans.
زورېدل	stative_compound_standard	v. intrans.
زوړ	non_verb	adj.
زوړند	non_verb	adj.
زوړندول	regular_simple	v. stat. comp. trans.
زوړندېدل	stative_compound_standard	v. stat. comp. intrans.
زوز	non_verb	n. m.
زوزات	non_verb	n. m.
زوزاد	non_verb	n. m.
زوږ	non_verb	n. m.
زوږتلانګه	non_verb	n. f.
زوکړه	non_verb	n. f.
زوکول	non_verb	
زوکونه	non_verb	n. f.
زول	non_verb	n. m.
زول	non_verb	n. m.
زولانه	non_verb	n. f.
زولنه	non_verb	n. f.
زوم	non_verb	n. m. anim. fam.
زومبکی	non_verb	n. m.
زونبه	non_verb	n. f.
زونګه	non_verb	n. f.
زوول	non_verb	
زوی	non_verb	n. m. anim. fam.
زۍ	non_verb	n. f.
زیات	regular_simple	adj. / adv.
زیات کول	dynamic_compound	v. stat. comp. trans.
زیات کېدل	stative_compound_special	v. stat. comp. intrans.
زیاتر	regular_simple	adv.
زیاتره	regular_simple	adv. / adj.
زیاتره	regular_simple	adv.
زیاتوالی	non_verb	n. m.
زیاتول	regular_simple	v. stat. comp. trans.
زیاتی	non_verb	n. m.
زیاتي	non_verb	n. f.
زیاتی خور	non_verb	n. m. anim. unisex
زیاتی کول	dynamic_compound	v. dyn. comp. trans.
زیاتي کول	dynamic_compound	v. dyn. comp. trans.
زیاتېدل	stative_compound_standard	v. stat. comp. intrans.
زیار	non_verb	n. m.
زیار ایستونکی	non_verb	n. m. anim. unisex / adj.
زیارت	non_verb	n. m.
زیارکښ	non_verb	adj.
زیارکښي	non_verb	n. f.
زیاړه	non_verb	n. f.
زیاړې	non_verb	n. f. pl.
زیان	non_verb	n. m.
زیان رسول	regular_simple	v. dyn. comp. trans.
زیان کول	dynamic_compound	v. dyn. comp. trans.
زیانمن	non_verb	adj.
زیانول	regular_simple	v. stat. comp. trans.
زیاڼې	non_verb	n. f. pl.
زیاڼې کول	dynamic_compound	v. dyn. comp. trans.
زیبا	non_verb	adj.
زېبرا	non_verb	
زیتون	non_verb	n. m.
زیر	non_verb	adj.
زیر	non_verb	n. m.
زېر	non_verb	n. m.
زیر و بم	non_verb	n. m.
زیرک	non_verb	adj.
زیرکتیا	non_verb	n. f.
زېرمتون	non_verb	n. m.
زېرمه	non_verb	n. f.
زیره	non_verb	
زېری	non_verb	n. m.
زیړ	non_verb	adj.
زېړ	non_verb	n. m. pl.
زېړوب	non_verb	n. m.
زېړوبی	non_verb	n. m.
زیړی	non_verb	n. m.
زېړی	non_verb	n. m.
زیږ	non_verb	adj.
زېږ	non_verb	n. m.
زېږنتون	non_verb	n. m.
زېږنځی	non_verb	n. m.
زېږنده	non_verb	n. f. / adj.
زیږوالی	non_verb	n. m.
زیږول	regular_simple	v. stat. comp. trans.
زېږول	regular_simple	v. trans.
زېږون	non_verb	n. m.
زیږېدل	stative_compound_standard	v. stat. comp. intrans.
زېږېدل	stative_compound_standard	v. intrans.
زېږېدنه	non_verb	n. f.
زیست	non_verb	n. m.
زیست کول	dynamic_compound	v. dyn. comp. trans.
زیل	non_verb	n. m.
زین	non_verb	n. m.
زینت	non_verb	n. m.
زینه	non_verb	n. f.
زیېړ	non_verb	adj. and n. m.
ژاړنده	non_verb	n. f.
ژامه	non_verb	n. f.
ژاوله	non_verb	n. f.
ژباړل	regular_simple	v. trans.
ژباړن	non_verb	n. m.
ژباړه	non_verb	n. f.
ژباړول	regular_simple	v. trans.
ژباړون	non_verb	n. m. anim. unisex
ژباړونکی	non_verb	n. m. anim. unisex
ژبپوه	non_verb	n. m. anim. unisex
ژبپوهاند	non_verb	n. m. anim. unisex
ژبپوهنه	non_verb	n. f.
ژبدود	non_verb	n. m.
ژبګوټی	non_verb	n. m.
ژبنی	non_verb	adj.
ژبه	non_verb	n. f.
ژبه کول	dynamic_compound	v. dyn. comp. trans.
ژبه ور	non_verb	adj.
ژبور	non_verb	adj.
ژدویل	regular_simple	v. trans.
ژر	regular_simple	adv.
ژر تر ژره	regular_simple	adv.
ژر ځورېدونکی	non_verb	adj.
ژرنده	non_verb	n. f.
ژره	non_verb	n. f.
ژړا	non_verb	n. f.
ژړغونی	non_verb	n. m. anim. unisex
ژړل	regular_simple	v. gramm. trans.
ژړه غوندی	non_verb	adj.
ژړه غونی	non_verb	adj.
ژړول	regular_simple	v. trans.
ژړېدل	stative_compound_standard	v. intrans.
ژغورل	regular_simple	v. trans.
ژغورنه	non_verb	n. f.
ژغورونکی	non_verb	n. m. anim. unisex
ژغوری	non_verb	n. m.
ژلۍ	non_verb	n. f.
ژمګنی	non_verb	adj.
ژمګوری	non_verb	n. m.
ژمن	non_verb	adj.
ژمنتیا	non_verb	n. f.
ژمنماتی	non_verb	n. m. anim. unisex
ژمنه	non_verb	n. f.
ژمنی	non_verb	adj.
ژمی	non_verb	n. m.
ژندره	non_verb	n. f.
ژنل	regular_simple	v. trans.
ژڼی	non_verb	n. m. anim.
ژواک	non_verb	n. m.
ژواک خوړلی	non_verb	adj.
ژوبل	non_verb	adj.
ژوبلول	regular_simple	v. stat. comp. trans.
ژوبلېدل	stative_compound_standard	v. stat. comp. intrans.
ژوبڼ	non_verb	n. m.
ژور	non_verb	adj.
ژور خفګان	non_verb	n. m.
ژورنال	non_verb	n. m.
ژورنالېزم	non_verb	n. m.
ژورنالیست	non_verb	n. m. anim. unisex
ژورنالیستکي	non_verb	adj.
ژوره	non_verb	n. f.
ژوروالی	non_verb	n. m.
ژوند	non_verb	n. m.
ژوند بڼه	non_verb	n. f.
ژوند توګه	non_verb	n. f.
ژوند ساتونکی	non_verb	n. m. anim. unisex.
ژوند لیک	non_verb	n. m.
ژوندو ژواک	non_verb	n. m.
ژوندون	non_verb	n. m.
ژوندی	non_verb	adj.
ژوول	regular_simple	v. trans.
ژوی	non_verb	n. m. anim. / adj.
ژی	non_verb	n. m.
ژۍ	non_verb	n. f.
ژیړ	non_verb	adj.
ژېړ	non_verb	adj.
ژیړه	non_verb	n. f.
ږغ	non_verb	n. m.
ږلۍ	non_verb	n. f.
ږمنځ	non_verb	n. f.
ږمنځول	regular_simple	v. stat. comp. trans.
ږمنځېدل	stative_compound_standard	v. stat. comp. intrans.
ږونګ	non_verb	n. m.
ږیره	non_verb	n. f.
ږیرور	non_verb	adj.
ږېرور	non_verb	adj.
ږیری	non_verb	n. m.
سا	non_verb	n. f.
سا اخستل	regular_simple	v. dyn. comp. trans.
سا اخیستل	regular_simple	v. dyn. comp. trans.
سا نیول	non_verb	
سابقه	non_verb	n. f.
سابندي	non_verb	n. f.
سابه	non_verb	n. m. pl.
ساپوهنه	non_verb	n. f.
سات	non_verb	n. m.
ساتل	regular_simple	v. trans. opt. compl.
ساتندوی	non_verb	n. m. anim. unisex
ساتندوی	non_verb	adj. / prefix.
ساتنه	non_verb	n. f.
ساتونکی	non_verb	n. m. anim. unisex
ساتېری	non_verb	n. m.
ساچمه	non_verb	n. f.
ساحر	non_verb	n. m. anim. unisex
ساحرانه	non_verb	adj.
ساحل	non_verb	n. m.
ساحلي	non_verb	adj.
ساحه	non_verb	n. f.
ساختمان	non_verb	n. m.
ساختماني	non_verb	n. f.
ساخکوړی	non_verb	n. m.
ساخه	non_verb	n. f.
ساده	non_verb	adj.
ساده بډانګ	non_verb	n. m.
ساده دل	non_verb	adj.
ساده موبایل	non_verb	n. m.
سادو	non_verb	n. m. anim.
سادین	non_verb	
ساډۍ	non_verb	n. f.
ساره	non_verb	n. f.
ساری	non_verb	n. m.
ساري	non_verb	adj.
ساړ	non_verb	adj.
ساړه	non_verb	
ساړي	non_verb	n. f.
ساز	non_verb	adj.
ساز	non_verb	n. m.
سازښت	non_verb	n. m.
سازمان	non_verb	n. m.
سازنده	non_verb	n. m. anim. unisex
سازول	regular_simple	v. stat. comp. trans.
سازېدل	stative_compound_standard	v. stat. comp. intrans.
ساعت	non_verb	n. m.
ساعت تېری	non_verb	n. m.
ساعت تېرېدل	non_verb	
ساقط	non_verb	n. m. / adj.
ساقي	non_verb	n. m. anim. unisex
ساکا	non_verb	adj.
ساکټ	non_verb	n. m.
ساکښ	non_verb	adj.
ساکن	non_verb	adj.
سالار	non_verb	n. m. anim. unisex
سالانه	non_verb	adj.
سالک	non_verb	n. m. anim. unisex / adj.
سالګره	non_verb	n. f.
سالګره نیول	regular_simple	v. dyn. comp. trans.
سالم	non_verb	adj.
سالن	non_verb	n. m.
سالنډي	non_verb	n. f.
سالنګي	non_verb	n. f.
سالو	non_verb	n. m.
سالو	non_verb	n. m.
سالون	non_verb	n. m.
سامان	non_verb	n. m. pl.
سامۍ	non_verb	n. f.
سانتي متر	non_verb	
سانډو	non_verb	n. m. anim.
سانسور	non_verb	n. m.
سانسور	non_verb	n. m.
سانسورول	regular_simple	v. stat. comp. trans.
سانسورېدل	stative_compound_standard	v. stat. comp. intrans.
سانګه	non_verb	n. f.
ساڼ	non_verb	n. m. anim.
ساه	non_verb	n. f.
ساه اخیستل	regular_simple	v. dyn. comp. trans.
ساه بندېدل	non_verb	
ساه خرابېدل	non_verb	
سای	non_verb	n. m.
سایرن	non_verb	n. m.
سایز	non_verb	n. m.
سایس	non_verb	n. m. anim. unisex
سایکالوجي	non_verb	n. f.
سایکل	non_verb	n. m.
سایکل چلول	regular_simple	v. dyn. comp. trans.
سایل	non_verb	n. m. anim. unisex
ساینس	non_verb	n. m.
ساینس پوه	non_verb	n. m. anim. unisex
ساینس دان	non_verb	n. m. anim. unisex
ساینسپوه	non_verb	n. m. anim. unisex
ساینسي	non_verb	adj.
سایه	non_verb	n. f.
سایي	non_verb	n. f.
سبا	regular_simple	n. f. / adv.
سباګون	non_verb	n. m.
سباوون	non_verb	n. m.
سبایي	non_verb	adj.
سبب	non_verb	n. m.
سبت	non_verb	n. m.
سبحان	non_verb	
سبزه	non_verb	n. f. / adj.
سبزي	non_verb	n. f.
سبزي والا	non_verb	n. m. anim. unisex
سبق	non_verb	n. m.
سبق ښودل	regular_simple	v. dyn. comp. trans.
سبق وایل	regular_simple	v. dyn. comp. trans.
سبق ویل	regular_simple	v. dyn. comp. trans.
سبقي	non_verb	n. m. anim. unisex
سبک	non_verb	n. m.
سبوتاژ	non_verb	n. m.
سبوڼی	non_verb	n. m.
سپاخه	non_verb	n. f.
سپارش	non_verb	n. m.
سپارښت	non_verb	n. m.
سپارښتنه	non_verb	n. f.
سپارل	regular_simple	v. trans.
سپارلي	non_verb	n. f.
سپاره	non_verb	n. f.
سپاره	non_verb	n. f.
سپاري تیر	non_verb	n. m.
سپاسنامه	non_verb	n. f.
سپانده	non_verb	n. f.
سپانده	non_verb	n. f.
سپاهي	non_verb	n. m. anim. unisex
سپایي	non_verb	n. m. anim. unisex
سپتامبر	non_verb	n. m.
سپخول	regular_simple	v. trans.
سپخېدل	stative_compound_standard	v. intrans.
سپر	non_verb	n. m.
سپرخی	non_verb	n. m.
سپرغه	non_verb	n. f.
سپرغۍ	non_verb	n. f.
سپرکۍ	non_verb	n. f.
سپرلنی	non_verb	n. m. anim. unisex
سپرلی	non_verb	n. m.
سپرنګ	non_verb	n. m.
سپرنګ	non_verb	n. m.
سپرول	regular_simple	v. stat. comp. trans.
سپرې	non_verb	n. f.
سپرې کول	dynamic_compound	v. stat. comp. trans.
سپرې کېدل	stative_compound_special	v. stat. comp. instrans.
سپرېدل	stative_compound_standard	v. stat. comp. intrans.
سپرېدونکی	non_verb	n. m. anim. unisex
سپرینګ	non_verb	n. m.
سپړدل	non_verb	
سپړل	regular_simple	v. trans.
سپړنه	non_verb	n. f.
سپړېدل	stative_compound_standard	v. intrans.
سپږمه	non_verb	n. f.
سپږن	non_verb	n. m. anim. unisex / adj.
سپږه	non_verb	n. f.
سپږې	non_verb	n. f. pl.
سپږۍ	non_verb	n. f. anim.
سپښته	non_verb	n. f.
سپک	non_verb	adj.
سپک خوراک	non_verb	
سپکاوی	non_verb	n. m.
سپکوالی	non_verb	n. m.
سپکول	regular_simple	v. stat. comp. trans.
سپکې سپورې	non_verb	n. f. pl.
سپکې سپورې ویل	regular_simple	v. dyn. comp. trans.
سپلای	non_verb	n. m.
سپلای کول	dynamic_compound	v. stat. comp. trans.
سپلای کېدل	stative_compound_special	v. stat. comp. intrans.
سپلګ	non_verb	n. m.
سپم	non_verb	n. m.
سپما	non_verb	n. f.
سپمول	regular_simple	v. trans.
سپنج	non_verb	n. m.
سپڼ	non_verb	n. m.
سپڼسی	non_verb	n. m.
سپڼسی	non_verb	n. m.
سپور	non_verb	adj.
سپور	non_verb	adj.
سپورول	regular_simple	v. stat. comp. trans.
سپورېدل	stative_compound_standard	v. stat. comp. intrans.
سپوږمکۍ	non_verb	n. f.
سپوږمۍ	non_verb	n. f.
سپی	non_verb	n. m. anim. unisex
سپۍ	non_verb	n. f.
سپیازه	non_verb	n. f.
سپیازول	regular_simple	v. stat. comp. trans.
سپیاکه	non_verb	n. f.
سپیڅلی	non_verb	adj.
سپېڅلی	non_verb	adj.
سپېدار	non_verb	n. m.
سپېده چاود	non_verb	n. m.
سپېده داغ	non_verb	n. m.
سپېدې	non_verb	n. f. pl.
سپېره	non_verb	adj.
سپېره توب	non_verb	n. m.
سپېره شان	non_verb	adj.
سپېشل	non_verb	adj.
سپیغول	non_verb	
سپېلني	non_verb	n. m. pl.
سپین	non_verb	adj.
سپین اندامی	non_verb	adj.
سپین زر	non_verb	
سپین زړی	non_verb	adj.
سپین ږیرتوب	non_verb	n. m.
سپین ږیری	non_verb	n. m. anim. unisex
سپین سترګی	non_verb	adj.
سپین سترګي	non_verb	n. f.
سپین سر	non_verb	n. m. anim. unisex
سپین مخی	non_verb	adj.
سپیناوی	non_verb	n. m.
سپینپوست	non_verb	adj.
سپینه	non_verb	n. f.
سپینوالی	non_verb	n. m.
سپینول	regular_simple	v. stat. comp. trans.
سپیني	non_verb	n. f.
ست	non_verb	n. m.
ست کول	dynamic_compound	v. dyn. comp. trans.
ستا	non_verb	pron.
ستا خپل ځان	non_verb	
ستاج	non_verb	n. m.
ستاسو	non_verb	pron.
ستاسې	non_verb	pron.
ستایل	regular_simple	v. trans.
ستاینلیک	non_verb	n. m.
ستاینه	non_verb	n. f.
ستاینوم	non_verb	n. m.
ستر	non_verb	adj.
ستر	non_verb	n. m.
ستر درستیز	non_verb	
ستر کول	dynamic_compound	v. dyn. comp. trans.
ستراتیژي	non_verb	n. f.
ستراتیژیک	non_verb	adj.
ستربل	non_verb	n. m.
سترخوان	non_verb	n. m.
سترغلی	non_verb	n. m.
سترګ رپ	non_verb	n. m.
سترګبندي	non_verb	n. f.
سترګک	non_verb	n. m.
سترګک وهل	dynamic_compound	v. dyn. comp. trans.
سترګلین	non_verb	n. m.
سترګه	non_verb	n. f.
سترګه وال	non_verb	adj.
سترګه ور	non_verb	adj.
سترګه ورتوب	non_verb	n. m.
سترګه وهل	dynamic_compound	v. dyn. comp. trans.
سترګور	non_verb	adj.
سترګې ورتلل	non_verb	
سترنجي	non_verb	n. f.
ستره	non_verb	n. f.
ستره محکمه	non_verb	n. f. doub.
ستروالی	non_verb	n. m.
ستړتیا	non_verb	n. f.
ستړول	regular_simple	v. stat. comp. trans.
ستړی	non_verb	adj.
ستړی کول	dynamic_compound	v. stat. comp. trans.
ستړی کوونکی	non_verb	
ستړی کېدل	stative_compound_special	v. stat. comp. intrans.
ستړې مشې	non_verb	n. m.
ستړی والی	non_verb	n. m.
ستړیا	non_verb	n. f.
ستړېدل	stative_compound_standard	v. stat. comp. intrans.
ستغ	non_verb	n. m. and adj.
ستل	non_verb	n. m.
ستل	regular_simple	v. trans.
ستم	non_verb	n. m.
ستم	non_verb	n. m.
ستم کول	dynamic_compound	v. dyn. comp. trans.
ستم کول	dynamic_compound	v. dyn. comp. trans.
ستما	non_verb	n. f.
ستمبر	non_verb	n. m.
ستمځپلی	non_verb	adj.
ستمګر	non_verb	n. m. anim. unisex
ستمی	non_verb	n. m.
ستمېدل	stative_compound_standard	v. stat. comp. intrans.
ستن	non_verb	n. f.
ستن وهل	dynamic_compound	v. dyn. comp. trans.
ستندرد	non_verb	n. m.
ستنول	regular_simple	v. stat. comp. trans.
ستنېدل	stative_compound_standard	v. stat. comp. intrans.
سته	non_verb	
ستور پېژندونکی	non_verb	n. m. anim. unisex
ستوربېړۍ	non_verb	n. f.
ستورپېژندنه	non_verb	n. f.
ستورمزلی	non_verb	n. m. anim. unisex
ستوری	non_verb	n. m.
ستومانتیا	non_verb	n. f.
ستومانه	non_verb	adj.
ستومانه کول	dynamic_compound	v. stat. comp. trans.
ستومانه کېدل	stative_compound_special	v. stat. comp. intrans.
ستوماني	non_verb	n. f.
ستومانېدل	stative_compound_standard	v. stat. comp. intrans.
ستون	non_verb	adj.
ستون	non_verb	n. m.
ستونزاواری	non_verb	n. m.
ستونزمن	non_verb	adj.
ستونزمنه	non_verb	adj.
ستونزه	non_verb	n. f.
ستونی	non_verb	n. m.
ستوني ستاک	regular_simple	adv.
ستوني ستغ	regular_simple	adv.
ستۍ	non_verb	n. f. anim.
ستي کول	non_verb	
سټ	non_verb	n. m.
سټ	non_verb	n. m.
سټ سمټ	non_verb	adj. / n. m.
سټ سودا	non_verb	n. f.
سټ وټ	non_verb	adj. / n. m.
سټرا	non_verb	n. f.
سټرابري	non_verb	n. f.
سټرس	non_verb	n. m.
سټریچر	non_verb	n. m.
سټک	non_verb	n. m.
سټکوری	non_verb	adj.
سټلایټ	non_verb	n. m.
سټمپ	non_verb	n. m.
سټه	non_verb	n. f.
سټه	non_verb	n. f.
سټه	non_verb	n. f.
سټوډنټ	non_verb	n. m. anim. unisex
سټور	non_verb	n. m.
سټول	non_verb	n. m.
سټول	regular_simple	v. stat. comp. trans.
سټېج	non_verb	n. m.
سټېدل	stative_compound_standard	v. stat. comp. intrans.
سټیډیم	non_verb	n. m.
سټېشن	non_verb	n. m.
سجده	non_verb	n. f.
سجده کول	dynamic_compound	v. dyn. comp. trans.
سجده لګول	regular_simple	v. dyn. comp. trans.
سجره	non_verb	n. f.
سجل	non_verb	n. m.
سجیه	non_verb	n. f.
سحر	non_verb	n. m.
سخ	non_verb	n. m.
سخا	non_verb	adj.
سخا کول	dynamic_compound	v. stat. comp. trans.
سخا کېدل	stative_compound_special	v. stat. comp. intrans.
سخات	non_verb	n. m.
سخاتوب	non_verb	n. m.
سخاوالی	non_verb	n. m.
سخاوت	non_verb	n. m.
سخاوت کول	dynamic_compound	v. dyn. comp. trans.
سخت	non_verb	adj.
سخت حاجتمند	non_verb	
سخت دریځ	non_verb	adj.
سخت دریځی	non_verb	n. m. anim. unisex
سخت دریځي	non_verb	n. f.
سخت دل	non_verb	adj.
سخت زړی	non_verb	adj.
سخت مزاجه	non_verb	n. f.
سختدریځ	non_verb	adj.
سختسری	non_verb	adj.
سختمان	non_verb	n. m.
سختماني	non_verb	n. f.
سخته	non_verb	n. f.
سختول	regular_simple	v. stat. comp. trans.
سختي	non_verb	n. f.
سختیا	non_verb	n. f.
سختېدل	stative_compound_standard	v. stat. comp. intrans.
سخر	non_verb	adj.
سخر	non_verb	n. m. anim.
سخر	non_verb	n. m. / adj.
سخرګنۍ	non_verb	
سخه	non_verb	n. f.
سخه پخول	regular_simple	v. dyn. comp. trans.
سخواړ	non_verb	adj.
سخوندر	non_verb	n. m. anim.
سخوندر	non_verb	n. m. anim.
سخی	non_verb	n. m. anim. unisex
سخي	non_verb	adj.
سخۍ	non_verb	n. f. anim.
سخي توب	non_verb	n. m.
سد	non_verb	n. m.
سدرۍ	non_verb	n. f.
سده	non_verb	adj.
سده	non_verb	n. f.
سډر	non_verb	adj.
سډر	non_verb	n. m. anim. unisex
سر	non_verb	n. m.
سر ته رسول	non_verb	
سر ټکول	regular_simple	v. dyn. comp. trans.
سر خوږی	non_verb	n. m.
سر ښندنه	non_verb	n. f.
سر قلم کول	non_verb	
سر معلم	non_verb	n. m. anim. unisex
سر و کار	non_verb	n. m.
سراج	non_verb	n. m. anim. unisex
سراج	non_verb	n. m.
سراچه	non_verb	n. f.
سراسري	regular_simple	loc. adv.
سراسیمه	non_verb	adj.
سراښ	non_verb	adj.
سراښتوب	non_verb	n. m.
سراغ رسان	non_verb	n. m. anim. unisex
سرای	non_verb	n. m.
سرایت	non_verb	n. m.
سرایت کول	dynamic_compound	v. dyn. comp. trans.
سرب	non_verb	n. m.
سرباز	non_verb	adj.
سربازي	non_verb	n. f.
سربرا	non_verb	n. m. anim. unisex
سربراه	non_verb	n. m. anim. unisex
سربسته	non_verb	n. f.
سربسته	non_verb	n. f.
سربند	non_verb	n. m.
سربېره	non_verb	
سرپټی	non_verb	adj.
سرپرست	non_verb	n. m. anim. unisex
سرپرستي	non_verb	n. f.
سرپوش	non_verb	n. m.
سرپوښ	non_verb	n. m.
سرتړونی	non_verb	adj.
سرتنبه	non_verb	adj.
سرته رسول	regular_simple	v. trans.
سرتور	non_verb	adj.
سرتوره	non_verb	n. f.
سرتورېدل	stative_compound_standard	v. stat. comp. intrans.
سرتېر	non_verb	adj. / n. m. anim. unisex
سرتېری	non_verb	n. m. anim. unisex
سرتېز	non_verb	adj.
سرټیفیکټ	non_verb	n. m.
سرجن	non_verb	n. m. anim. unisex
سرجه	non_verb	n. f.
سرجه جوړول	non_verb	
سرجه کېدل	non_verb	
سرچپه	non_verb	adj.
سرچپه کول	dynamic_compound	v. stat. comp. trans.
سرچینه	non_verb	n. f.
سرحد	non_verb	n. m.
سرخاو	non_verb	n. m.
سرخروی	non_verb	adj.
سرخرېیلی	non_verb	adj.
سرخوږی	non_verb	n. m.
سرخي	non_verb	n. m. / adj.
سرخي پوډر	non_verb	n. m.
سرخېل	non_verb	n. m. anim. unisex
سردار	non_verb	n. m.
سردردي	non_verb	n. f.
سرزوری	non_verb	adj.
سرزوري	non_verb	n. f.
سرسبز	non_verb	adj.
سرسپارلی	non_verb	adj. / n. m. anim. unisex
سرسخت	non_verb	adj.
سرسر	non_verb	n. m.
سرسري	non_verb	adj.
سرشت	non_verb	n. m.
سرشماري	non_verb	n. f.
سرشمېر	non_verb	n. m.
سرشمیرنه	non_verb	n. f.
سرښندلی	non_verb	adj. / n. m. anim. unisex
سرښندنه	non_verb	n. f.
سرطان	non_verb	n. m.
سرعت	non_verb	n. m.
سرغاړی	non_verb	n. m. anim. unisex
سرغړاوی	non_verb	n. m.
سرغړنه	non_verb	n. f.
سرغړونه	non_verb	n. f.
سرغندوی	non_verb	n. m. anim. unisex / n. m.
سرفراز	non_verb	adj.
سرک	non_verb	n. m.
سرکار	non_verb	n. m. / n. m. anim. unisex
سرکار پلوه	non_verb	adj.
سرکاري	non_verb	adj.
سرکټ	non_verb	n. m.
سرکس	non_verb	n. m.
سرکش	non_verb	adj.
سرکشي	non_verb	n. f.
سرکښ	non_verb	adj.
سرکښي	non_verb	n. f.
سرکنډی	non_verb	n. m.
سرکه	non_verb	n. f.
سرکوب	non_verb	adj.
سرکوزی	non_verb	n. m. anim. unisex
سرکونډۍ	non_verb	n. f.
سرکۍ	non_verb	n. f.
سرګردان	non_verb	adj.
سرګردانه	non_verb	adj.
سرګرمي	non_verb	n. f.
سرلاری	non_verb	n. m.
سرلوړی	non_verb	adj.
سرلوړی	non_verb	adj.
سرلوړي	non_verb	n. f.
سرلوړي	non_verb	n. f.
سرمایه	non_verb	n. f.
سرمایه ګذاري	non_verb	n. f.
سرمښکۍ	non_verb	n. f.
سرمقاله	non_verb	n. f.
سرمنشي	non_verb	n. m. anim. unisex
سرمه	non_verb	n. f.
سرمه چوب	non_verb	
سرنامه	non_verb	n. f.
سرنج	non_verb	n. m.
سرنجه	non_verb	n. f.
سرنوشت	non_verb	n. m.
سرنی	non_verb	n. m.
سرنیکه	non_verb	n. m.
سره	non_verb	adpos.
سره	non_verb	n. f.
سره	non_verb	n. m.
سره د دې	non_verb	
سره زر	non_verb	
سره کول	non_verb	
سره ګونګټه	non_verb	
سره له دې	non_verb	
سروتن	non_verb	adj.
سرود	non_verb	n. m.
سرود	non_verb	n. m.
سروس سټېشن	non_verb	n. m.
سرول	non_verb	
سرویس	non_verb	n. m.
سري ورخ	non_verb	n. m.
سرې ورې	non_verb	
سریته	non_verb	n. f.
سریزه	non_verb	n. f.
سریښ	non_verb	n. m.
سرېښ	non_verb	n. m.
سریښناک	non_verb	adj.
سریښول	regular_simple	v. stat. comp. trans.
سریښېدل	stative_compound_standard	v. stat. comp. intrans.
سرینه	non_verb	n. f.
سړک	non_verb	n. m.
سړه کۍ	non_verb	n. f.
سړه لوه	non_verb	n. f.
سړول	regular_simple	v. stat. comp. trans.
سړی	non_verb	n. m.
سړیتوب	non_verb	n. m.
سړیخور	non_verb	n. m. anim. unisex
سړېدل	stative_compound_standard	v. stat. comp. intrans.
سزا	non_verb	n. f.
سزا ورکول	regular_simple	v. dyn. comp. trans.
سږ	non_verb	adj.
سږکال	regular_simple	adv.
سږمه	non_verb	n. f.
سږنی	non_verb	adj.
سږی	non_verb	n. m.
سست	non_verb	adj.
سست کاری	non_verb	adj.
سست کاري	non_verb	n. f.
سستول	regular_simple	v. stat. comp. trans.
سستي	non_verb	n. f.
سستېدل	stative_compound_standard	v. stat. comp. intrans.
سطح	non_verb	n. f.
سطح	non_verb	n. f.
سطحه	non_verb	n. f.
سطحي	non_verb	adj.
سطرنج	non_verb	n. m.
سعادت	non_verb	n. m.
سعادت مني	non_verb	n. f.
سغ	non_verb	n. m.
سغهار	non_verb	n. m.
سغول	regular_simple	v. trans.
سفارت	non_verb	n. m.
سفارتخانه	non_verb	n. f.
سفارش	non_verb	n. m.
سفارش کول	dynamic_compound	v. dyn. comp. trans.
سفارش ورکول	regular_simple	v. dyn. comp. trans.
سفر	non_verb	n. m.
سفر کول	dynamic_compound	v. dyn. comp. trans.
سفیر	non_verb	n. m. anim. unisex
سفینه	non_verb	n. f.
سقاو	non_verb	n. m. anim. unisex
سقاوه	non_verb	n. f.
سقوط	non_verb	n. m.
سقوطول	regular_simple	v. stat. comp. trans.
سقوطېدل	stative_compound_standard	v. stat. comp. intrans.
سکاټلېنډ	non_verb	n. m.
سکاچ ټیپ	non_verb	n. m.
سکاره	non_verb	
سکاروی	non_verb	n. m.
سکالو	non_verb	n. f.
سکته	non_verb	n. f.
سکته	non_verb	n. f.
سکتور	non_verb	n. m.
سکرتر	non_verb	n. m. anim. unisex
سکروټه	non_verb	n. f.
سکرین	non_verb	n. m.
سکړوته	non_verb	n. f.
سکل	regular_simple	v. trans.
سکنر	non_verb	n. m.
سکنی	non_verb	adj.
سکڼل	regular_simple	v. trans.
سکڼۍ	non_verb	n. f.
سکه	non_verb	n. f.
سکه	non_verb	adj.
سکوپ	non_verb	n. m.
سکوت	non_verb	n. m.
سکوټر	non_verb	n. m.
سکور	non_verb	n. m.
سکوستل	non_verb	
سکول	non_verb	n. m.
سکول	non_verb	n. m.
سکولل	regular_simple	v. trans.
سکولودل	non_verb	
سکون	non_verb	n. m.
سکونډاره	non_verb	n. f.
سکویل	regular_simple	v. trans.
سګباز	non_verb	n. m. anim. unisex
سګبازي	non_verb	n. f.
سګرېټ	non_verb	n. m.
سګرېټ سکل	regular_simple	v. dyn. comp. trans.
سګنل	non_verb	n. m.
سل	non_verb	num.
سلا	non_verb	n. f.
سلا کول	dynamic_compound	v. dyn. comp. trans.
سلابلا	regular_simple	adv.
سلابلا کول	dynamic_compound	v. dyn. comp. trans.
سلاح	non_verb	n. f.
سلاد	non_verb	
سلاکار	non_verb	n. m. anim. unisex
سلام	non_verb	interj. / n. m.
سلام اچول	regular_simple	v. dyn. comp. trans.
سلام علیکم	non_verb	
سلام کول	dynamic_compound	v. dyn. comp. trans.
سلامت	non_verb	adj.
سلامت	non_verb	n. m.
سلامتي	non_verb	n. f.
سلامتیا	non_verb	n. f.
سلایټي	non_verb	adj.
سلایي	non_verb	n. f.
سلټ	non_verb	n. m.
سلسله	non_verb	n. f.
سلسله وار	non_verb	adj.
سلطان	non_verb	n. m. anim. unisex
سلطانت	non_verb	n. m.
سلطنت	non_verb	n. m.
سلګونه	non_verb	adj.
سلګۍ	non_verb	n. f.
سلګۍ وهل	dynamic_compound	v. dyn. comp. trans.
سلم	non_verb	adj.
سلماني	non_verb	n. m. anim. unisex
سلمه حصه	non_verb	
سلندر	non_verb	n. m.
سلنه	non_verb	n. f.
سله	non_verb	n. f.
سله رېژ	non_verb	n. m. anim. unisex
سلها	non_verb	num.
سلواغه	non_verb	n. f.
سلوټ	non_verb	n. m.
سلوټ کول	dynamic_compound	v. dyn. comp. trans.
سلوشن ټیپ	non_verb	n. m.
سلوک	non_verb	n. m.
سلوک کول	dynamic_compound	v. dyn. comp. trans.
سلیس	non_verb	adj.
سلیښ	non_verb	
سلیښناک	non_verb	adj.
سلیم	non_verb	adj.
سم	non_verb	adj.
سم	non_verb	n. m.
سم	non_verb	n. m.
سم	non_verb	n. m.
سم دلاسه	regular_simple	adv.
سما	non_verb	n. f.
سماجي	non_verb	n. f.
سماروغ	non_verb	n. m.
سماعت	non_verb	n. m.
سماعي	non_verb	adj.
سماو	non_verb	n. m.
سماوار	non_verb	n. m.
سمبال	non_verb	adj.
سمبالښت	non_verb	n. m.
سمبالول	regular_simple	v. stat. comp. trans.
سمبالېدل	stative_compound_standard	v. stat. comp. intrans.
سمبټه	non_verb	n. f.
سمبول	non_verb	n. m.
سمبولیک	non_verb	adj.
سمت	non_verb	n. m.
سمتي	non_verb	adj.
سمټه	non_verb	n. f.
سمڅه	non_verb	n. f.
سمڅی	non_verb	n. m.
سمدستي	regular_simple	adv.
سمدلاسه	regular_simple	adv.
سمساره	non_verb	n. f.
سمستر	non_verb	n. m.
سمسور	non_verb	adj.
سمسورتوب	non_verb	n. m.
سمسورتیا	non_verb	n. f.
سمسوروالی	non_verb	n. m.
سمع	non_verb	n. f.
سمګلر	non_verb	n. m. anim. unisex
سمګلنګ	non_verb	n. m.
سمګلنګ کول	dynamic_compound	v. dyn. comp. trans.
سملاستي	regular_simple	adv.
سملاسي	regular_simple	adv.
سملاسیوالي	non_verb	n. f.
سمندر	non_verb	n. m.
سمندري	non_verb	adj.
سمندري جهاز	non_verb	n. m.
سموالی	non_verb	n. m.
سمول	regular_simple	v. stat. comp. trans.
سمون	non_verb	n. m.
سمون	non_verb	n. m.
سمون خوړل	regular_simple	v. dyn. comp. trans.
سمېدل	stative_compound_standard	v. stat. comp. intrans.
سن	non_verb	n. m.
سنا	non_verb	n. f.
سنا مجلس	non_verb	n. m.
سناري	non_verb	adj.
سناري	non_verb	adj.
سنایپر	non_verb	n. m. anim. unisex
سنبال	non_verb	n. m.
سنبل	non_verb	n. m.
سنت	non_verb	n. m.
سنت کول	dynamic_compound	v. stat. comp. trans.
سنت کېدل	stative_compound_special	v. stat. comp. intrans.
سنتول	regular_simple	v. stat. comp. trans.
سنتي	non_verb	adj.
سنتي	non_verb	n. f.
سنتېدل	stative_compound_standard	v. stat. comp. intrans.
سنتېدل	stative_compound_standard	v. stat. comp. intrans.
سنجش	non_verb	n. m.
سنجښت	non_verb	n. m.
سنجک	non_verb	n. m.
سنجول	regular_simple	v. trans.
سنجیدګي	non_verb	n. f.
سنجیده	non_verb	adj.
سنځل	regular_simple	v. trans.
سنځله	non_verb	n. f.
سند	non_verb	n. m.
سند	non_verb	n. m.
سندرچي	non_verb	n. m. anim. unisex
سندرغاړی	non_verb	n. m. anim. unisex
سندره	non_verb	n. f.
سندرې ویل	regular_simple	v. dyn. comp. trans.
سندله	non_verb	n. f.
سندلۍ	non_verb	n. f.
سنډ	non_verb	n. m.
سنډا	non_verb	n. m. anim.
سنکیا	non_verb	n. f.
سنګ	non_verb	n. m.
سنګ بر	non_verb	n. m. anim. unisex
سنګ دل	non_verb	adj.
سنګار	non_verb	n. m.
سنګار کول	dynamic_compound	v. stat. comp. trans.
سنګارول	regular_simple	v. stat. comp. trans.
سنګارېدل	stative_compound_standard	v. stat. comp. intrans.
سنګر	non_verb	n. m.
سنګرېزي	non_verb	n. f.
سنګسار	non_verb	n. m.
سنګسارول	regular_simple	v. stat. comp. trans.
سنګسارېدل	stative_compound_standard	v. stat. comp. intrans.
سنګیلۍ	non_verb	n. f.
سنګین	non_verb	adj.
سنګین دل	non_verb	adj.
سنول	regular_simple	v. trans.
سنېدل	stative_compound_standard	v. intrans.
سڼ	non_verb	n. m.
سه برګه	non_verb	n. f.
سه شنبه	non_verb	n. f.
سهار	non_verb	n. m.
سهار دې په خیر	non_verb	interj.
سهار مو په خیر	non_verb	interj.
سهارنی	non_verb	adj.
سهارنۍ	non_verb	n. f.
سهر	non_verb	n. m.
سهر وختي	regular_simple	adv.
سهل	regular_simple	v. trans.
سهل	non_verb	
سهم	non_verb	n. m.
سهم	non_verb	n. m.
سهم ګر	non_verb	adj.
سهمدار	non_verb	n. m. anim. unisex
سهمیه	non_verb	n. f.
سهولت	non_verb	n. m.
سهوه	non_verb	n. f.
سهي	non_verb	adj.
سهیل	non_verb	n. m.
سهیلي	non_verb	adj.
سهیمه	non_verb	n. f.
سو استفاده	non_verb	n. f.
سواد	non_verb	n. m.
سواد دار	non_verb	adj.
سوال	non_verb	n. m.
سوال کول	dynamic_compound	v. dyn. comp. trans.
سوال ګونډی	non_verb	n. m. anim. unisex
سوالګر	non_verb	n. m. anim. unisex
سوالیه نښه	non_verb	n. f.
سوان	non_verb	n. m.
سوانلرګي	non_verb	n. m. pl.
سوء تفاهم	non_verb	
سوب	non_verb	adj.
سوبه	non_verb	n. f.
سوبه وړل	regular_simple	v. dyn. comp. trans.
سوپ	non_verb	n. m.
سوپره	non_verb	n. f.
سوتره	non_verb	adj.
سوټ	non_verb	n. m.
سوټکه	non_verb	n. f.
سوټکیس	non_verb	n. m.
سوټکېس	non_verb	n. m.
سوټه	non_verb	n. f.
سوټی	non_verb	n. m.
سوځل	non_verb	
سوځول	regular_simple	v. trans.
سوځېدل	stative_compound_standard	v. intrans.
سوځېدنه	non_verb	n. f.
سوځېدونکی	non_verb	adj.
سوچ	regular_simple	adj. / adv.
سوچ	non_verb	n. m.
سوچ کول	dynamic_compound	v. dyn. comp. trans.
سوچه	non_verb	adj.
سوخت	non_verb	n. m.
سوخته	non_verb	adj.
سود	non_verb	n. m.
سود خوړل	regular_simple	v. dyn. comp. trans.
سودا	non_verb	n. f.
سوداګر	non_verb	n. m. anim. unisex
سوداګري	non_verb	n. f.
سوداګریز	non_verb	adj.
سودایي	non_verb	adj.
سودمند	non_verb	adj.
سوډر	non_verb	n. m. anim. unisex / adj.
سور	non_verb	adj.
سور	non_verb	adj.
سور	non_verb	n. m.
سور کول	dynamic_compound	v. stat. comp. trans.
سور کېدل	stative_compound_special	v. stat. comp. intrans.
سوربڼی	non_verb	adj. / n. m. anim. unisex
سورسری	non_verb	adj. / n. m. anim. unisex
سورکی	non_verb	adj.
سورلي	non_verb	n. f. / n. m.
سورنا	non_verb	n. f.
سورنګ	non_verb	n. m.
سوره	non_verb	n. f.
سوره	non_verb	n. f.
سوروالی	non_verb	n. m.
سورور	non_verb	adj.
سورول	regular_simple	v. stat. comp. trans.
سوری	non_verb	n. m.
سوری	non_verb	n. m.
سوري	non_verb	n. f.
سوری کول	dynamic_compound	v. stat. comp. trans.
سوری کېدل	stative_compound_special	v. stat. comp. intrans.
سوری کېدل	non_verb	
سوریته	non_verb	n. f. anim.
سورېدل	stative_compound_standard	v. stat. comp. intrans.
سورېدل	stative_compound_standard	v. stat. comp. intrans.
سوریه	non_verb	n. f.
سوړ	non_verb	adj.
سوړا	non_verb	adj. / n. m. anim. unisex
سوړی	non_verb	n. m.
سوزش	non_verb	n. m.
سوزښت	non_verb	n. m.
سوزني	non_verb	n. f.
سوزول	regular_simple	v. trans.
سوږمه	non_verb	n. f.
سوسړ	non_verb	n. m. anim. unisex
سوسیالیست	non_verb	adj. / n. m. anim. unisex
سوغات	non_verb	n. m.
سوغالی	non_verb	n. m.
سوغن	non_verb	adj. / n. m. anim. unisex
سوق	non_verb	n. m.
سوق الجیشي	non_verb	adj.
سوق کول	dynamic_compound	v. stat. comp. trans.
سوق کېدل	stative_compound_special	v. stat. comp. intrans.
سوقراط	non_verb	
سوقصد	non_verb	n. m.
سوک	non_verb	n. m.
سوک موک	non_verb	adj. doub.
سوک موک کښېنستل	non_verb	
سوک ورکول	regular_simple	v. dyn. comp. trans.
سوکال	non_verb	adj.
سوکالي	non_verb	n. f.
سوکړ	non_verb	n. m.
سوکړه	non_verb	n. f.
سوکه	regular_simple	adv.
سوکه	regular_simple	adv.
سوکه	non_verb	n. f.
سوکه سوکه	regular_simple	adv.
سوکه سوکه	regular_simple	adv.
سوکوهنه	non_verb	n. f.
سوکی	non_verb	n. m.
سوکۍ	non_verb	n. f. pl.
سوګت	non_verb	n. m. anim. unisex
سوګند	non_verb	n. m.
سوګند خوړل	regular_simple	v. dyn. comp. trans.
سول	non_verb	n. m.
سول	non_verb	n. m.
سول	regular_simple	v. intrans.
سوله	non_verb	n. f.
سوله خوښوونکی	non_verb	adj.
سوله کول	dynamic_compound	v. dyn. comp. trans.
سوله ییز	non_verb	adj.
سولول	regular_simple	v. trans.
سولۍ	non_verb	n. f.
سولېدل	stative_compound_standard	v. intrans.
سوم	non_verb	n. m.
سوم	non_verb	n. m.
سوم	non_verb	n. m.
سومبه	non_verb	
سون	non_verb	n. m. / adj.
سونا	non_verb	n. f.
سونتوکي	non_verb	n. m. pl.
سونډ	non_verb	n. m.
سونډ	non_verb	n. m.
سونډ مونډ	non_verb	adj. doub.
سونډک	non_verb	n. m.
سونګ	non_verb	n. m.
سونګټ	non_verb	adj.
سونګېدل	stative_compound_standard	v. intrans.
سونه	non_verb	n. f. anim.
سونه	non_verb	n. f. anim.
سوڼ	non_verb	n. m.
سوڼ وهل	dynamic_compound	v. dyn. comp. trans.
سوڼول	regular_simple	v. trans.
سوه	non_verb	n. f.
سوه	non_verb	
سوهاګن	non_verb	n. f.
سوی	non_verb	adj.
سوی	non_verb	n. m.
سوی	non_verb	n. m. anim. unisex
سوی کول	dynamic_compound	v. dyn. comp. trans.
سویټر	non_verb	n. m.
سویچ	non_verb	n. m.
سویډن	non_verb	n. m.
سوېزرلنډ	non_verb	n. m.
سوېل	non_verb	n. m.
سوېلي	non_verb	adj.
سویه	non_verb	n. f.
سویه	non_verb	n. f.
سویه	non_verb	n. f.
سي ډي	non_verb	n. f.
سیاح	non_verb	n. m. anim. unisex
سیاحت	non_verb	n. m.
سیاره	non_verb	n. f.
سیاره	non_verb	n. f.
سیاست	non_verb	n. m.
سیاست پوه	non_verb	n. m. anim. unisex
سیاست مدار	non_verb	n. m. anim. unisex
سیاست وال	non_verb	n. m. anim. unisex
سیاستمدار	non_verb	n. m. anim. unisex
سیاستوال	non_verb	n. m. anim. unisex
سیاسي	non_verb	adj.
سیاق	non_verb	n. m.
سیاق و سباق	non_verb	n. m.
سیال	non_verb	n. m. anim. unisex
سیالنګ	non_verb	n. m.
سیالنګي	non_verb	n. f.
سیالي	non_verb	n. f.
سیاه دم	non_verb	n. m. anim. unisex
سیاهي	non_verb	n. f.
سیپۍ	non_verb	n. f.
سیټ	non_verb	n. m.
سېټ	non_verb	adj.
سېټ کول	dynamic_compound	v. stat. comp. trans.
سېټ کېدل	stative_compound_special	v. stat. comp. intrans.
سیخ	non_verb	adj.
سیخ	non_verb	n. m.
سیخ کول	dynamic_compound	v. stat. comp. trans.
سیخدم	non_verb	n. m. anim.
سیخل	regular_simple	v. trans.
سیده	regular_simple	adv.
سیده کول	dynamic_compound	v. stat. comp. trans.
سیده کېدل	stative_compound_special	v. stat. comp. intrans.
سېر	non_verb	n. m. / adj.
سیرت	non_verb	n. m.
سیرلی	non_verb	n. m.
سیرنج	non_verb	n. m.
سیروم	non_verb	n. m.
سیزن	non_verb	n. m.
سېزني	non_verb	n. f.
سیستم	non_verb	n. m.
سیسټم	non_verb	n. m.
سیف	non_verb	n. m.
سیف	non_verb	n. m.
سېک	non_verb	n. m.
سېک زړی	non_verb	adj.
سېکړه	non_verb	n. f.
سیکشن	non_verb	n. m.
سیکل	non_verb	n. m.
سیکه	non_verb	n. f.
سېکه	non_verb	n. f.
سیکولر	non_verb	adj.
سیګار	non_verb	n. m.
سیګرټ	non_verb	n. m.
سیګرېټ	non_verb	n. m.
سیل	non_verb	n. m.
سېل	non_verb	n. m.
سیل بین	non_verb	n. m. anim. unisex
سیل کول	dynamic_compound	v. dyn. comp. trans.
سیل کوونکی	non_verb	n. m. anim. unisex
سیلاب	non_verb	n. m.
سېلاب	non_verb	n. m.
سیلانی	non_verb	n. m. anim. unisex
سېلاو	non_verb	n. m.
سېلمه	non_verb	adj. / n. m. anim. unisex
سیله	non_verb	n. f.
سیله ګر	non_verb	n. m. anim. unisex
سیلور	non_verb	
سیلۍ	non_verb	n. f.
سېلۍ	non_verb	n. f.
سیم	non_verb	n. m.
سیم جوش	non_verb	n. m.
سېمپل	non_verb	n. m.
سیمټ	non_verb	n. m.
سیمه	non_verb	n. f.
سیمه ایز	non_verb	adj.
سیمه ییز	non_verb	adj.
سیمي	non_verb	n. f.
سیند	non_verb	n. m.
سینډل	non_verb	n. m.
سېنډل	non_verb	n. m.
سینګار	non_verb	n. m.
سینګارتون	non_verb	n. m.
سینما	non_verb	n. f.
سینه	non_verb	n. f.
سینه باز	non_verb	n. m.
سینه بغل	non_verb	n. m.
سینه بند	non_verb	n. m.
سینه پهلو	non_verb	n. m.
سینه داغی	non_verb	adj.
سینه سوخته	non_verb	adj.
سینه سوز	non_verb	adj.
سینه کباب	non_verb	adj.
سېنېټ	non_verb	n. m.
سینیر	non_verb	adj. / n. m. anim. unisex
سېو	non_verb	n. m.
سیوا	non_verb	
سېوا	non_verb	adj.
سیوری	non_verb	n. m.
شا	non_verb	n. f.
شاباس	non_verb	interj.
شاباسي	non_verb	n. f.
شاباش	non_verb	interj.
شاباشی	non_verb	n. m.
شاباشي	non_verb	n. f.
شاباشی ورکول	regular_simple	v. dry. comp. trans.
شاپر	non_verb	n. m.
شاپرک	non_verb	n. m. anim.
شاپیانګه	non_verb	n. f.
شاپېټی	non_verb	n. m.
شات	non_verb	n. m. pl.
شاتګ	non_verb	n. m.
شاته	regular_simple	loc. adv.
شاته تلل	non_verb	
شاته کول	dynamic_compound	v. stat. comp. trans.
شاته کېدل	stative_compound_special	v. stat. comp. intrans.
شاټي	non_verb	n. f.
شاخ	non_verb	n. m.
شاخص	non_verb	n. m.
شاد	non_verb	adj.
شادو	non_verb	n. f.
شادي	non_verb	n. f.
شاربل	regular_simple	v. trans.
شاربونکی	non_verb	n. m.
شاړ	non_verb	adj.
شاړه	non_verb	
شاړي واړي	non_verb	adj.
شاړېدل	stative_compound_standard	v. stat. comp. intrans.
شاعر	non_verb	n. m. anim. unisex
شاعري	non_verb	n. f.
شاقه	non_verb	adj.
شاکر	non_verb	
شاکونډۍ	non_verb	n. f.
شاګرد	non_verb	n. m. anim. unisex
شاګردي	non_verb	n. f.
شاګونی	non_verb	n. m.
شال	non_verb	n. m.
شالۍ	non_verb	n. f.
شالید	non_verb	n. m.
شام	non_verb	n. m.
شامته	non_verb	n. f.
شامعه	non_verb	n. f.
شامکۍ	non_verb	n. f. anim.
شامل	non_verb	adj.
شاملول	regular_simple	v. stat. comp. trans.
شاملېدل	stative_compound_standard	v. stat. comp. intrans.
شامه	non_verb	n. f.
شامیانه	non_verb	n. f.
شان	non_verb	n. m.
شان مان	non_verb	adj.
شاندار	non_verb	adj.
شانس	non_verb	n. m.
شاه	non_verb	
شاه ځلمی	non_verb	n. m.
شاهباز	non_verb	n. m. anim. unisex
شاهد	non_verb	n. m. anim. unisex
شاهدي	non_verb	n. f.
شاهدي وایل	regular_simple	v. dyn. comp. trans.
شاهزادګۍ	non_verb	n. f.
شاهزاده	non_verb	n. m. anim.
شاهزادۍ	non_verb	n. f. anim.
شاهکار	non_verb	n. m.
شاهنامه	non_verb	n. f.
شاهي	non_verb	adj. / n. f.
شاهي خاندان	non_verb	
شاهي کورنۍ	non_verb	n. f.
شاهین	non_verb	n. m.
شاهین	non_verb	n. m.
شاوخوا	regular_simple	adv.
شاوخوا	regular_simple	adv.
شاور	non_verb	n. m.
شاوند	non_verb	n. m.
شاید	regular_simple	adv.
شایعه	non_verb	n. f.
شب چراغ	non_verb	n. m.
شب څراغ	non_verb	n. m.
شبت	non_verb	n. m.
شبخون	non_verb	n. m.
شبکه	non_verb	n. f.
شبنم	non_verb	n. m. pl.
شبهه	non_verb	n. f.
شبهه ناک	non_verb	adj.
شپ	non_verb	n. m.
شپاړس	non_verb	num.
شپاړسم	non_verb	adj.
شپږ	non_verb	num.
شپږم	non_verb	adj.
شپږه	non_verb	n. f.
شپږویشت	non_verb	num.
شپنی	non_verb	adj.
شپني	non_verb	n. f.
شپنې	non_verb	
شپه	non_verb	n. f.
شپول	non_verb	n. m.
شپون	non_verb	n. m. anim. unisex
شپونکی	non_verb	n. m. anim. unisex
شپېتم	non_verb	adj.
شپېته	non_verb	num.
شپېلک	non_verb	n. m.
شپېلکی	non_verb	n. m.
شپېلۍ	non_verb	n. f.
شپېلۍ وهل	dynamic_compound	v. dyn. comp. trans.
شتاب	non_verb	n. m.
شتاهه	non_verb	n. f. anim.
شتایه	non_verb	n. f.
شترمرغ	non_verb	n. m. anim. unisex
شترمرغ	non_verb	n. m. anim. unisex
شترنج	non_verb	n. m.
شتمن	non_verb	adj.
شتمنتیا	non_verb	n. f.
شتمنتیایي	non_verb	adj.
شتمني	non_verb	n. f.
شته	non_verb	n. m. pl.
شته	non_verb	
شته من	non_verb	adj.
شتومی	non_verb	n. m.
شتون	non_verb	n. m.
شتۍ	non_verb	n. f.
شتۍ	non_verb	n. f.
شټوپ	non_verb	n. m.
شجاعت	non_verb	n. m.
شجرنامه	non_verb	n. f.
شجره	non_verb	n. f.
شجره	non_verb	n. f.
شجره نصب	non_verb	n. f.
شخ	non_verb	adj.
شخړه	non_verb	n. f.
شخص	non_verb	n. m.
شخص پرستي	non_verb	n. f.
شخصاً	regular_simple	adv.
شخصي	non_verb	adj.
شخصیت	non_verb	n. m.
شخند	non_verb	n. m.
شخول	non_verb	n. m.
شخول	non_verb	n. m.
شخول	regular_simple	v. stat. comp. trans.
شخول	non_verb	n. m.
شخوند	non_verb	n. m.
شخوند وهل	dynamic_compound	v. dyn. comp. trans.
شخېدل	stative_compound_standard	v. stat. comp. intrans.
شدت	non_verb	n. m.
شدید	non_verb	adj.
شډل	non_verb	adj.
شر	non_verb	n. m.
شر کول	dynamic_compound	v. dyn. comp. trans.
شراب	non_verb	n. m. pl.
شراب خوري	non_verb	n. f.
شرابي	non_verb	n. m. anim. unisex
شرارت	non_verb	n. m.
شرارتي	non_verb	adj.
شرافت	non_verb	n. m.
شرافتمند	non_verb	adj.
شرافتمندانه	regular_simple	adv.
شراکت	non_verb	n. m.
شراکت نامه	non_verb	n. f.
شربت	non_verb	n. m.
شربل	regular_simple	v. trans.
شرټ	non_verb	n. m.
شرح	non_verb	n. f.
شرحه	non_verb	n. f.
شرحه کول	dynamic_compound	v. stat. comp. trans.
شرحه کېدل	stative_compound_special	v. stat. comp. intrans.
شرط	non_verb	n. m.
شرط لګول	regular_simple	v. dyn. comp. trans.
شرع	non_verb	n. f.
شرعاً	regular_simple	adv.
شرعي	non_verb	adj.
شرف	non_verb	n. m.
شرق	non_verb	n. m.
شرقي طول	non_verb	n. m.
شرک	non_verb	n. m.
شرک	non_verb	n. m.
شرک	non_verb	n. m.
شرکت	non_verb	n. m.
شرکت کول	dynamic_compound	v. dyn. comp. trans.
شرم	non_verb	n. m.
شرم محسوسول	non_verb	
شرمښ	non_verb	n. m. anim. unisex
شرمناک	non_verb	adj.
شرمندتیا	non_verb	n. f.
شرمندګي	non_verb	n. f.
شرمنده	non_verb	adj.
شرمنده کول	dynamic_compound	v. stat. comp. trans.
شرمنده کېدل	stative_compound_special	v. stat. comp. intrans.
شرمول	regular_simple	v. trans.
شرمېدل	stative_compound_standard	v. intrans.
شرنګ	non_verb	n. m.
شرنګا	non_verb	n. f.
شرنګاوو	non_verb	n. m.
شرنګول	regular_simple	v. trans.
شرنګی	non_verb	n. m.
شرنګېدل	stative_compound_standard	v. intrans.
شرهار	non_verb	n. m.
شروع	non_verb	n. m.
شروع کول	dynamic_compound	v. dyn./stat. comp. trans.
شروع کوونکی	non_verb	n. m. anim. unisex
شروع کېدل	stative_compound_special	v. stat. comp. intrans.
شرې	non_verb	n. f. pl.
شرېدل	stative_compound_standard	v. intrans.
شریر	non_verb	adj.
شریش	non_verb	
شریعت	non_verb	n. m.
شریف	non_verb	adj.
شریف سړی	non_verb	n. m.
شریفانه	regular_simple	adv.
شریک	non_verb	n. m. anim. unisex
شریک کول	dynamic_compound	v. stat. comp. trans.
شریکول	regular_simple	v. stat. comp. trans.
شریکېدل	stative_compound_standard	v. stat. comp. intrans.
شړ شړ	non_verb	n. m.
شړشم	non_verb	n. m. pl.
شړک	non_verb	n. m.
شړل	regular_simple	v. trans.
شړم	non_verb	adj.
شړمول	regular_simple	v. stat. comp. trans.
شړمېدل	stative_compound_standard	v. stat. comp. intrans.
شړنګهار	non_verb	n. m.
شړنګهار کول	dynamic_compound	v. dyn. comp. trans.
شړنګېدل	non_verb	
شړهار	non_verb	n. m.
شړوالی	non_verb	n. m. / adj.
شړومبه	non_verb	n. f.
شړومبې	non_verb	n. f. pl.
شړونتیا	non_verb	n. f.
شړۍ	non_verb	n. f.
شړېدل	stative_compound_standard	v. intrans.
شطرنج	non_verb	n. m.
شعار	non_verb	n. m.
شعارپاڼه	non_verb	n. f.
شعاع	non_verb	n. f.
شعبه	non_verb	n. f.
شعر	non_verb	n. m.
شعله	non_verb	n. f.
شعور	non_verb	n. m.
شعور	non_verb	n. m.
شغال	non_verb	n. m. anim. unisex
شغل	non_verb	n. m.
شغله	non_verb	n. f.
شغول	regular_simple	v. trans.
شف	non_verb	n. m.
شفا	non_verb	n. f.
شفا موندل	regular_simple	v. dyn. comp. trans.
شفا ورکول	regular_simple	v. dyn. comp. trans.
شفاخانه	non_verb	n. f.
شفاعت	non_verb	n. m.
شفاعت کوونکی	non_verb	n. m. anim. unisex
شفاعت ګر	non_verb	n. m. anim. unisex
شفاف	non_verb	adj.
شفافیت	non_verb	n. m.
شفاهي	regular_simple	adj. / adv.
شفق	non_verb	n. m.
شفقت	non_verb	n. m.
شفوي	non_verb	adj.
شفیع	non_verb	n. m. anim. unisex
شک	non_verb	adj.
شک	non_verb	n. m.
شک شبه	non_verb	n. f.
شک شبهه	non_verb	n. f.
شک کول	dynamic_compound	v. dyn. comp. trans.
شک لرل	regular_simple	v. dyn. comp. trans.
شکایت	non_verb	n. m.
شکایت کول	dynamic_compound	v. dyn. comp. trans.
شکر	non_verb	n. m.
شکر ګذار	non_verb	adj.
شکرانه	non_verb	n. f.
شکرستان	non_verb	n. m.
شکرګذاري	non_verb	n. f.
شکرګزار	non_verb	adj.
شکرګنی	non_verb	n. m.
شکرنی	non_verb	n. m.
شکره	non_verb	n. f.
شکره	non_verb	n. f.
شکرۍ	non_verb	n. f.
شکست	non_verb	n. m.
شکست خوړل	regular_simple	v. dyn. comp. trans.
شکست منل	non_verb	
شکست ورکول	regular_simple	v. dyn. comp. trans.
شکل	non_verb	n. m.
شکل ایستل	regular_simple	v. dyn. comp. trans.
شکل بدلول	regular_simple	v. dyn. comp. trans.
شکل ورانول	non_verb	
شکلۍ	non_verb	n. f.
شکمن	non_verb	adj.
شکنجه	non_verb	n. f.
شکنجه کول	dynamic_compound	v. dyn. comp. trans.
شکنه	non_verb	n. f.
شکڼه	non_verb	n. f. anim.
شکور	non_verb	adj.
شکور	non_verb	n. m.
شکول	regular_simple	v. stat. comp. trans.
شکول	regular_simple	v. trans.
شکوڼ	non_verb	n. m. anim. unisex
شکي	non_verb	adj.
شکېدل	stative_compound_standard	v. intrans.
شکېدل	stative_compound_standard	v. stat. comp. intrans.
شګاره	non_verb	adj.
شګلن	non_verb	adj.
شګلي	non_verb	n. f.
شګلین	non_verb	adj.
شګلینه	non_verb	adj.
شګن	non_verb	adj.
شګه	non_verb	n. f.
شګوفه	non_verb	n. f.
شګوم	non_verb	n. m.
شګون	non_verb	n. m.
شګون	non_verb	n. m.
شګونی	non_verb	
شګې	non_verb	n. f. pl.
شل	non_verb	n. m.
شل	non_verb	num.
شل ګوډ	non_verb	adj. doub.
شل و شوټ	non_verb	adj.
شلاخه	non_verb	n. f.
شلاغ	non_verb	n. m.
شلتالو	non_verb	n. m.
شلخي	non_verb	adj.
شلغشی	non_verb	n. m.
شلغم	non_verb	n. m.
شلم	non_verb	adj.
شله	non_verb	adj.
شلول	regular_simple	v. trans.
شلومبه	non_verb	n. f.
شلومبې	non_verb	n. f. pl.
شلی	non_verb	n. m. anim. unisex
شلېدل	stative_compound_standard	v. intrans.
شم	non_verb	
شمار	non_verb	n. m.
شمارل	regular_simple	v. trans. opt. compl.
شماره	non_verb	n. f.
شمارېدل	stative_compound_standard	v. intrans.
شمال	non_verb	n. m.
شمال	non_verb	n. m.
شمالي	non_verb	adj.
شمالي	non_verb	adj.
شمان	non_verb	n. m.
شمپانزه	non_verb	n. f. anim.
شمپانزي	non_verb	n. f. anim.
شمزۍ	non_verb	n. f.
شمزۍ	non_verb	n. f.
شمسي	non_verb	n. f.
شمشاد	non_verb	n. m.
شمشتی	non_verb	n. m. anim.
شمشتۍ	non_verb	n. f.
شمشیر	non_verb	n. m.
شمشېر	non_verb	n. m.
شمع	non_verb	n. f.
شمعدان	non_verb	n. m.
شمله	non_verb	n. f.
شمه	non_verb	n. f.
شمه	non_verb	n. f.
شمه	non_verb	n. f.
شمه	non_verb	n. f.
شمول	non_verb	n. m.
شمېر	non_verb	n. m.
شمېر وهل	dynamic_compound	v. dyn. comp. trans.
شمېرانه	non_verb	n. f.
شمېرل	regular_simple	v. trans. opt. compl.
شمېرنوم	non_verb	n. m.
شمېره	non_verb	n. f.
شناخت	non_verb	n. m.
شناخت لرل	regular_simple	v. dyn. comp. trans.
شناخته	non_verb	adj.
شناخته	non_verb	n. f.
شناختي	non_verb	adj.
شناختي کارډ	non_verb	n. m.
شنبه	non_verb	n. f.
شنډ	non_verb	adj.
شنډول	regular_simple	v. stat. comp. trans.
شنډېدل	stative_compound_standard	v. stat. comp. intrans.
شنل	regular_simple	v. trans.
شنه خونه	non_verb	n. f.
شنونکی	non_verb	n. m. anim. unisex
شڼ	non_verb	n. m.
شڼا	non_verb	n. f.
شڼشوب	non_verb	n. m.
شڼشوب کول	dynamic_compound	v. dyn. comp. trans.
شڼهار	non_verb	n. m.
شڼول	regular_simple	v. trans.
شڼېدل	stative_compound_standard	v. intrans.
شه	non_verb	
شهادت	non_verb	n. m.
شهامت	non_verb	n. m.
شهرت	non_verb	n. m.
شهزادګۍ	non_verb	n. f. anim.
شهزاده	non_verb	n. m. anim.
شهزادۍ	non_verb	n. f. anim.
شهوت	non_verb	n. m.
شهوت پرستي	non_verb	n. f.
شهید	non_verb	n. m. anim. unisex
شهیدي	non_verb	n. f.
شو	non_verb	
شوار	non_verb	adj.
شوارول	regular_simple	v. stat. comp. trans.
شوارېدل	stative_compound_standard	v. stat. comp. intrans.
شوبلکه	non_verb	n. f.
شوپا	non_verb	n. m. anim.
شوپرک	non_verb	n. m. anim.
شوپړ	non_verb	n. m. anim.
شوپه	non_verb	n. m. anim.
شوتل	non_verb	
شوتله	non_verb	n. f.
شوټ	non_verb	adj. / n. m.
شوخ	non_verb	adj.
شوخ چشم	non_verb	adj.
شوخ و شخ	non_verb	adj.
شوخي	non_verb	adj.
شوده	non_verb	adj.
شوده	non_verb	n. f.
شوده	non_verb	n. m. pl.
شودې	non_verb	n. f. pl.
شور	non_verb	n. m.
شور	non_verb	n. m.
شور ماشور	non_verb	n. m.
شورا	non_verb	n. f.
شورپنیر	non_verb	n. m.
شورشي	non_verb	n. m.
شورماشور	non_verb	n. m.
شورو	non_verb	
شوروا	non_verb	n. f.
شوروي	non_verb	adj.
شوریٰ	non_verb	n. f.
شورېدل	stative_compound_standard	v. intrans.
شوړه	non_verb	n. f.
شوړېدل	stative_compound_standard	v. intrans.
شوشا	non_verb	
شوغه	non_verb	n. f.
شوق	non_verb	n. m.
شوق لرل	regular_simple	v. dyn. comp. trans.
شوقي	non_verb	adj.
شوقین	non_verb	adj.
شوقیه	regular_simple	adv. / adj.
شوکت	non_verb	n. m.
شوکمار	non_verb	n. m. anim. unisex
شوکه	non_verb	n. f.
شوکه کول	dynamic_compound	v. dyn. comp. trans.
شوکول	regular_simple	v. trans.
شوکېدل	non_verb	
شوګر	non_verb	n. m.
شوګیر	non_verb	n. m.
شول	non_verb	n. m.
شولګره	non_verb	n. f.
شوله	non_verb	n. f.
شوله	non_verb	n. f.
شوله غم	non_verb	n. m.
شولې	non_verb	n. f. pl.
شولۍ	non_verb	n. f. anim.
شوم	non_verb	adj.
شوم	non_verb	adj.
شوم پاتې کېدل	non_verb	
شومتیا	non_verb	n. f.
شومړه	non_verb	n. f.
شومل	non_verb	
شومله	non_verb	adj.
شوملې	non_verb	n. f. pl.
شومه	non_verb	n. f.
شومه دم	regular_simple	adv.
شومول	regular_simple	v. trans.
شومی	non_verb	n. m.
شون شون	non_verb	n. m.
شونتیا	non_verb	n. f.
شونټی	non_verb	adj.
شونډک	non_verb	n. m.
شونډه	non_verb	n. f.
شونی	non_verb	adj.
شوه	non_verb	
شوو	non_verb	
شوې	non_verb	
شوئ	non_verb	
شی	non_verb	n. m.
شیب	non_verb	n. m.
شېبه	non_verb	n. f.
شیخ	non_verb	n. m. anim. unisex
شېخ	non_verb	n. m. anim. unisex
شیدې	non_verb	n. f. pl.
شېر	non_verb	n. m. anim. unisex
شیرچای	non_verb	n. m.
شیرګرم	non_verb	adj.
شیرمست	non_verb	n. m.
شیره	non_verb	n. f.
شیریخ	non_verb	n. m.
شیریخ	non_verb	n. m.
شیرین	non_verb	adj.
شیرین بویه	non_verb	n. f.
شیرین زبان	non_verb	adj.
شیریني	non_verb	n. f.
شیش	non_verb	n. m.
شیشکه	non_verb	n. f.
شیشکه	non_verb	n. f.
شیشکه	non_verb	n. f.
شیشه	non_verb	n. f.
شیطان	non_verb	n. m. anim. / adj.
شیطاني	non_verb	n. f. / adj.
شیطاني کول	dynamic_compound	v. dyn. comp. trans.
شیطنت	non_verb	n. m.
شېلاوه	non_verb	n. f.
شېله	non_verb	n. f.
شېله کول	dynamic_compound	v. dyn. comp. trans.
شېمپو	non_verb	n. f.
شیمه	non_verb	n. f.
شین	non_verb	adj.
شین غټه	non_verb	n. f.
شینجاوی	non_verb	n. m.
شیندل	non_verb	n. m.
شیندل	regular_simple	v. trans.
شینل	regular_simple	v. trans.
شېوه	non_verb	adj.
شېوه	non_verb	n. f.
شېوینګ کریم	non_verb	
ښاپرک	non_verb	n. m. anim. unisex
ښاپېرک	non_verb	n. m. anim. unisex
ښاپېرۍ	non_verb	n. f.
ښاخ	non_verb	n. m.
ښاخۍ	non_verb	n. f.
ښاد	non_verb	adj.
ښادول	regular_simple	v. stat. comp. trans.
ښادي	non_verb	n. f.
ښادي کول	dynamic_compound	v. dyn. comp. trans.
ښادېدل	stative_compound_standard	v. stat. comp. intrans.
ښار	non_verb	n. m.
ښارګوټی	non_verb	n. m.
ښارګی	non_verb	n. m.
ښارګی	non_verb	n. m.
ښارنی	non_verb	adj.
ښارو	non_verb	n. f.
ښاروال	non_verb	n. m. anim. unisex
ښارونۍ	non_verb	n. f.
ښاري	non_verb	adj.
ښاغپ	non_verb	n. m. anim. unisex
ښاغلی	non_verb	adj.
ښاغلی ګڼل	non_verb	
ښامار	non_verb	n. m. anim. unisex
ښانده	non_verb	n. f.
ښانک	non_verb	n. m.
ښایست	non_verb	n. m.
ښایسته	non_verb	adj.
ښایسته	non_verb	adj.
ښایسته کول	dynamic_compound	v. stat. comp. trans.
ښایسته کېدل	stative_compound_special	v. stat. comp. intrans.
ښایي	regular_simple	adv.
ښپه	non_verb	n. f.
ښپې ابلي	regular_simple	adv.
ښتکری	non_verb	n. m.
ښتګری	non_verb	n. m.
ښځمنه	non_verb	n. f. anim.
ښځه	non_verb	n. f.
ښځینه	non_verb	adj.
ښخ	non_verb	adj.
ښخول	regular_simple	v. stat. comp. trans.
ښخېدل	stative_compound_standard	v. stat. comp. intrans.
ښرا	non_verb	n. f.
ښکار	non_verb	n. m.
ښکارندویي	non_verb	n. f.
ښکاره	non_verb	adj.
ښکاره کول	dynamic_compound	v. stat. comp. trans.
ښکاره کېدل	stative_compound_special	v. stat. comp. intrans.
ښکارول	regular_simple	v. stat. comp. trans.
ښکاري	non_verb	n. m. anim. unisex
ښکارېدل	stative_compound_standard	v. stat. comp. intrans. opt. compl.
ښکالو	non_verb	n. f.
ښکته	regular_simple	loc. adv.
ښکته بره	regular_simple	adj. / adv.
ښکته پورته	regular_simple	adj. / adv.
ښکته کول	dynamic_compound	v. stat. comp. trans.
ښکته کېدل	stative_compound_special	v. stat. comp. intrans.
ښکر	non_verb	n. m.
ښکری	non_verb	n. m.
ښکل	non_verb	n. m.
ښکل	regular_simple	v. trans.
ښکلا	non_verb	n. f.
ښکلول	regular_simple	v. stat. comp. trans.
ښکلی	non_verb	adj.
ښکلی کول	dynamic_compound	v. stat. comp. trans.
ښکلی کېدل	stative_compound_special	v. stat. comp. intrans.
ښکنځا	non_verb	n. f.
ښکنځل	regular_simple	v. trans.
ښکنځله	non_verb	n. f.
ښکوی	non_verb	n. m.
ښکېل	non_verb	adj. / n. m.
ښکېل کېدل	stative_compound_special	v. stat. comp. intrans.
ښکېلاک	non_verb	n. m.
ښکېلاک سیمه	non_verb	n. f.
ښکېلاکګر	non_verb	n. m. anim. unisex
ښکېلتیا	non_verb	n. f.
ښندپال	non_verb	n. m. anim. unisex / adj.
ښندل	regular_simple	v. trans.
ښندنه	non_verb	n. f.
ښندی	non_verb	n. m. anim. unisex / adj.
ښنګ	non_verb	n m.
ښنګری	non_verb	n. m.
ښه	non_verb	adj.
ښه راغلاستي	non_verb	n. f.
ښه کول	dynamic_compound	v. stat. comp. trans.
ښه کېدل	stative_compound_special	v. stat. comp. intrans.
ښه نصیبه	non_verb	
ښه والی	non_verb	n. m.
ښه ورځ	non_verb	n. f.
ښهباز	non_verb	n. m. anim. unisex
ښهل	regular_simple	v. trans.
ښودل	regular_simple	v. trans.
ښودنه	non_verb	n. f.
ښودنه کول	dynamic_compound	v. dyn. comp. trans.
ښور	non_verb	n. m.
ښور	non_verb	n. m.
ښورښت	non_verb	n. m.
ښوره	non_verb	n. f.
ښوروا	non_verb	n. f.
ښورول	regular_simple	v. trans.
ښورېدل	stative_compound_standard	v. intrans.
ښوول	regular_simple	v. trans.
ښوونځی	non_verb	n. m.
ښوونکی	non_verb	n. m. anim. unisex
ښوونه	non_verb	n. f.
ښوونیز	non_verb	adj.
ښووونکی	non_verb	n. m. anim. unisex
ښوی	regular_simple	adj. / adv.
ښوېدل	stative_compound_standard	v. intrans.
ښویکی	non_verb	n. m. anim. unisex
ښویند	non_verb	adj.
ښویندار	non_verb	adj.
ښویول	regular_simple	v. trans.
ښویېدل	stative_compound_standard	v. intrans.
ښویېدونکی	non_verb	adj.
ښی	non_verb	adj.
ښی لاس	non_verb	
ښی لاسی	non_verb	adj.
ښی مټی	non_verb	adj.
ښیالمې	non_verb	n. f. pl.
ښېرا	non_verb	n. f.
ښېراز	non_verb	adj.
ښېرازه	non_verb	adj.
ښېرازېدل	stative_compound_standard	v. stat. comp. intrans.
ښېره	non_verb	n. f.
ښېرې	non_verb	
ښېرې کول	dynamic_compound	v. dyn. comp. trans.
ښیښن	non_verb	n. m. anim. unisex
ښیښه	non_verb	n. f.
ښیښه یي	non_verb	adj.
ښېګړه	non_verb	n. f.
ښېګړه کول	dynamic_compound	v. dyn. comp. trans.
ښېګڼه	non_verb	n. f.
ښېګڼه کول	dynamic_compound	v. dyn. comp. trans.
ښیل	regular_simple	v. trans.
ښینه	non_verb	n. f. anim.
ښینه	non_verb	n. f.
ښینې	non_verb	n. f.
صابون	non_verb	n. m.
صاحب	non_verb	n. m. anim. unisex
صاحبمنصب	non_verb	n. m. anim. unisex
صاحبه	non_verb	n. f. anim.
صادر	non_verb	adj. / n. m.
صادراتي	non_verb	adj.
صادرول	regular_simple	v. stat. comp. trans.
صادروونکی	non_verb	n. m. anim. unisex / adj.
صادرېدل	stative_compound_standard	v. stat. comp. intrans.
صادق	non_verb	adj.
صادقانه	regular_simple	adv. / adj.
صاف	non_verb	adj.
صاف باطن	non_verb	adj.
صاف ګو	non_verb	adj.
صالح	non_verb	adj.
صبا	regular_simple	n. m. / adv.
صبر	non_verb	n. m.
صبر کول	dynamic_compound	v. dyn. comp. trans.
صبرناک	non_verb	adj.
صبري	non_verb	adj.
صبغه	non_verb	n. f.
صحابه	non_verb	n. m. pl.
صحت	non_verb	n. m.
صحت مند	non_verb	adj.
صحتمند	non_verb	adj.
صحتیاب	non_verb	adj.
صحرا	non_verb	n. m.
صحن	non_verb	n. m.
صحنه	non_verb	n. f.
صحي	non_verb	adj.
صحیح	non_verb	adj.
صحیح کول	dynamic_compound	v. stat. comp. trans.
صحیح کېدل	stative_compound_special	v. stat. comp. intrans.
صحیح والی	non_verb	n. m.
صحیفه	non_verb	n. f.
صداقت	non_verb	n. m.
صدر	non_verb	n. m. anim. unisex
صدف	non_verb	n. m.
صدق	non_verb	n. m.
صدق	non_verb	n. m.
صدقه	non_verb	n. f.
صدمه	non_verb	n. f.
صدیق	non_verb	adj.
صراحت	non_verb	n. m.
صراحي	non_verb	n. f.
صراف	non_verb	n. m. anim. unisex
صراف خانه	non_verb	n. f.
صرف	regular_simple	adv.
صرف	non_verb	n. m.
صرفاً	regular_simple	adv.
صرفه	non_verb	n. f.
صرفه کول	dynamic_compound	v. dyn. comp. trans.
صریح	non_verb	adj.
صعود	non_verb	n. m.
صغیر	non_verb	adj.
صف	non_verb	n. m.
صفا	non_verb	adj.
صفا سوتره	non_verb	adj.
صفا کول	dynamic_compound	v. stat. comp. trans.
صفا کېدل	stative_compound_special	v. stat. comp. intrans.
صفاکاري	non_verb	n. f.
صفایي	non_verb	n. f.
صفت	non_verb	n. m.
صفت کول	dynamic_compound	v. dyn. comp. trans.
صفحه	non_verb	n. f.
صفحه بندي	non_verb	n. f.
صفر	non_verb	num.
صفرا	non_verb	n. f.
صلا	non_verb	n. f.
صلابت	non_verb	n. m.
صلاح	non_verb	n. f.
صلاحیت	non_verb	n. m.
صلاحیت نامه	non_verb	n. f.
صلح	non_verb	n. f.
صلح آمېز	non_verb	adj.
صلح کول	dynamic_compound	v. dyn. comp. trans.
صلحه	non_verb	n. f.
صلحه کول	dynamic_compound	v. dyn. comp. trans.
صلیب	non_verb	n. m.
صمصام	non_verb	n. m.
صمیمانه	regular_simple	adj. / adv.
صمیمي	non_verb	adj.
صمیمیت	non_verb	n. m.
صندوق	non_verb	n. m.
صندوقچه	non_verb	n. f.
صنعت	non_verb	n. m.
صنعتي	non_verb	adj.
صنف	non_verb	n. m.
صهبابء	non_verb	n. f.
صهیونزم	non_verb	n. m.
صواب	non_verb	n. m.
صواب لټول	regular_simple	v. dyn. comp. trans.
صوبه	non_verb	n. f.
صوت	non_verb	n. m.
صورت	non_verb	n. m.
صورت حال	non_verb	n. m.
صوفي	non_verb	n. m. anim. unisex / adj.
صومعه	non_verb	n. f.
صیاد	non_verb	n. m. anim. unisex
صیب	non_verb	n. m. anim. unisex
صېب	non_verb	n. m. anim. unisex
صیبه	non_verb	n. f. anim.
صېبه	non_verb	n. f. anim.
صیغه	non_verb	n. f.
ضابط	non_verb	adj. / n. m.
ضایع	non_verb	adj.
ضایع کول	dynamic_compound	v. stat. comp. trans.
ضایع کول	dynamic_compound	v. stat. comp. trans.
ضایع کېدل	stative_compound_special	v. stat. comp. intrans.
ضبط	non_verb	n. m.
ضد	non_verb	adj. / n. m.
ضدي	non_verb	adj.
ضراب خانه	non_verb	n. f.
ضرب	non_verb	n. m.
ضربه	non_verb	n. f.
ضربول	regular_simple	v. stat. comp. trans.
ضرر	non_verb	n. m.
ضرور	regular_simple	adj. / adv.
ضرورت	non_verb	n. m.
ضروري	non_verb	adj.
ضعف	non_verb	n. m.
ضعف	non_verb	n. m.
ضعیف	non_verb	adj.
ضلع	non_verb	n. f.
ضلعه	non_verb	n. f.
ضمان	non_verb	n. m.
ضمانت	non_verb	n. m.
ضمني	non_verb	adj.
ضمیر	non_verb	n. m.
ضمیمه	non_verb	n. f.
ضیف	non_verb	n. m.
طاس	non_verb	adj. / n. m. anim. unisex
طاس	non_verb	n. m.
طاعون	non_verb	n. m.
طاغوت	non_verb	n. m.
طاق	non_verb	n. m.
طاقت	non_verb	n. m.
طاقت کول	non_verb	
طاقت لګول	regular_simple	v. dyn. comp. trans.
طاقتور	non_verb	adj.
طاقچه	non_verb	n. f.
طالب	non_verb	n. m. anim. unisex
طالب العلم	non_verb	n. m. anim. unisex
طالع	non_verb	n. m.
طالع کتونکی	non_verb	n. m. anim. unisex
طالعمن	non_verb	adj.
طالعمند	non_verb	adj.
طاوس	non_verb	n. m. anim. unisex
طایفه	non_verb	n. f.
طایفه	non_verb	n. f.
طب	non_verb	n. m.
طبابت	non_verb	n. m.
طباشیر	non_verb	n. m.
طبعاً	regular_simple	adv.
طبعاً	regular_simple	adv.
طبقاتي	non_verb	adj.
طبقاتي استحصال	non_verb	n. m.
طبقه	non_verb	n. f.
طبقه بندي	non_verb	n. f.
طبقه بندي	non_verb	n. f.
طبي	non_verb	adj.
طبیب	non_verb	n. m. anim. unisex.
طبیعت	non_verb	n. m.
طبیعت پرستي	non_verb	n. f.
طبیعتاً	regular_simple	adv.
طبیعي	non_verb	adj.
طرح	non_verb	n. f.
طرحه	non_verb	n. f.
طرز	non_verb	n. m.
طرف	non_verb	n. m.
طرفدار	non_verb	n. m. anim. unisex
طرفداري	non_verb	n. f.
طرفداري کول	dynamic_compound	v. dyn. comp. trans.
طریقت	non_verb	n. m.
طریقه	non_verb	n. f.
طعام خانه	non_verb	n. f.
طعظیم	non_verb	n. m.
طعظیم کول	dynamic_compound	v. dyn. comp. trans.
طعن	non_verb	n. m.
طفلي	non_verb	adj.
طفلي	non_verb	n. f.
طفولیت	non_verb	n. m.
طلا	non_verb	n. f.
طلاق	non_verb	n. m.
طلاقول	regular_simple	v. stat. comp. trans.
طلایي	non_verb	adj.
طلب	non_verb	n. m.
طلب ګاري	non_verb	n. f.
طلبول	regular_simple	v. stat. comp. trans.
طلبېدل	stative_compound_standard	v. stat. comp. intrans.
طلسم	non_verb	n. m.
طمعه	non_verb	n. f.
طنز	non_verb	n. m.
طنزي	non_verb	adj.
طواف	non_verb	n. m.
طواف	non_verb	n. m.
طوپاز	non_verb	n. m. / adj.
طور	non_verb	n. m.
طوطي	non_verb	n. f.
طوفان	non_verb	n. m.
طوفاني	non_verb	adj.
طول	non_verb	n. m.
طومار	non_verb	n. m.
طی	non_verb	n. m.
طی کول	dynamic_compound	v. stat. comp. trans.
طیاره	non_verb	n. f.
ظالم	non_verb	n. m. anim. unisex / adj.
ظالمانه	regular_simple	adj. / adv.
ظاهر	non_verb	adj. / n. m.
ظاهراً	regular_simple	adv.
ظاهره	non_verb	adj.
ظاهره کول	dynamic_compound	v. stat. comp. trans.
ظاهره کېدل	stative_compound_special	v. stat. comp. intrans.
ظاهرول	regular_simple	v. stat. comp. trans.
ظاهري	non_verb	adj.
ظاهرېدل	stative_compound_standard	v. stat. comp. intrans.
ظرف	non_verb	n. m.
ظرفیت	non_verb	n. m.
ظل	non_verb	n. m.
ظلم	non_verb	n. m.
ظلم رسیده	non_verb	adj.
ظلم کول	dynamic_compound	v. dyn. comp. trans.
ظهر	non_verb	n. m.
ظهر	non_verb	n. m.
ظهور	non_verb	n. m.
ظهور کول	dynamic_compound	v. dyn. comp. trans.
عاجز	non_verb	adj.
عاجز طبعیت	non_verb	adj.
عاجزانه	regular_simple	adj. / adv.
عاجزي	non_verb	n. f.
عاجل	non_verb	adj.
عاجلانه	regular_simple	adv.
عادت	non_verb	n. m.
عادت کېدل	stative_compound_special	v. stat. comp. intrans.
عادل	non_verb	adj.
عادي	non_verb	adj.
عارضي	non_verb	adj.
عارف	non_verb	adj.
عاریت	non_verb	n. m.
عاریتاً	regular_simple	adj. / adv.
عاریتي	non_verb	adj.
عاریتي وېښتان	non_verb	n. m. pl.
عاشق	non_verb	n. m. anim. unisex / adj.
عاشق کېدل	stative_compound_special	v. stat. comp. intrans.
عاشقي	non_verb	n. f.
عاطف	non_verb	adj.
عاطفه	non_verb	n. f.
عافیت	non_verb	n. m.
عاق	non_verb	adj.
عاقبت	non_verb	n. m.
عاقل	non_verb	adj.
عاقلانه	regular_simple	adj. / adv.
عالم	non_verb	n. m.
عالم	non_verb	n. m. anim. unisex / adj.
عالمګیر	non_verb	adj.
عالي	non_verb	adj.
عام	non_verb	adj.
عام طور	regular_simple	adv.
عامل	non_verb	n. m.
عامول	regular_simple	v. stat. comp. trans.
عامېدل	stative_compound_standard	v. stat. comp. intrans.
عاید	non_verb	adj.
عاید	non_verb	n. m.
عایله	non_verb	n. f.
عبادت	non_verb	n. m.
عبادت کول	dynamic_compound	v. dyn. comp. trans.
عبادتځای	non_verb	n. m.
عبادتځی	non_verb	n. m.
عبارت	non_verb	adj. / n. m.
عبث	non_verb	adj.
عبثول	regular_simple	v. stat. comp. trans.
عبثېدل	stative_compound_standard	v. stat. comp. intrans.
عبراني	non_verb	adj. / n. f.
عبرت	non_verb	n. m.
عبرت ناک	non_verb	adj.
عبوس	non_verb	adj.
عتا	non_verb	n. f.
عتاب	non_verb	n. m.
عتاب	non_verb	n. m.
عتیقه	non_verb	adj.
عثماني	non_verb	adj.
عجایب	non_verb	n. m. pl.
عجب	non_verb	adj.
عجله	non_verb	n. f.
عجول	non_verb	adj.
عجولانه	regular_simple	adv.
عجولي	non_verb	n. f.
عجیب	non_verb	adj. / n. m.
عجیب الشکل	non_verb	adj.
عجیبه	non_verb	adj.
عدالت	non_verb	n. m.
عدالت کول	dynamic_compound	v. dyn. comp. trans.
عدالتي	non_verb	n. f.
عدد	non_verb	n. m.
عددي	non_verb	adj.
عدس	non_verb	n. m.
عدل	non_verb	n. m.
عدل	non_verb	n. m.
عدلي	non_verb	adj.
عدلیه	non_verb	n. f.
عدم	non_verb	pref.
عدم اطاعت	non_verb	n. m.
عدم بلدیت	non_verb	n. m.
عدم تثبیت	non_verb	n. m.
عدم تشدد	non_verb	n. m.
عدم توافق	non_verb	n. m.
عدم رضایت	non_verb	n. m.
عدم صلاحیت	non_verb	n. m.
عدم مداخلت	non_verb	n. m.
عدن	non_verb	n. m.
عدیل	non_verb	adj.
عذاب	non_verb	n. m.
عذابول	regular_simple	v. stat. comp. trans.
عذابېدل	stative_compound_standard	v. stat. comp. intrans.
عذر	non_verb	n. m.
عراق	non_verb	n. m.
عراقی	non_verb	n. m. anim. unisex
عرب	non_verb	
عربستان	non_verb	n. m.
عربي	non_verb	
عرش	non_verb	n. m.
عرض	non_verb	n. m.
عرض	non_verb	n. m.
عرض	non_verb	n. m.
عرض کول	non_verb	
عرضه	non_verb	n. f.
عرضي	non_verb	n. f.
عرف	non_verb	n. m.
عرفان	non_verb	n. m.
عرفي	non_verb	adj.
عروج	non_verb	n. m.
عریضه	non_verb	n. f.
عزاز	non_verb	n. m.
عزازیل	non_verb	
عزت	non_verb	n. m.
عزت کول	dynamic_compound	v. dyn. comp. trans.
عزت لوټل	non_verb	
عزتدار	non_verb	adj.
عزتمن	non_verb	adj.
عزتمند	non_verb	adj.
عزم	non_verb	n. m.
عزیز	non_verb	adj. / n. m. anim. unisex
عزیز لرل	regular_simple	v. dyn. comp. trans.
عزیزداري	non_verb	n. f.
عسکر	non_verb	n. m.
عسکري	non_verb	adj.
عسل	non_verb	n. m.
عشایي رباني	non_verb	n. f.
عشر	non_verb	n. m.
عشرت	non_verb	n. m.
عشق	non_verb	n. m.
عشق کول	dynamic_compound	v. dyn. comp. trans.
عصا	non_verb	n. f.
عصابي	non_verb	adj.
عصب	non_verb	n. m.
عصب پوهنه	non_verb	n. f.
عصبي	non_verb	adj. / n. f.
عصر	non_verb	n. m.
عصري	non_verb	adj.
عصفور	non_verb	n. m. anim.
عضلات	non_verb	n. m. pl.
عضله	non_verb	n. f.
عضمت	non_verb	n. m.
عضو	non_verb	n. m.
عضویت	non_verb	n. m.
عطر	non_verb	n. m.
عطري	non_verb	adj.
عطوفت	non_verb	n. m.
عظمت	non_verb	n. m.
عظیم	non_verb	adj.
عفت	non_verb	n. m.
عفونت	non_verb	n. m.
عفوه	non_verb	n. f.
عفوه کول	dynamic_compound	v. stat. comp. trans.
عقد	non_verb	n. m.
عقد	non_verb	n. m. pl.
عقده	non_verb	adj.
عقده	non_verb	n. f.
عقل	non_verb	n. m.
عقل خوځېدلی	non_verb	adj.
عقل مند	non_verb	adj.
عقلمند	non_verb	n. m. anim. unisex / adj.
عقیدت	non_verb	n. m.
عقیدتي	non_verb	adj.
عقیده	non_verb	n. f.
عقیدوي	non_verb	adj.
عکاسي	non_verb	n. f.
عکس	non_verb	n. m.
عکس العمل	non_verb	n. m.
عکس برداري	non_verb	n. f.
علاج	non_verb	n. m.
علاج پذیر	non_verb	adj.
علاج کول	dynamic_compound	v. dyn. comp. trans.
علاج نا پذیر	non_verb	adj.
علاجول	regular_simple	v. stat. comp. trans.
علاقایي	non_verb	adj.
علاقه	non_verb	n. f.
علاقه بند	non_verb	n. m.
علاقه دار	non_verb	adj.
علاقه داري	non_verb	n. f.
علاقه مند	non_verb	adj.
علاقه مندي	non_verb	n. f.
علام	non_verb	
علامت	non_verb	
علامتي بورډ	non_verb	n. m.
علامه	non_verb	adj. / n. m.
علامه	non_verb	n. f.
علانیه	regular_simple	adv.
علاوه	non_verb	
علائم	non_verb	
علت	non_verb	n. m.
علت او معلول	non_verb	n. m. pl. ??
علم	non_verb	n. m.
علم	non_verb	n. m.
علمي	non_verb	adj.
علمیت	non_verb	n. m.
علناً	regular_simple	adv.
علني	non_verb	adj.
علیحده	regular_simple	adj. / adv.
علېک سلېک	non_verb	
عمارت	non_verb	n. m.
عمداً	regular_simple	adv.
عمده	non_verb	adj.
عمده فروشي	non_verb	n. f.
عمده فروشي	non_verb	n. f.
عمر	non_verb	n. m.
عمره	non_verb	n. f.
عمري	non_verb	adj.
عمل	non_verb	n. m.
عمل کول	dynamic_compound	v. dyn. comp. trans.
عمل نامه	non_verb	n. f.
عملاً	regular_simple	adv.
عملبند	non_verb	adj.
عمله	non_verb	n. f.
عملونه	non_verb	n. m. pl.
عملي	non_verb	adj.
عملي	non_verb	n. m. anim. unisex / adj.
عملي کول	dynamic_compound	v. stat. comp. trans.
عملي کېدل	stative_compound_special	v. stat. comp. intrans.
عملیات	non_verb	n. m. / n. m. pl. ??
عمه	non_verb	n. f.
عمه	non_verb	n. f. anim.
عمودي	non_verb	adj.
عموم	non_verb	n. m.
عموماً	regular_simple	adv.
عمومي	non_verb	adj.
عمومي بښنه	non_verb	n. f.
عمومي عفوه	non_verb	n. f.
عمیق	non_verb	adj.
عمیق	non_verb	adj.
عن	regular_simple	adv.
عنبیه	non_verb	n. f.
عندي	non_verb	adj.
عنصر	non_verb	n. m.
عنعنه	non_verb	n. f.
عنعنه پسند	non_verb	adj.
عنوان	non_verb	n. m.
عهد	non_verb	n. m.
عهد شکني	non_verb	n. f.
عهده	non_verb	n. f.
عوام	non_verb	n. m. pl.
عوامي	non_verb	adj.
عورت	non_verb	
عوض	non_verb	n. m.
عیار	non_verb	adj. / n. m.
عیارول	regular_simple	v. stat. comp. trans.
عیاش	non_verb	adj.
عیاشي	non_verb	n. f.
عیان	non_verb	adj.
عیانول	regular_simple	v. stat. comp. trans.
عیانېدل	stative_compound_standard	v. stat. comp. intrans.
عیب	non_verb	n. m.
عید	non_verb	n. m.
عیساوي	non_verb	adj. / n. m. anim. unisex
عیسایت	non_verb	n. m.
عیسایي	non_verb	n. m. anim. unisex / adj.
عیسوي	non_verb	n. m. anim. unisex / adj.
عیسویت	non_verb	n. m.
عیسی	non_verb	n. m.
عیسیٰ	non_verb	n. m.
عیسی علیه السلام	non_verb	n. m.
عیسیٰ علیه السلام	non_verb	n. m.
عیسی مسیح	non_verb	n. m.
عیسیٰ مسیح	non_verb	n. m.
عیش	non_verb	n. m.
عیش کول	dynamic_compound	v. dyn. comp. trans.
عین	regular_simple	n. m. / adv.
عینکه	non_verb	n. f.
عینکې	non_verb	n. f. pl.
عیني	non_verb	adj.
عینیت	non_verb	n. m.
غاب	non_verb	n. m.
غاټول	non_verb	n. m.
غاټوی	non_verb	n. m.
غار	non_verb	n. m.
غاړپټۍ	non_verb	n. f.
غاړه	non_verb	n. f.
غاړه اېښودل	regular_simple	v. dyn. comp. trans.
غاړه غټۍ	non_verb	n. f.
غاړه غټۍ راتلل	non_verb	
غاړه غجي	non_verb	n. f.
غاړه غړۍ	non_verb	n. f.
غاړه وتل	non_verb	
غاړه ورکول	regular_simple	v. dyn. comp. trans.
غاړې روغبړ	non_verb	n. m.
غاز	non_verb	n. m.
غازي	non_verb	n. m. anim. unisex
غاښ	non_verb	n. m.
غاښ تار	non_verb	n. m.
غاښ چیچن	non_verb	adj.
غاښ چیچی	non_verb	n. m.
غاښ ولۍ	non_verb	n. f.
غافل	non_verb	adj.
غافلانه	regular_simple	adv.
غالب	non_verb	adj.
غالب کېدل	stative_compound_special	v. stat. comp. intrans.
غالباً	regular_simple	adv.
غالۍ	non_verb	n. f.
غاور	non_verb	adj.
غایب	non_verb	adj.
غائب	non_verb	adj.
غایب والی	non_verb	n. m.
غایبېدل	stative_compound_standard	v. stat. comp. intrans.
غائط	non_verb	n. m.
غائطه	non_verb	n. f.
غبار	non_verb	n. m.
غباره	non_verb	n. f.
غبرګ	regular_simple	adj. / adv.
غبرګول	regular_simple	v. stat. comp. trans.
غبرګولی	non_verb	n. m.
غبرګولي	non_verb	n. m. pl.
غبرګون	non_verb	n. m.
غبرګونی	non_verb	n. m. anim. unisex
غبغب	non_verb	n. m.
غبن	non_verb	n. m.
غبن کول	dynamic_compound	v. dyn. comp. trans.
غبي	non_verb	adj.
غپ	non_verb	n. m.
غپا	non_verb	n. f.
غپل	regular_simple	v. gramm. trans.
غپول	regular_simple	v. trans.
غپېدل	stative_compound_standard	v. intrans.
غټ	non_verb	adj.
غټ نسی	non_verb	adj. / n.m. anim. unisex
غټکی	non_verb	n. m. anim. unisex
غټه غوښه	non_verb	n. f.
غټه کولمه	non_verb	n. f.
غټوالی	non_verb	n. m.
غټول	regular_simple	v. stat. comp. trans.
غټېدل	stative_compound_standard	v. stat. comp. intrans.
غځول	regular_simple	v. trans.
غځونه	non_verb	n. f.
غځونه کول	dynamic_compound	v. dyn. comp. trans.
غځېدل	stative_compound_standard	v. intrans.
غچ	non_verb	n. m.
غچ اخیستل	regular_simple	v. dyn. comp. trans.
غدار	non_verb	n. m. anim. unisex / adj.
غداري	non_verb	n. f.
غدر	non_verb	n. m.
غده	non_verb	n. f.
غذا	non_verb	n. f.
غذایي	non_verb	adj.
غر	non_verb	n. m.
غر ختونکی	non_verb	n. m. anim. unisex
غر غچ	non_verb	n. m.
غر غڅ	non_verb	n. m.
غرامت	non_verb	n. m.
غرب	non_verb	n. m.
غربت	non_verb	n. m.
غربول	regular_simple	v. trans.
غربي	non_verb	adj.
غربي طول	non_verb	n. m.
غربېدل	stative_compound_standard	v. intrans.
غرت	non_verb	n. m.
غرڅپه	non_verb	n. f.
غرڅنۍ	non_verb	n. f. anim.
غرڅه	non_verb	n. f. anim.
غرڅه	non_verb	n. m. anim.
غرختونکی	non_verb	n. m. anim. unisex
غرسکی	non_verb	n. m.
غرض	non_verb	n. m. / adj. ??
غرض کول	dynamic_compound	v. dyn. comp. trans.
غرغره	non_verb	n. f.
غرفه	non_verb	n. f.
غرق	non_verb	adj.
غرقول	regular_simple	v. stat. comp. trans.
غرقېدل	stative_compound_standard	v. stat. comp. intrans.
غرمنی	non_verb	adj.
غرمنی خوب	non_verb	n. m.
غرمه	non_verb	n. f.
غرمی	non_verb	adj.
غرنده	non_verb	n. f.
غروال	non_verb	n. m.
غروب	non_verb	n. m.
غرور	non_verb	n. m.
غرول	regular_simple	v. trans.
غریب	non_verb	adj. / n. m. anim. unisex
غریبانه	non_verb	adj.
غریبي	non_verb	n. f.
غرېدل	stative_compound_standard	v. intrans.
غریز	non_verb	adj.
غریزه	non_verb	n. f.
غریو	non_verb	adj. / n. m.
غرېو	non_verb	n. f.
غرېو	non_verb	n. m.
غرېوناک	non_verb	adj.
غړ	non_verb	n. m.
غړپ	non_verb	n. m.
غړپ کول	dynamic_compound	v. dyn. comp. trans.
غړپل	non_verb	
غړڅکی	non_verb	n. m.
غړڅکی	non_verb	n. m.
غړڅکی	non_verb	n. m.
غړغړه	non_verb	n. f.
غړغړه کول	dynamic_compound	v. dyn. comp. trans.
غړغړې کول	dynamic_compound	v. dyn. comp. trans.
غړل	non_verb	
غړمب	non_verb	n. m.
غړمباری	non_verb	n. m.
غړمبېدل	stative_compound_standard	v. intrans.
غړند	non_verb	adj.
غړندول	regular_simple	v. stat. comp. trans.
غړندېدل	stative_compound_standard	v. stat. comp. intrans.
غړوسکه	non_verb	n. f.
غړول	regular_simple	v. trans.
غړوم	non_verb	n. m.
غړومبل	regular_simple	v. gramm. trans.
غړومبنه	non_verb	n. f.
غړومبول	regular_simple	v. trans.
غړومبېدل	stative_compound_standard	v. intrans.
غړی	non_verb	n. m.‌ unisex
غړۍ	non_verb	n. f.
غړیتوب	non_verb	n. m.
غړېدل	stative_compound_standard	v. intrans.
غز	non_verb	n. m.
غز	non_verb	n. m.
غزا	non_verb	n. f.
غزل	non_verb	n. m.
غزه	non_verb	n. f.
غزول	regular_simple	v. trans.
غژهار	non_verb	n. m.
غږ	non_verb	n. m.
غږ کول	dynamic_compound	v. gen. stat./dyn. comp. trans.
غږاوه	non_verb	n. m.
غږه	non_verb	n. f.
غږول	regular_simple	v. trans.
غږوونکی	non_verb	n. m. anim. unisex
غږېدل	stative_compound_standard	v. intrans.
غږیز	non_verb	adj.
غسل	non_verb	n. m.
غسل خانه	non_verb	n. f.
غسل کول	dynamic_compound	v. dyn. comp. trans.
غشا	non_verb	n. f.
غشی	non_verb	n. m.
غښتل	regular_simple	v. trans.
غښتلی	non_verb	adj.
غښتنه	non_verb	n. f.
غصه	non_verb	n. f.
غصه کېدل	stative_compound_special	v. stat. comp. intrans.
غصه ناک	non_verb	adj.
غضب	non_verb	n. m.
غضب ناک	non_verb	adj.
غضروف	non_verb	n. m.
غضروفدار	non_verb	adj.
غضروفي	non_verb	adj.
غفران	non_verb	n. m.
غفلت	non_verb	n. m.
غفور	non_verb	n. m.
غل	non_verb	n. m. anim. unisex
غل غوبل	non_verb	n. m.
غلا	non_verb	n. f.
غلا کول	dynamic_compound	v. dyn. comp. trans.
غلام	non_verb	n. m. anim. unisex
غلامانه	regular_simple	adv. / adv.
غلامي	non_verb	n. f.
غلاوزه	non_verb	n. f. anim.
غلاوزه	non_verb	n. f. anim.
غلاوې	non_verb	n. f. pl.
غلبلې	non_verb	n. f. pl.
غلبلې کول	dynamic_compound	v. dyn. comp. trans.
غلبه	non_verb	n. f.
غلبه کول	dynamic_compound	v. dyn. comp. trans.
غلبوزه	non_verb	n. f. anim.
غلبېل	non_verb	n. m.
غلبېل کول	dynamic_compound	v. stat. comp. trans.
غلبېل کېدل	stative_compound_special	v. stat. comp. intrans.
غلط	non_verb	n. m. / adj.
غلط خبر	non_verb	
غلط فکري	non_verb	n. f.
غلطول	regular_simple	v. stat. comp. trans.
غلطي	non_verb	n. f.
غلطي کول	dynamic_compound	v. dyn. comp. trans.
غلطېدل	stative_compound_standard	v. stat. comp. intrans.
غلمغال	non_verb	n. m.
غله	non_verb	n. f.
غله باب	non_verb	n. m.
غله بود	non_verb	adj.
غله خېز	non_verb	adj.
غلوځه	non_verb	n. f.
غلی	non_verb	adj.
غلی غلی	regular_simple	adv. doub.
غلی کول	dynamic_compound	v. stat. comp. trans.
غلی کېدل	stative_compound_special	v. stat. comp. intrans.
غلیظ	non_verb	adj.
غلیلاک	non_verb	n. m.
غلیم	non_verb	n. m. anim. unisex
غلیواج	non_verb	n. m.
غلئي	non_verb	n. f.
غم	non_verb	n. m.
غم شریکي	non_verb	n. f.
غم کش	non_verb	adj.
غم کول	dynamic_compound	v. dyn. comp. trans.
غماز	non_verb	n. m.
غمازي	non_verb	n. f.
غماشه	non_verb	n. f. anim.
غمانی	non_verb	n. m.
غمجن	non_verb	n. m.
غمجنول	regular_simple	v. stat. comp. trans.
غمجنېدل	stative_compound_standard	v. stat. comp. intrans.
غمرازي	non_verb	n. f.
غمرازي کول	dynamic_compound	v. dyn. comp. trans.
غمګین	non_verb	adj.
غمی	non_verb	n. m.
غمېدل	stative_compound_standard	v. intrans.
غمیزه	non_verb	n. f.
غنجه	non_verb	adj.
غنځاښی	non_verb	n. m.
غنچک	non_verb	n. m.
غنچه	non_verb	n. f.
غندل	non_verb	n. m.
غندل	regular_simple	v. trans.
غندنه	non_verb	n. f.
غنګ	non_verb	n. f.
غنګا	non_verb	n. f.
غنګهار	non_verb	n. m.
غنګوری	non_verb	n. m.
غنم	non_verb	n. m. pl.
غنم رنګ	non_verb	adj.
غنم رنګی	non_verb	adj.
غنم غونی	non_verb	adj.
غنم ګره	non_verb	n. f.
غنه	non_verb	n. f.
غني	non_verb	adj.
غني ترین	non_verb	adj.
غني کول	dynamic_compound	v. stat. comp. trans.
غني کېدل	stative_compound_special	v. stat. comp. intrans.
غنیمت	non_verb	n. m.
غڼه	non_verb	n. f.
غوا	non_verb	n. f. anim.
غوایه	non_verb	n. f. anim.
غوایه	non_verb	n. m. anim.
غوایی	non_verb	n. m. anim.
غوبری	non_verb	n. m.
غوبل	non_verb	n. m.
غوبل جوړول	regular_simple	v. dyn. comp. trans.
غوبلول	regular_simple	v. stat. comp. trans.
غوبلېدل	stative_compound_standard	v. stat. comp. intrans.
غوپه	non_verb	n. f.
غوپه ورکول	non_verb	
غوپه وهل	dynamic_compound	v. dyn. comp. trans.
غوټ	non_verb	n. m. / adj.
غوټن	non_verb	adj.
غوټندی	non_verb	n. m.
غوټندی	non_verb	n. m.
غوټه	non_verb	n. f.
غوټه	non_verb	n. f.
غوټه اچول	regular_simple	v. dyn. comp. trans.
غوټه کول	dynamic_compound	v. stat. comp. trans.
غوټه کېدل	stative_compound_special	v. stat. comp. intrans.
غوټه ورکول	regular_simple	v. dyn. comp. trans.
غوټه وهل	dynamic_compound	v. dyn. comp. trans.
غوټه وهنه	non_verb	n. f.
غوټول	regular_simple	v. stat. comp. trans.
غوټۍ	non_verb	n. f.
غوجل	non_verb	n. f.
غوجله	non_verb	n. f.
غوڅ	non_verb	n. m. / adj.
غوڅاوو	non_verb	adj.
غوڅول	regular_simple	v. stat. comp. trans.
غور	non_verb	adj.
غور	non_verb	n. m.
غور غور	non_verb	n. m.
غور غور کول	dynamic_compound	v. dyn. comp. trans.
غور کول	dynamic_compound	v. dyn. comp. trans.
غور نیکه	non_verb	n. m. anim. unisex
غوراوی	non_verb	n. m.
غورځنګ	non_verb	n. m.
غورځول	regular_simple	v. trans.
غورځونه	non_verb	n. f.
غورځی	non_verb	n. m.
غورځېدل	stative_compound_standard	v. intrans.
غورځېدن	non_verb	adj.
غورزول	regular_simple	v. trans.
غورله انا	non_verb	n. f. anim.
غورنیکه	non_verb	n. m.
غوره	non_verb	adj. / n. f.
غوره	non_verb	
غوره انا	non_verb	n. f.
غوره کول	dynamic_compound	v. stat. comp. trans.
غوره نیا	non_verb	n. f.
غوری	non_verb	n. m.
غورېدل	stative_compound_standard	v. intrans.
غوړ	non_verb	n. m. pl. / adj.
غوړپ	non_verb	n. m.
غوړپ	non_verb	n. m.
غوړپول	regular_simple	v. stat. comp. trans.
غوړپېدل	stative_compound_standard	v. stat. comp. intrans.
غوړژبي	non_verb	n. f.
غوړژبي کول	dynamic_compound	v. dyn. comp. trans.
غوړم	non_verb	n. m.
غوړنجه	non_verb	n. f.
غوړه مالي	non_verb	n. f.
غوړه مالي کول	dynamic_compound	v. dyn. comp. trans.
غوړول	irregular_one_off	v. stat. comp. trans.
غوړول	irregular_one_off	v. trans.
غوړي	non_verb	n. m. pl.
غوړېدل	stative_compound_standard	v. intrans.
غوړېدل	stative_compound_standard	v. stat. comp. intrans.
غوړین	non_verb	adj.
غوز	non_verb	n. m.
غوز	non_verb	n. m.
غوزار	non_verb	adj.
غوزارول	regular_simple	v. stat. comp. trans.
غوزارېدل	stative_compound_standard	v. stat. comp. intrans.
غوزه	non_verb	n. f.
غوزی	non_verb	n. m.
غوږ	non_verb	n. m.
غوږ سخا کېدل	non_verb	
غوږ کېدل	stative_compound_special	v. stat. comp. intrans.
غوږ نیول	regular_simple	v. dyn. comp. trans.
غوږوالی	non_verb	n. m.
غوږور	non_verb	adj.
غوږول	regular_simple	v. trans.
غوږۍ	non_verb	n. f.
غوسه	non_verb	n. f.
غوسه کول	dynamic_compound	v. stat. comp. trans.
غوسه کېدل	stative_compound_special	v. stat. comp. intrans.
غوسه ناک	non_verb	adj.
غوښتل	modal	v. trans.
غوښتنه	non_verb	n. f.
غوښتونکی	non_verb	adj.
غوښلن	non_verb	adj.
غوښن	non_verb	adj.
غوښه	non_verb	n. f.
غوښه نیول	regular_simple	v. dyn. comp. trans.
غوښور	non_verb	adj.
غوښین	non_verb	adj.
غوصه کېدل	stative_compound_special	v. stat. comp. intrans.
غوغا	non_verb	n. f.
غوغا کول	dynamic_compound	v. dyn. comp. trans.
غول	non_verb	adj.
غول	non_verb	n. m.
غول	non_verb	n. m.
غول	non_verb	n. m.
غول	non_verb	n. m. pl.
غول کول	dynamic_compound	v. dyn. comp. trans.
غولانځ	non_verb	n. f.
غولانځه	non_verb	n. f.
غولکه	non_verb	n. f.
غوله کمانه	non_verb	n. f.
غولول	regular_simple	v. trans.
غولی	non_verb	n. m.
غولي ناسته	non_verb	n. f.
غولېدل	stative_compound_standard	v. intrans.
غوماشه	non_verb	n. f.
غومبر	non_verb	n. m.
غومبره	non_verb	n. f.
غومبسه	non_verb	n. f.
غومبوری	non_verb	n. m.
غومبوري کول	non_verb	
غومېدل	stative_compound_standard	v. intrans.
غونبۍ	non_verb	n. f.
غونج	non_verb	adj.
غونجول	regular_simple	v. stat. comp. trans.
غونجېدل	stative_compound_standard	v. stat. comp. intrans.
غونده	non_verb	n. f.
غوندې	non_verb	
غونډ	non_verb	adj.
غونډاری	non_verb	n. m.
غونډسکه	non_verb	n. f.
غونډل	non_verb	n. m.
غونډله	non_verb	n. f.
غونډه	non_verb	n. f.
غونډوس	non_verb	n. m.
غونډوسکی	non_verb	n. m.
غونډول	regular_simple	v. stat. comp. trans.
غونډی	non_verb	n. f.
غونډۍ	non_verb	n. f.
غونډېدل	stative_compound_standard	v. stat. comp. intrans.
غونی	non_verb	n. m.
غوول	regular_simple	v. trans.
غویمنډ	non_verb	n. m.
غویی	non_verb	n. m.
غیب	non_verb	adj.
غیب	non_verb	n. m.
غیبت	non_verb	n. m.
غیبت کول	dynamic_compound	v. dyn. comp. trans.
غیبګو	non_verb	n. m.
غیبګویي	non_verb	n. f.
غیبول	regular_simple	v. stat. comp. trans.
غیبېدل	stative_compound_standard	v. stat. comp. intrans.
غیر	non_verb	pref.
غیر اباد	non_verb	adj.
غیر اختیاري	regular_simple	adv.
غیر ارادي	regular_simple	adv.
غیر حاضر	non_verb	adj.
غیر حاضري	non_verb	n. f.
غیر حقیقي	non_verb	adj.
غیر رسمي	non_verb	adj.
غیر ضروري	non_verb	adj.
غیر طبیعي	non_verb	adj.
غیر عادي	non_verb	adj.
غیر فاني	non_verb	adj.
غیر قانوني	non_verb	adj.
غیر قدرتي	non_verb	adj.
غیر محفوظ	non_verb	adj.
غیر مستقیم	regular_simple	adj. / adv.
غیر معمولي	non_verb	adj.
غیر منظم	regular_simple	adj. / adv.
غیر واضح	non_verb	adj.
غیرت	non_verb	n. m.
غیرتمن	non_verb	adj.
غیرتي	non_verb	adj.
غیرشرعي	non_verb	adj.
غیرقانوني	non_verb	adj.
غیرملک	non_verb	n. m.
غیرملکي	non_verb	adj. / n. m.
غیرنظامي	non_verb	adj.
غیریهودي	non_verb	adj. / n. m. anim. unisex
غېږ	non_verb	n. f.
غېږباسي	non_verb	n. f.
غیڼ	non_verb	n. m.
فاتح	non_verb	n. m. anim. unisex
فاتحانه	regular_simple	adv. / adj.
فاتحه	non_verb	n. f.
فاحش	non_verb	adj.
فاحشه	non_verb	n. f.
فاحشه ګري	non_verb	n. f.
فارسي	non_verb	n. f.
فارسي بان	non_verb	n. m.
فارغ	non_verb	adj. / n.m. anim. unisex
فارغول	regular_simple	v. stat. comp. trans.
فارغېدل	stative_compound_standard	v. stat. comp. intrans.
فارم	non_verb	n. m.
فارموله	non_verb	n. f.
فاري	non_verb	adj.
فاسد	non_verb	adj.
فاسدول	regular_simple	v. stat. comp. trans.
فاسدېدل	stative_compound_standard	v. stat. comp. intrans.
فاسق	non_verb	adj. / n. m. anim. unisex
فاش	non_verb	adj.
فاش کول	dynamic_compound	v. stat. comp. trans.
فاش کېدل	stative_compound_special	v. stat. comp. intrans.
فاصله	non_verb	n. f.
فاضل	non_verb	adj.
فاعل	non_verb	adj. / n. m.
فاعل مختار	non_verb	adj.
فال	non_verb	n. m.
فال اچول	regular_simple	v. dyn. comp. trans.
فال نیول	regular_simple	v. dyn. comp. trans.
فالتو	non_verb	adj.
فالټ	non_verb	n. m.
فالوده	non_verb	n. f.
فامیل	non_verb	n. m.
فامیلي	non_verb	adj.
فانه	non_verb	n. f.
فانوس	non_verb	n. m.
فاني	non_verb	adj.
فایده	non_verb	n. f.
فائده	non_verb	n. f.
فایده رسول	regular_simple	v. dyn. comp. trans.
فایده مند	non_verb	adj.
فائده مند	non_verb	adj.
فایده ناک	non_verb	adj.
فائده ناک	non_verb	adj.
فایل	non_verb	n. m.
فاینل	non_verb	n. m.
فبروري	non_verb	n. f.
فبریکه	non_verb	n. f.
فتح	non_verb	n. f.
فتح کول	dynamic_compound	v. stat. comp. trans.
فتحه	non_verb	n. f.
فتحه کول	dynamic_compound	v. stat. comp. trans.
فتق	non_verb	n. m.
فتنه	non_verb	n. f.
فتوا	non_verb	n. f.
فتویٰ	non_verb	n. f.
فټافټ	regular_simple	adv.
فټبال	non_verb	n. m.
فجایع	non_verb	n. f.
فحاشي	non_verb	n. f.
فحش	non_verb	n. m.
فحشا	non_verb	n. f.
فخر	non_verb	n. m.
فخري	non_verb	adj.
فدا	non_verb	n. f. / adj.
فداکار	non_verb	adj.
فداکاري	non_verb	n. f.
فدایي	non_verb	adj. / n. m. anim. unisex
فدیه	non_verb	n. f.
فراخ	non_verb	adj.
فراخول	regular_simple	v. stat. comp. trans.
فراخېدل	stative_compound_standard	v. stat. comp. intrans.
فرار	non_verb	n. m.
فرارول	regular_simple	v. stat. comp. trans.
فراري	non_verb	n. m. anim. unisex / n. f.
فرارېدل	stative_compound_standard	v. stat. comp. intrans.
فراغت	non_verb	n. m.
فراق	non_verb	n. m.
فراموش	regular_simple	adv.
فراموش کاري	non_verb	n. f.
فرانسه	non_verb	n. f.
فراهم	non_verb	adj.
فرد	non_verb	n. m.
فردوس	non_verb	n. m.
فرزند	non_verb	n. m. anim. unisex
فرزندي	non_verb	n. f.
فرش	non_verb	n. m.
فرشته	non_verb	n. f.
فرشول	regular_simple	v. stat. comp. trans.
فرشېدل	stative_compound_standard	v. stat. comp. intrans.
فرښته	non_verb	n. f. anim.
فرصت	non_verb	n. m.
فرصت	non_verb	n. m.
فرض	non_verb	n. m.
فرضول	non_verb	1527818150
فرضي	non_verb	adj.
فرضېدل	non_verb	1527818150
فرضیه	non_verb	n. f.
فرعون	non_verb	n. m. anim.
فرعوني	non_verb	adj.
فرعي	non_verb	adj.
فرق	non_verb	n. m.
فرق کول	dynamic_compound	v. dyn. comp. trans.
فرقه	non_verb	n. f.
فرمان	non_verb	n. m.
فرمان بردار	non_verb	adj.
فرمان برداري	non_verb	n. f.
فرمان برداري کول	dynamic_compound	v. dyn. comp. trans.
فرمایش	non_verb	n. m.
فرمایل	regular_simple	v. trans./gramm. trans.
فرنګی	non_verb	n. m. anim. unisex / adj.
فرنیچر	non_verb	
فرهنګ	non_verb	n. m.
فرهنګی	non_verb	adj.
فرهنګي	non_verb	adj.
فرهنګیالی	non_verb	adj.
فروټ	non_verb	n. m.
فروشي	non_verb	suff.
فریاد	non_verb	n. m.
فریب	non_verb	n. m.
فریب ورکول	regular_simple	v. dyn. comp. trans.
فریبي	non_verb	adj.
فریج	non_verb	n. m.
فریزر	non_verb	n. m.
فریسي	non_verb	n. m.
فریضه	non_verb	n. f.
فرېم	non_verb	n. m.
فزیک	non_verb	n. m.
فزیک پوه	non_verb	n. m.
فزیک دان	non_verb	n. m.
فزیکپوه	non_verb	n. m.
فزیکي	non_verb	adj.
فساد	non_verb	n. m.
فسحه	non_verb	n. f.
فسق	non_verb	n. m.
فشار	non_verb	n. m.
فشس	non_verb	n. m.
فصاحت او بلاغت	non_verb	n. m.
فصل	non_verb	n. m.
فصیح	non_verb	adj.
فضا	non_verb	n. f.
فضانورد	non_verb	n. m.
فضانورد	non_verb	n. m. anim. unisex
فضایي	non_verb	adj.
فضایي	non_verb	adj.
فضل	non_verb	n. m.
فضلات	non_verb	n. m. pl.
فضله	non_verb	n. m. pl.
فضول	non_verb	adj.
فضیلت	non_verb	n. m.
فطرت	non_verb	n. m.
فطرتي	non_verb	adj.
فطیر	non_verb	adj.
فعال	non_verb	adj. / n. m. anim. unisex
فعالي	non_verb	adj.
فعالیت	non_verb	n. m.
فعل	non_verb	n. m.
فعل لازم	non_verb	n. m.
فعلاً	regular_simple	adv.
فعلي	non_verb	adj.
فقدان	non_verb	n. m.
فقر	non_verb	n. m.
فقره	non_verb	n. f.
فقط	regular_simple	adv.
فقه	non_verb	n. m. / n. f.
فقه اللغت	non_verb	n. m.
فقیر	non_verb	adj. / n. m. anim. unisex
فقیري	non_verb	n. f.
فقیه	non_verb	n. m.
فکټري	non_verb	n. f.
فکر	non_verb	n. m.
فکر کول	dynamic_compound	v. dyn. comp. trans.
فکرمن	non_verb	adj.
فکرمند	non_verb	adj.
فکري	non_verb	adj.
فلاح	non_verb	n. f. / n. m.
فلان	non_verb	
فلانی	non_verb	n. m. / n. m. anim. unisex / adj.
فلایټ	non_verb	n. m.
فلپین	non_verb	n. m.
فلټر	non_verb	n. m.
فلج	non_verb	adj.
فلج کول	dynamic_compound	v. stat. comp. trans.
فلج کېدل	stative_compound_special	v. stat. comp. intrans.
فلز	non_verb	n. m.
فلزي	non_verb	adj.
فلسطین	non_verb	n. m.
فلسطینی	non_verb	n. m. anim. unisex / adj.
فلسفه	non_verb	n. f.
فلسفي	non_verb	adj.
فلفل	non_verb	n. m.
فلم	non_verb	n. m.
فلم سازي	non_verb	n. f.
فلمي صحنه	non_verb	n. f.
فن	non_verb	n. m.
فنا	non_verb	adj. / n. f.
فنا کول	dynamic_compound	v. stat. comp. trans.
فنا کېدل	stative_compound_special	v. stat. comp. intrans.
فنا کېدونکی	non_verb	adj.
فناناپذیر	non_verb	adj.
فناه	non_verb	adj.
فناه کول	dynamic_compound	v. stat. comp. trans.
فناه کېدل	stative_compound_special	v. stat. comp. intrans.
فنډ	non_verb	n. m.
فنر	non_verb	n. m.
فنر	non_verb	n. m.
فنر	non_verb	n. m.
فنري	non_verb	adj.
فنري	non_verb	adj.
فنري	non_verb	adj.
فنکار	non_verb	n. m.
فهرست	non_verb	n. m.
فهم	non_verb	n. m.
فهمول	regular_simple	v. stat. comp. trans.
فهیم	non_verb	adj.
فواره	non_verb	n. f.
فوټ	non_verb	n. m.
فوټبال	non_verb	n. m.
فوټسال	non_verb	n. m.
فوج	non_verb	n. m.
فوجی	non_verb	n. m. anim. unisex
فوجي	non_verb	adj. / n. m. anim. unisex
فوځ	non_verb	n. m.
فوځی	non_verb	n. m. anim. unisex
فوځي	non_verb	adj.
فوراً	regular_simple	adv.
فورم	non_verb	n. m.
فوري	regular_simple	adv.
فوق العاده	non_verb	adj.
فوقاني	non_verb	adj.
فوقیت	non_verb	n. m.
فوکس	non_verb	n. m.
فول سټاپ	non_verb	n. m.
فولاد	non_verb	n. m. pl.
فولادي	non_verb	adj.
فوم	non_verb	n. m.
فی الحال	regular_simple	adv.
فېبروري	non_verb	n. f.
فیته	non_verb	n. f.
فیرنګی	non_verb	n. m. anim. unisex
فیروزه	non_verb	n. f.
فیس	non_verb	n. m. pl.
فېسبوک	non_verb	n. m.
فېشن	non_verb	n. m.
فېشن دار	non_verb	adj.
فیصد	non_verb	n. m.
فیصدي	non_verb	n. f.
فیصله	non_verb	n. f.
فیصله کن	non_verb	adj.
فیصله کول	dynamic_compound	v. dyn. comp. trans.
فیض	non_verb	n. m.
فېل	non_verb	n. m.
فېل کول	dynamic_compound	v. stat. comp. trans.
فېل کېدل	stative_compound_special	v. stat. comp. intrans.
فیلاسوف	non_verb	n. m. anim. unisex
فیلډېنګ	non_verb	n. m.
فیوډالېزم	non_verb	n. m.
فیوز	non_verb	n. m.
قاب	non_verb	n. m.
قابل	non_verb	adj.
قابل علاج	non_verb	adj.
قابله	non_verb	n. f.
قابلیت	non_verb	n. m.
قابو	regular_simple	adj. / adv. / n. f.
قابو کول	dynamic_compound	v. stat. comp. trans.
قابو کېدل	stative_compound_special	v. stat. comp. intrans.
قات	non_verb	n. m.
قاتل	non_verb	n. m. anim. unisex
قاتول	regular_simple	v. stat. comp. trans.
قاتېدل	stative_compound_standard	v. stat. comp. intrans.
قاتېدونکی	non_verb	adj.
قاچاق	non_verb	n. m. / adj.
قاچاق تېرول	non_verb	
قاچاق وړل	regular_simple	v. dyn. comp. trans.
قاچاق وړونکی	non_verb	n. m. anim. unisex
قاچاقبر	non_verb	n. m. anim. unisex
قاچاقول	regular_simple	v. stat. comp. trans.
قادر	non_verb	adj.
قار	non_verb	n. m.
قاره	non_verb	n. f.
قاش	non_verb	n. m.
قاشوغه	non_verb	n. f.
قاصد	non_verb	n. m.
قاضي	non_verb	n. m. anim.
قاضۍ	non_verb	n. f.‌ anim
قاضیتوب	non_verb	n. m.
قاطع	non_verb	adj. / n. f.
قاطعیت	non_verb	n. m.
قاعده	non_verb	n. f.
قافله	non_verb	n. f.
قافیه	non_verb	n. f.
قالب	non_verb	n. m.
قالین	non_verb	n. m.
قام	non_verb	n. m.
قام پرستي	non_verb	n. f.
قاموس	non_verb	n. m.
قامي	non_verb	adj.
قانال	non_verb	n. m.
قانال هاضمه	non_verb	n. f.
قانع	non_verb	adj.
قانع کول	dynamic_compound	v. stat. comp. trans.
قانع کېدل	stative_compound_special	v. stat. comp. intrans.
قانون	non_verb	n. m.
قانوني	non_verb	adj.
قاه قاه	non_verb	n. m.
قاوه	non_verb	n. f.
قایم	non_verb	adj.
قائم	non_verb	adj.
قائم مقام	non_verb	n. m.
قائم مقامي	non_verb	n. f.
قایمول	regular_simple	v. stat. comp. trans.
قائمول	regular_simple	v. stat. comp. trans.
قایمېدل	stative_compound_standard	v. stat. comp. intrans.
قب	non_verb	n. m.
قباحت	non_verb	n. m.
قباله	non_verb	n. f.
قبایلي	non_verb	adj.
قبر	non_verb	n. m.
قبرستان	non_verb	n. m.
قبض	non_verb	n. m.
قبض شوی	non_verb	adj.
قبضه	non_verb	n. f.
قبضه کول	dynamic_compound	v. stat. comp. trans.
قبضه کېدل	stative_compound_special	v. stat. comp. intrans.
قبل المسیح	non_verb	
قبلول	regular_simple	v. stat. comp. trans.
قبلېدل	stative_compound_standard	v. stat. comp. intrans.
قبول	non_verb	adj. / n. m.
قبولي	non_verb	n. f.
قبیله	non_verb	n. f.
قبیلوي	non_verb	adj.
قتال	non_verb	n. m.
قتل	non_verb	n. m.
قتل عام	non_verb	n. m.
قتل کول	dynamic_compound	v. dyn. comp. trans.
قتلول	regular_simple	v. stat. comp. trans.
قتلېدل	stative_compound_standard	v. stat. comp. intrans.
قټه ګوته	non_verb	n. f.
قحبه	non_verb	n. f.
قحط	non_verb	n. m.
قحطي	non_verb	n. f.
قد	non_verb	n. m.
قدامت پسند	non_verb	adj.
قدر	non_verb	n. m.
قدر کول	dynamic_compound	v. dyn. comp. trans.
قدر و قیمت	non_verb	n. m.
قدرت	non_verb	n. m.
قدرتاً	regular_simple	adv.
قدرتي	non_verb	adj.
قدردان	non_verb	n. m. anim. unisex / adj.
قدرداني	non_verb	n. f.
قدرمن	non_verb	adj.
قدرمند	non_verb	adj.
قدغن	non_verb	n. m.
قدم	non_verb	n. m.
قدم اخیستل	regular_simple	v. dyn. comp. trans.
قدم وهل	dynamic_compound	v. dyn. comp. trans.
قدیم	non_verb	adj.
قدیمي	non_verb	adj.
قرآن پاک	non_verb	n. m.
قرآن مجید	non_verb	n. m.
قرار	non_verb	adj.
قرارداد	non_verb	n. m.
قراردادي	non_verb	n. m.
قرارګاه	non_verb	n. m.
قرارنامه	non_verb	n. f.
قرارول	regular_simple	v. stat. comp. trans.
قراري	non_verb	n. f.
قرارېدل	stative_compound_standard	v. stat. comp. intrans.
قراط	non_verb	n. m.
قران	non_verb	n. m.
قرائت	non_verb	n. m.
قربان	non_verb	n. m.
قربان ګاه	non_verb	n. m.
قربانول	regular_simple	v. stat. comp. trans.
قرباني	non_verb	n. f.
قرباني کول	dynamic_compound	v. dyn. comp. trans.
قرباني کول	dynamic_compound	v. stat. comp. trans.
قرباني کېدل	stative_compound_special	v. stat. comp. intrans.
قرباني ورکول	regular_simple	v. dyn. comp. trans.
قربانېدل	stative_compound_standard	v. stat. comp. intrans.
قرت	non_verb	n. m.
قرت	non_verb	n. m.
قرض	non_verb	n. m.
قرض اخیستل	regular_simple	v. dyn. comp. trans.
قرضدار	non_verb	n. m. anim. unisex / adj.
قرضه	non_verb	n. f.
قرغیزستان	non_verb	n. m.
قرنطین	non_verb	n. m.
قرنطینول	regular_simple	v. stat. comp. trans.
قرنطینېدل	stative_compound_standard	v. stat. comp. intrans.
قرنیکه	non_verb	n. m. anim.
قروت	non_verb	n. m.
قریب	non_verb	n. m. anim. unisex
قز	non_verb	n. m.
قزاز	non_verb	n. m. anim. unisex
قزاقستان	non_verb	n. m.
قساوت	non_verb	n. m.
قسب	non_verb	n. m.
قست	non_verb	n. m.
قسط	non_verb	n. m.
قسم	non_verb	n. m.
قسم	non_verb	n. m.
قسم خور	non_verb	n. m.
قسم خوړل	regular_simple	v. dyn. comp. trans.
قسماقسم	non_verb	
قسمت	non_verb	n. m.
قشر	non_verb	n. m.
قشلاق	non_verb	n. m.
قشله ګاه	non_verb	n. m.
قصاب	non_verb	n. m. anim. unisex
قصاص	non_verb	n. m.
قصبه	non_verb	n. f.
قصد	non_verb	n. m.
قصداً	regular_simple	adv.
قصدي	non_verb	adj.
قصر	non_verb	n. m.
قصر	non_verb	n. m.
قصه	non_verb	n. f.
قصور	non_verb	n. m.
قصوروار	non_verb	adj. / n. m. anim. unisex
قضا	non_verb	n. f.
قضاوت	non_verb	n. m.
قضایي	non_verb	adj.
قضیه	non_verb	n. f.
قطار	non_verb	n. m.
قطار جوړول	regular_simple	v. dyn. comp. trans.
قطب	non_verb	n. m.
قطب نما	non_verb	n. f.
قطبي	non_verb	adj.
قطر	non_verb	n. m.
قطره	non_verb	n. f.
قطع	non_verb	n. f.
قطع کول	non_verb	
قطعاً	regular_simple	adv.
قطعه	non_verb	n. f.
قطعه بازي	non_verb	n. f.
قطعي	non_verb	adj.
قطۍ	non_verb	n. f.
قفس	non_verb	n. m.
قلا	non_verb	n. f.
قلابند	non_verb	adj.
قلابند کول	dynamic_compound	v. stat. comp. trans.
قلابند کېدل	stative_compound_special	v. stat. comp. intrans.
قلابندي	non_verb	n. f.
قلار	non_verb	adj.
قلاره	non_verb	
قلاره کول	non_verb	1708000748865
قلاره کېدل	non_verb	1708000748865
قلارول	non_verb	1589884891910
قلارېدل	non_verb	1589884891910
قلب	non_verb	adj.
قلب	non_verb	n. m.
قلبه	non_verb	n. f.
قلعه	non_verb	n. f.
قلف	non_verb	n. m. / adj.
قلفک	non_verb	n. m.
قلم	non_verb	n. m.
قلم کول	dynamic_compound	v. stat. comp. trans.
قلمدان	non_verb	n. m.
قلمرو	non_verb	n. m.
قلموال	non_verb	n. m. anim. unisex
قلندر	non_verb	n. m.
قلنګ	non_verb	n. m.
قمار	non_verb	n. m.
قمار وهل	dynamic_compound	v. dyn. comp. trans.
قمچي	non_verb	n. f.
قمچینه	non_verb	n. f.
قمري	non_verb	adj.
قمري	non_verb	n. f.
قمیس	non_verb	n. m.
قمیص	non_verb	n. m.
قنات	non_verb	n. m.
قناعت	non_verb	n. m.
قناعت بخش	non_verb	adj.
قند	non_verb	n. m.
قندسازي	non_verb	n. f.
قندي	non_verb	adj.
قندیل	non_verb	n. m.
قهر	non_verb	n. m.
قهرجن	non_verb	adj.
قهرمان	non_verb	n. m. anim. unisex
قهرماني	non_verb	n. f.
قهرول	regular_simple	v. trans.
قهقهه	non_verb	n. f.
قهوه	non_verb	n. f.
قو	non_verb	n. m.
قوا	non_verb	n. f.
قواره	non_verb	n. f.
قوازه	non_verb	n. f.
قوال	non_verb	n. m. anim. unisex
قواله	non_verb	n. f.
قوالي	non_verb	n. f.
قوت	non_verb	n. m.
قوت	non_verb	n. m.
قوتناک	non_verb	adj.
قوتور	non_verb	adj.
قورمه	non_verb	n. f.
قول	non_verb	n. m.
قول اردو	non_verb	n. m.
قول و قرار	non_verb	n. m.
قولبه	non_verb	n. f.
قولنج	non_verb	n. m.
قوم	non_verb	n. m.
قوم پرستي	non_verb	n. f.
قومندان	non_verb	n. m. anim. unisex
قومي	non_verb	adj.
قوه	non_verb	n. f.
قوي	non_verb	adj.
قی	non_verb	n. m.
قی کول	dynamic_compound	v. dyn. comp. trans.
قیادت	non_verb	n. m.
قیادت کول	dynamic_compound	v. dyn. comp. trans.
قیاس	non_verb	n. m.
قیافه	non_verb	n. f.
قیام	non_verb	n. m.
قیام کول	dynamic_compound	v. dyn. comp. trans.
قیامت	non_verb	n. m.
قیامت	non_verb	n. m.
قید	non_verb	n. m.
قید کول	dynamic_compound	v. stat. comp. trans.
قید کېدل	stative_compound_special	v. stat. comp. intrans.
قید ګیر	non_verb	adj.
قیدخانه	non_verb	n. m.
قیدول	regular_simple	v. stat. comp. trans.
قیدي	non_verb	n. m. anim. unisex
قیزه	non_verb	n. f.
قیسي	non_verb	n. f.
قیصه	non_verb	n. f.
قیف	non_verb	n. m.
قیمت	non_verb	n. m.
قیمته	non_verb	adj.
قیمتي	non_verb	adj.
قیمه	non_verb	n. f. / adj.
قیمه کول	dynamic_compound	v. stat. comp. trans.
قیمه کېدل	stative_compound_special	v. stat. comp. intrans.
قینچي	non_verb	n. f.
قینچي کول	dynamic_compound	v. stat. comp. trans.
کابل	non_verb	n. m.
کابله	non_verb	n. f.
کابلی	non_verb	n. m. anim. unisex
کابو	regular_simple	adj. / adv.
کابو ساتل	non_verb	
کابو کول	dynamic_compound	v. stat. comp. trans.
کابو کېدل	stative_compound_special	v. stat. comp. intrans.
کابوس	non_verb	n. m.
کابینه	non_verb	n. f.
کاپرچټ	non_verb	n. m.
کاپي	non_verb	n. f.
کاته	non_verb	n. f.
کاته	non_verb	n. m.
کاتولیک	non_verb	adj.
کاټلی	non_verb	n. m.
کاجو	non_verb	n. m.
کاچوغه	non_verb	n. f.
کاختي	non_verb	n. f.
کاذب	non_verb	adj.
کار	non_verb	n. m.
کار آمد	non_verb	adj.
کار کول	dynamic_compound	v. dyn. comp. trans.
کار کوونکی	non_verb	n. m. anim. unisex
کاربن	non_verb	n. m.
کاربورېټر	non_verb	n. m.
کاربېټر	non_verb	n. m.
کارپټ کلینر	non_verb	n. m.
کارپوه	non_verb	n. m.
کارتن	non_verb	n. m.
کارتوس	non_verb	n. m.
کارخانه	non_verb	n. f.
کارډ	non_verb	n. m.
کارډبورډ	non_verb	n. m.
کارساز	non_verb	n. m. anim. unisex
کارساو	non_verb	adj.
کارغه	non_verb	n. m. anim.
کارکردګي	non_verb	n. f.
کارکوونکی	non_verb	n. m. anim. unisex
کارګاه	non_verb	n. f.
کارګر	non_verb	n. m. anim. unisex
کارګه	non_verb	n. m. anim.
کارګوټی	non_verb	n. m.
کارمن	non_verb	n. m. anim. unisex
کارن	non_verb	n. m. anim. unisex
کارنامه	non_verb	n. f.
کارنده	non_verb	adj.
کاروان	non_verb	n. m.
کاروان سرای	non_verb	n. m.
کاروبار	non_verb	n. m.
کاروباري	non_verb	adj.
کارول	regular_simple	v. trans.
کاروونکی	non_verb	n. m. anim. unisex
کاري	non_verb	adj.
کاریابول	non_verb	
کارېدل	stative_compound_standard	v. intrans.
کارېز	non_verb	n. m.
کاریګر	non_verb	n. m. anim. unisex
کاریګري	non_verb	n. f.
کاړ	non_verb	n. m. pl.
کاړو کوړ	non_verb	n. m.
کاړي واړي	non_verb	adj.
کاز	non_verb	n. m.
کاږه وېلني	non_verb	n. m. pl.
کاسني	non_verb	n. f. / adj.
کاسه	non_verb	n. f.
کاسیر	non_verb	n. m. anim. unisex
کاسیر توب	non_verb	n. m.
کاسیري	non_verb	n. f.
کاش چې	non_verb	
کاشتکار	non_verb	n. m.
کاشتکاري	non_verb	n. f.
کاشکې	non_verb	
کاشوغه	non_verb	n. f.
کاشي	non_verb	n. f.
کاشي ګري	non_verb	n. f.
کاغ	non_verb	adj.
کاغ	non_verb	adj. / n. m. anim. unisex
کاغ	non_verb	n. m.
کاغ کاغ	non_verb	n. m.
کاغ والی	non_verb	n. m.
کاغذ	non_verb	n. m.
کاغذباد	non_verb	n. m.
کاغذداني	non_verb	n. f.
کاغذي	non_verb	adj.
کاغه	non_verb	
کافر	non_verb	n. m. anim. unisex
کافور	non_verb	n. m.
کافی	non_verb	n. m.
کافي	non_verb	adj.
کافي	non_verb	n. f.
کافیت	non_verb	n. m.
کاکا	non_verb	n. m. anim.
کاکروچ	non_verb	n. m.
کاکل	non_verb	n. m.
کاکۍ	non_verb	n. f. anim.
کاکۍ	non_verb	n. f. anim.
کاګل	non_verb	n. m.
کال	non_verb	n. m.
کال په کال	regular_simple	adv.
کال و سر	non_verb	
کالبر	non_verb	adj.
کالبر	non_verb	n. m.
کالبوت	non_verb	n. m.
کالج	non_verb	n. m.
کالر	non_verb	n. m.
کالکولېټر	non_verb	n. m.
کالم	non_verb	n. m.
کالی	non_verb	n. m.
کالي	non_verb	n. m. pl.
کالیز	non_verb	adj.
کالیزه	non_verb	n. f.
کام	non_verb	n. m.
کامچه	non_verb	n. f.
کامره	non_verb	n. f.
کامل	non_verb	adj.
کاملاً	regular_simple	adv.
کامه	non_verb	n. f.
کامه	non_verb	n. f.
کامیاب	non_verb	adj.
کامیابانه	regular_simple	adv.
کامیابي	non_verb	n. f.
کامیابېدل	stative_compound_standard	v. stat. comp. intrans.
کان	non_verb	n. m.
کان کېندنه	non_verb	n. f.
کاناډا	non_verb	n. f.
کانال	non_verb	n. m.
کانټا	non_verb	n. f.
کانټا چمچ	non_verb	
کاندل	regular_simple	v. trans.
کاندید	non_verb	n. m. anim. unisex
کانډوم	non_verb	n. m.
کانسي	non_verb	
کانفلور	non_verb	n. m.
کانکرېټ	non_verb	n. m.
کانکني	non_verb	n. f.
کانکور	non_verb	n. m.
کانګه	non_verb	n. f.
کانګۍ	non_verb	n. f.
کانګۍ کول	dynamic_compound	v. dyn. comp. trans.
کانه	non_verb	n. f.
کانه	non_verb	n. f.
کانه وانه	non_verb	n. f.
کانه وانه کول	dynamic_compound	v. dyn. comp. trans.
کاني	non_verb	adj.
کاني	non_verb	adj.
کاڼی	non_verb	n. m.
کاڼیز	non_verb	adj.
کاهښت	non_verb	n. m.
کاهل	non_verb	adj.
کاهل	regular_simple	v. trans.
کاهن	non_verb	n. m. anim. unisex
کاوړ	non_verb	n. m.
کاوړېدل	stative_compound_standard	v. stat. comp. intrans.
کاینات	non_verb	n. m.
کب	non_verb	n. m.
کباب	non_verb	n. m.
کبابول	regular_simple	v. stat. comp. trans.
کبابېدل	stative_compound_standard	v. stat. comp. intrans.
کباړ	non_verb	n. m. pl.
کباړي	non_verb	n. m. anim. unisex
کبر	non_verb	n. m.
کبرجن	non_verb	adj.
کبرژن	non_verb	adj.
کبل	non_verb	n. m.
کبل	non_verb	n. m. pl.
کبوړی	non_verb	n. m.
کبوړی	non_verb	n. m.
کبی	non_verb	n. m. anim. unisex / adj.
کبي	non_verb	n. f.
کبیر	non_verb	adj.
کپ	non_verb	n. m.
کپ کول	non_verb	
کپتان	non_verb	n. m. anim. unisex
کپټان	non_verb	n. m. anim. unisex
کپرۍ	non_verb	n. f.
کپړه	non_verb	n. f.
کپړې	non_verb	n. f.
کپله	non_verb	n. f.
کپلې وهل	dynamic_compound	v. dyn. comp. trans.
کپن	non_verb	n. m.
کپېړ	non_verb	n. m.
کت	non_verb	n. m.
کت کول	dynamic_compound	v. stat. comp. trans.
کت کېدل	stative_compound_special	v. stat. comp. intrans.
کتاب	non_verb	n. m.
کتاب ګوټی	non_verb	n. m.
کتابپلورنځی	non_verb	n. m.
کتابتون	non_verb	n. m.
کتابچه	non_verb	n. f.
کتابخانه	non_verb	n. f.
کتابي	non_verb	adj.
کتابي اثر	non_verb	n. m.
کتار	non_verb	n. m.
کتان	non_verb	n. m. pl.
کتره	non_verb	n. f.
کتغ	non_verb	n. m.
کتل	regular_simple	v. trans./gramm. trans.
کتله	non_verb	n. f.
کتنځی	non_verb	n. m.
کتنه	non_verb	n. f.
کته	non_verb	n. f.
کته کول	dynamic_compound	v. stat. comp. trans.
کته کېدل	stative_compound_special	v. stat. comp. intrans.
کتونکی	non_verb	n. m. anim. unisex
کتیبه	non_verb	n. f.
کټ	non_verb	n. m.
کټ	non_verb	adj.
کټ کټ	non_verb	n. m.
کټ کټ کتل	non_verb	
کټ کول	dynamic_compound	v. stat. comp. trans.
کټ کېدل	stative_compound_special	v. stat. comp. intrans.
کټ مټ	regular_simple	adv.
کټاره	non_verb	n. f.
کټاره	non_verb	n. f.
کټارېدل	stative_compound_standard	v. stat. comp. intrans.
کټپړی	non_verb	n. m.
کټکی	non_verb	n. m.
کټکی	non_verb	n. m.
کټمټ	regular_simple	adv.
کټمل	non_verb	n. m. anim.
کټه	non_verb	adj.
کټه ګوټه	non_verb	n. f.
کټه مهر	non_verb	adj.
کټه مېر	non_verb	adj.
کټو	non_verb	n. f.
کټوۍ	non_verb	n. f.
کثافت	non_verb	n. m.
کثرت	non_verb	n. m.
کج لېچ	non_verb	n. m.
کجاوه	non_verb	n. f.
کجاوې ویل	regular_simple	v. dyn. comp. trans.
کجک	non_verb	n. m.
کجلېچ	non_verb	n. m.
کجوره	non_verb	n. f.
کځر	non_verb	adj.
کچ	non_verb	n. m.
کچ مېچ	non_verb	n. m.
کچالو	non_verb	n. m.
کچره	non_verb	n. f. anim.
کچکاسه	non_verb	n. f.
کچکول	non_verb	n. m.
کچګر	non_verb	n. m. anim. unisex
کچنۍ	non_verb	n. f.
کچنۍ	non_verb	n. f.
کچه	non_verb	adj.
کچه	non_verb	n. f.
کچه ابادي	non_verb	
کچه ګوته	non_verb	n. f.
کچی	non_verb	n. m. anim. unisex
کچي	non_verb	n. m. pl.
کڅوړه	non_verb	n. f.
کڅوک	non_verb	n. m.
کدای	non_verb	
کدو	non_verb	n. m.
کدوچه	non_verb	n. f.
کډن	regular_simple	adv.
کډن کېدل	non_verb	
کډه	non_verb	n. f.
کډه کول	dynamic_compound	v. dyn. comp. trans.
کډه وړل	regular_simple	v. dyn. comp. trans.
کډوال	non_verb	n. m. anim. unisex
کډوالي	non_verb	n. f.
کر	non_verb	adj.
کر	non_verb	n. m.
کر	non_verb	n. m. anim. unisex
کر	non_verb	n. m.
کر	non_verb	suff.
کراچي	non_verb	n. f.
کراچۍ	non_verb	n. f.
کراچۍ	non_verb	n. f.
کراچي وان	non_verb	n. m.
کرار	non_verb	adj.
کراړک	non_verb	n. m. pl.
کراړه	non_verb	n. f.
کراړۍ	non_verb	n. m.
کرامت	non_verb	n. m.
کراهه	non_verb	n. f.
کرایه	non_verb	n. f.
کرایه دار	non_verb	n. m. anim. unisex
کرایي	non_verb	adj.
کربوړی	non_verb	n. m.
کربوړی	non_verb	n. m. anim.
کربېزي	non_verb	n. f.
کرپ	non_verb	n. m.
کرپټ	non_verb	adj.
کرپشن	non_verb	n. m.
کرپول	regular_simple	v. stat. comp. trans.
کرپېدل	stative_compound_standard	v. stat. comp. intrans.
کرت	non_verb	n. m.
کرد	non_verb	n. m.
کردار	non_verb	n. m.
کردار ادا کول	dynamic_compound	v. dyn. comp. trans.
کردګار	non_verb	n. m. anim. unisex
کردي	non_verb	adj.
کرړېدل	stative_compound_standard	v. intrans.
کرږه	non_verb	n. f.
کرږه وهل	dynamic_compound	v. dyn. comp. trans.
کرس	non_verb	n. m.
کرسمس	non_verb	n. m.
کرسي	non_verb	n. f.
کرسۍ	non_verb	n. f.
کرشمه	non_verb	n. f.
کرشمه یي	non_verb	adj.
کرښه	non_verb	n. f.
کرښی	non_verb	n. f.
کرغ	non_verb	adj.
کرغېړن	non_verb	adj.
کرک	non_verb	n. m.
کرک	non_verb	n. m.
کرک	non_verb	n. m.
کرک	non_verb	n. m.
کرک	non_verb	n. m.
کرکټ	non_verb	n. m.
کرکجن	non_verb	adj.
کرکمان	non_verb	n. m. pl.
کرکمن	non_verb	n. m. pl.
کرکنډ	non_verb	adj.
کرکنډول	regular_simple	v. stat. comp. trans.
کرکه	non_verb	n. f.
کرکه کول	dynamic_compound	v. dyn. comp. trans.
کرکیله	non_verb	n. f.
کرل	non_verb	n. m.
کرل	regular_simple	v. trans.
کرم	non_verb	n. m.
کرمچ	non_verb	n. m.
کرمچي	non_verb	n. f.
کرمنتوب	non_verb	n. m.
کرمه	non_verb	n. f.
کرنګ	non_verb	adj.
کرنګ	non_verb	adj.
کرنګ	non_verb	n. m.
کرنګول	regular_simple	v. stat. comp. trans.
کرنه	non_verb	n. f.
کرنیز	non_verb	adj.
کره	non_verb	adj.
کره	non_verb	n. f.
کره	non_verb	n. f.
کره	non_verb	n. f.
کره	non_verb	suff.
کره توب	non_verb	n. m.
کره کتنه	non_verb	n. f.
کره کول	dynamic_compound	v. stat. comp. trans.
کره والی	non_verb	n. m.
کره ییز	non_verb	adj.
کرهډ	non_verb	n. m.
کرهڼه	non_verb	n. f.
کروتی	non_verb	adj.
کروړ	non_verb	adj.
کروړ	non_verb	num.
کروړه	non_verb	n. f.
کروندګر	non_verb	n. m. anim. unisex
کرونده	non_verb	n. f.
کروندې کول	dynamic_compound	v. dyn. comp. trans.
کریاب	non_verb	adj.
کریابول	regular_simple	v. stat. comp. trans.
کریابي	non_verb	n. f.
کریر	non_verb	n. m.
کرېړ	non_verb	n. m.
کرېړی	non_verb	n. m.
کرېړی	non_verb	n. m.
کریږه	non_verb	n. f.
کرېکټ	non_verb	n. m.
کریکه	non_verb	n. f.
کریکه وهل	dynamic_compound	v. dyn. comp. trans.
کریکې وهل	dynamic_compound	v. dyn. comp. trans.
کرېله	non_verb	n. f.
کریم	non_verb	adj.
کریم	non_verb	n. m.
کرین	non_verb	n. m.
کړ	non_verb	n. m.
کړاند	non_verb	adj.
کړاو	non_verb	n. m.
کړایي	non_verb	n. f.
کړایي کول	non_verb	
کړبېزي	non_verb	n. f.
کړپ	non_verb	n. m.
کړپا	non_verb	n. f.
کړپه	non_verb	n. f.
کړپول	regular_simple	v. trans.
کړپی	non_verb	n. m.
کړټه	non_verb	n. f.
کړټی	non_verb	n. m.
کړچول	regular_simple	v. trans.
کړس	non_verb	adj.
کړس	non_verb	
کړس	non_verb	n. m.
کړښت	non_verb	n. m.
کړکی	non_verb	n. m.
کړکۍ	non_verb	n. f.
کړکېچ	non_verb	n. m.
کړکېچن	non_verb	adj.
کړم	non_verb	adj.
کړمچه	non_verb	n. f.
کړمچی	non_verb	n. m.
کړمن	non_verb	adj.
کړمنېدل	stative_compound_standard	v. stat. comp. intrans.
کړمول	regular_simple	v. stat. comp. trans.
کړمېدل	stative_compound_standard	v. stat. comp. intrans.
کړمېزي	non_verb	n. m. pl.
کړن	non_verb	n. m.
کړند	non_verb	adj.
کړند	non_verb	adj.
کړند	non_verb	n. m.
کړندتوب	non_verb	n. m.
کړندوالی	non_verb	n. m.
کړندول	regular_simple	v. stat. comp. trans.
کړنګ	non_verb	n. m.
کړنګ	non_verb	n. m.
کړنګار	non_verb	n. m.
کړنګاوو	non_verb	n. m.
کړنګېدل	stative_compound_standard	v. intrans.
کړنلاره	non_verb	n. f.
کړنه	non_verb	n. f.
کړه	non_verb	n. m. pl.
کړه	non_verb	
کړه وړه	non_verb	n. m. pl.
کړوپ	non_verb	adj.
کړوپول	regular_simple	v. stat. comp. trans.
کړوپېدل	stative_compound_standard	v. stat. comp. intrans.
کړوړ	non_verb	adj.
کړوسی	non_verb	n. m. anim. unisex
کړوکه	non_verb	adj.
کړول	regular_simple	v. trans.
کړۍ	non_verb	n. f.
کړئ	non_verb	
کړېدل	stative_compound_standard	v. intrans.
کړیکه	non_verb	n. f.
کزن	non_verb	n. m. anim. unisex
کژ	non_verb	n. m.
کږ	non_verb	n. m.
کږلېچ	non_verb	n. m.
کږه	non_verb	n. f. anim.
کږول	regular_simple	v. stat. comp. trans.
کږېدل	stative_compound_standard	v. stat. comp. intrans.
کس	non_verb	n. m.
کسالت	non_verb	n. m.
کسان	non_verb	n. m. pl.
کسان	non_verb	n. m. anim. unisex
کسب	non_verb	n. m.
کسب کول	dynamic_compound	v. dyn. comp. trans.
کسب ګر	non_verb	n. m. anim. unisex
کسبول	regular_simple	v. stat. comp. trans.
کسبي	non_verb	adj.
کست	non_verb	n. m.
کسټم	non_verb	n. m.
کسر	non_verb	n. m.
کسکر	non_verb	adj.
کسکر	non_verb	adj.
کسکرول	regular_simple	v. stat. comp. trans.
کسکرېدل	stative_compound_standard	v. stat. comp. intrans.
کسوف	non_verb	n. m.
کسی	non_verb	n. m.
کسیز	non_verb	adj.
کش	non_verb	n. m.
کش	non_verb	
کش کول	dynamic_compound	v. stat. comp. trans.
کش کېدل	stative_compound_special	v. stat. comp. intrans.
کش مکش	non_verb	n. m.
کش و کړپ	non_verb	n. m.
کش و ګیر	non_verb	n. m.
کشتي	non_verb	n. f.
کشتۍ	non_verb	n. f.
کشتي راني	non_verb	n. f.
کشتي کول	dynamic_compound	v. dyn. comp. trans.
کشر	non_verb	adj. / n. m. anim. unisex
کشری	non_verb	adj.
کشری	non_verb	n. m.
کشش ثقل	non_verb	n. m.
کشف	non_verb	n. m.
کشفول	regular_simple	v. stat. comp. trans.
کشفي	non_verb	adj.
کشفېدل	stative_compound_standard	v. stat. comp. intrans.
کشکش	non_verb	n. m.
کشکل	non_verb	adj.
کشمالی	non_verb	n. m.
کشمش	non_verb	n. m.
کشمشي انګور	non_verb	n. m.
کشمیر	non_verb	n. m.
کشور	non_verb	n. m.
کشور	non_verb	n. m.
کشول	regular_simple	v. stat. comp. trans.
کشۍ	non_verb	n. f.
کشۍ	non_verb	n. f. anim.
کشېدل	stative_compound_standard	v. stat. comp. intrans.
کشیده کاري	non_verb	n. f.
کشیده کاري کول	dynamic_compound	v. dyn. comp. trans.
کشیش	non_verb	n. m. anim. unisex
کښ	non_verb	n. m.
کښت	non_verb	n. m.
کښتګر	non_verb	n. m. anim. unisex
کښتګري	non_verb	n. f.
کښته	regular_simple	loc. adv. / n. m.
کښته	non_verb	n. f.
کښته کول	dynamic_compound	v. stat. comp. trans.
کښته کېدل	stative_compound_special	v. stat. comp. intrans.
کښتۍ	non_verb	n. f.
کښل	regular_simple	v. trans.
کښې	non_verb	adpos.
کښېښودل	regular_simple	v. trans.
کښېکښل	regular_simple	v. trans.
کښېکښل	non_verb	
کښېکښنه	non_verb	n. f.
کښېناستل	regular_simple	v. intrans. opt. compl.
کښېنول	regular_simple	v. trans.
کښېوتل	non_verb	
کغن	non_verb	adj.
کغند	non_verb	adj.
کف	non_verb	n. m.
کفار	non_verb	
کفاره	non_verb	n. f.
کفاره ورکول	regular_simple	v. dyn. comp. trans.
کفالت	non_verb	n. m.
کفایت	non_verb	n. m.
کفایتي	non_verb	n. f.
کفر	non_verb	n. m.
کفر ویل	regular_simple	v. dyn. comp. trans.
کفن	non_verb	n. m.
کفن دزد	non_verb	n. m.
کفن دفن	non_verb	
کفیل	non_verb	n. m.
کک	non_verb	n. m.
کک	non_verb	n. m.
ککر	non_verb	n. m. / adj.
ککرۍ	non_verb	n. f.
ککړ	non_verb	adj.
ککړول	regular_simple	v. stat. comp. trans.
ککړېدل	stative_compound_standard	v. stat. comp. intrans.
ککی	non_verb	n. m. anim. unisex
کل	non_verb	adj.
کل	regular_simple	adj. / adv.
کل جهان	non_verb	n. m.
کلا	non_verb	n. f.
کلاً	regular_simple	adv.
کلابند	non_verb	adj.
کلابندي	non_verb	n. f.
کلاس	non_verb	n. m.
کلاس روم	non_verb	n. m.
کلاس فیلو	non_verb	n. m. anim. unisex
کلاشنیکوف	non_verb	n. m.
کلاشینکوف	non_verb	n. m.
کلال	non_verb	n. m. anim. unisex
کلام	non_verb	n. m.
کلام کول	non_verb	
کلایي	non_verb	adj.
کلپ	non_verb	n. m.
کلپکی	non_verb	n. m.
کلپول	regular_simple	v. stat. comp. trans.
کلتور	non_verb	n. m.
کلتوري	non_verb	adj.
کلچ	non_verb	n. m.
کلچر	non_verb	n. m.
کلچه	non_verb	n. f.
کلچي	non_verb	
کلدارې	non_verb	n. f. pl.
کلداني	non_verb	adj.
کلف	non_verb	n. m.
کلک	regular_simple	adj. / adv.
کلک والی	non_verb	n. m.
کلکول	regular_simple	v. stat. comp. trans.
کلکېدل	stative_compound_standard	v. stat. comp. intrans.
کلمه	non_verb	n. f.
کلن	non_verb	adj.
کلنګ	non_verb	n. m.
کلنګي	non_verb	adj.
کلنی	non_verb	adj.
کله	regular_simple	adv.
کله ناکله	regular_simple	adv.
کله نه	non_verb	
کلهم	non_verb	adj.
کلوچ	non_verb	adj.
کلوچول	regular_simple	v. stat. comp. trans.
کلوچېدل	stative_compound_standard	v. stat. comp. intrans.
کلوشه	non_verb	n. f.
کلوښته	non_verb	n. f.
کلوښه	non_verb	n. f.
کلول	regular_simple	v. stat. comp. trans.
کلول	non_verb	
کلونه	non_verb	n. m. pl.
کلوو	non_verb	n. m.
کلی	non_verb	n. m.
کلي	non_verb	n. f.
کلۍ	non_verb	n. f.
کلیات	non_verb	n. m.
کلیپ	non_verb	n. m.
کلېدل	stative_compound_standard	v. stat. comp. intrans.
کلیسا	non_verb	n. f.
کلیمه	non_verb	n. f.
کلینډر	non_verb	n. m. anim. unisex
کلینک	non_verb	n. m.
کلینیک	non_verb	n. m.
کلیوال	non_verb	n. m. anim. unisex / adj.
کم	non_verb	adj.
کم	non_verb	
کم از کم	regular_simple	adv.
کم استعمال	non_verb	adj.
کم اصل	non_verb	adj.
کم بخته	non_verb	adj.
کم پیدا	non_verb	adj.
کم پېښی	non_verb	adj.
کم ځواکی	non_verb	adj.
کم خرڅه	non_verb	adj.
کم خوبي	non_verb	n. f.
کم خوني	non_verb	n. f.
کم رنګه	non_verb	adj.
کم روڼ	non_verb	
کم سن	non_verb	n. m. / adj.
کم عقل	non_verb	adj. / n. m. anim. unisex
کم عقلتیا	non_verb	n. f.
کم عقلي	non_verb	n. f.
کم فکري	non_verb	n. f.
کم قیمته	non_verb	adj.
کم مهارت	non_verb	adj.
کم موندی	non_verb	adj.
کمال	non_verb	n. m.
کمالي	non_verb	adj.
کمان	non_verb	n. m.
کماندات	non_verb	n. m. anim. unisex
کمانۍ	non_verb	n. f.
کمانۍ	non_verb	n. f.
کمبل	non_verb	n. f.
کمبود	non_verb	n. m.
کمپ	non_verb	n. m.
کمپاس	non_verb	n. m.
کمپاین	non_verb	n. m.
کمپلۍ	non_verb	n. f. anim.
کمپني	non_verb	n. f.
کمپنۍ	non_verb	n. f.
کمپوز	non_verb	n. m.
کمپیر	non_verb	n. m. anim. unisex
کمپیوټر	non_verb	n. m.
کمتري	non_verb	n. f.
کمچه ګوته	non_verb	n. f.
کمڅۍ	non_verb	n. f.
کمر	non_verb	n. m.
کمربند	non_verb	n. m.
کمره	non_verb	n. f.
کمره	non_verb	n. f.
کمزور	non_verb	adj.
کمزورتیا	non_verb	n. f.
کمزورول	regular_simple	v. stat. comp. trans.
کمزوری	non_verb	adj.
کمزورېدل	stative_compound_standard	v. stat. comp. intrans.
کمساری	non_verb	adj.
کمښت	non_verb	n. m.
کموډ	non_verb	n. m.
کمول	regular_simple	v. stat. comp. trans.
کمونست	non_verb	n. m. anim. unisex
کمونیزم	non_verb	n. m.
کمونیست	non_verb	n. m. anim. unisex
کمونیستي	non_verb	adj.
کمی	non_verb	n. m.
کمي	non_verb	adj.
کمیت	non_verb	n. m.
کمېدل	stative_compound_standard	v. stat. comp. intrans.
کمیډي	non_verb	adj. / n. f.
کمیس	non_verb	n. m.
کمېشن	non_verb	n. m.
کمین	non_verb	adj.
کمین	non_verb	n. m.
کمین توګ	non_verb	adj.
کمینه	non_verb	adj.
کنات	non_verb	n. m.
کناټی	non_verb	n. m.
کناراب	non_verb	n. m.
کناري	non_verb	n. f.
کنترول	non_verb	n. m.
کنټرول	non_verb	n. m.
کنټرولول	regular_simple	v. stat. comp. trans.
کنټرولېدل	stative_compound_standard	v. stat. comp. intrans.
کنټه دار	non_verb	adj.
کنجر	non_verb	adj.
کنجرتوب	non_verb	n. m.
کنجرتوب کول	dynamic_compound	v. dyn. comp. trans.
کنجره	non_verb	n. f. anim.
کنجکاو	non_verb	adj.
کنجکه	non_verb	n. f.
کنجوس	non_verb	adj.
کنجوسي	non_verb	n. f.
کنجوغه	non_verb	n. f.
کنجي	non_verb	n. f.
کنځا	non_verb	n. f.
کنځل	non_verb	n. f.
کنځل	regular_simple	v. trans.
کنځل کول	dynamic_compound	v. dyn. comp. trans.
کنځه	non_verb	n. f.
کند	non_verb	n. m.
کنداغ	non_verb	n. m.
کندانۍ	non_verb	n. f.
کندل	regular_simple	v. trans.
کندلوښی	non_verb	n. m.
کنده	non_verb	n. f.
کنده کول	dynamic_compound	v. stat. comp. trans.
کنده کېدل	stative_compound_special	v. stat. comp. instrans.
کندهار	non_verb	n. m.
کندو	non_verb	n. m.
کندې کپرې	non_verb	adj.
کنډ	non_verb	n. m.
کنډ	non_verb	n. m.
کنډ و کپر	non_verb	adj.
کنډاس	non_verb	n. m. anim. unisex / adj.
کنډاسه	non_verb	n. f.
کنډر	non_verb	n. m.
کنډک	non_verb	n. m.
کنډه	non_verb	n. f.
کنډه	non_verb	n. f.
کنډه	non_verb	n. f.
کنډو	non_verb	adj. / n. m.
کنډواله	non_verb	n. f.
کنډوری	non_verb	n. m.
کنډول	non_verb	n. m. / adj.
کنډوول	regular_simple	v. stat. comp. trans.
کنډوېدل	stative_compound_standard	v. stat. comp. intrans.
کنزه ګوته	non_verb	n. f.
کنستل	non_verb	
کنسرت	non_verb	n. m.
کنفرانس	non_verb	n. m.
کنکوک	non_verb	n. m.
کنګال	non_verb	adj.
کنګال	non_verb	n. m.
کنګالول	regular_simple	v. stat. comp. trans.
کنګالونه	non_verb	n. f.
کنګالېدل	stative_compound_standard	v. stat. comp. intrans.
کنګرو	non_verb	n. m.
کنګرېزی	non_verb	n. m.
کنګړ	non_verb	n. m.
کنګل	non_verb	n. m.
کنګلول	regular_simple	v. stat. comp. trans.
کنګلېدل	stative_compound_standard	v. stat. comp. intrans.
کنه	non_verb	interj.
کني	non_verb	suff.
کني کبر	non_verb	n. m. anim.
کنیسا	non_verb	n. f.
کنیسه	non_verb	n. f.
کڼ	non_verb	n. m.
کڼول	regular_simple	v. stat. comp. trans.
کڼوونکی	non_verb	adj.
کڼی	non_verb	n. m.
کڼي	non_verb	
کڼېدل	stative_compound_standard	v. stat. comp. intrans.
که	non_verb	
که نه	non_verb	
کهاله	non_verb	adj.
کهاني	non_verb	n. f.
کهلاړي	non_verb	n. m. anim. unisex
کهنګه	non_verb	adj.
کهه	non_verb	n. f.
کهه	non_verb	n. f.
کهول	non_verb	n. m.
کوبلکه	non_verb	n. f.
کوبۍ	non_verb	n. f.
کوپره	non_verb	n. f.
کوپړه	non_verb	n. f.
کوپړۍ	non_verb	n. f.
کوپه	non_verb	n. f.
کوپه کول	non_verb	
کوپۍ	non_verb	
کوپۍ	non_verb	n. f.
کوت	non_verb	n. m.
کوت تندی	regular_simple	n. m. / adv.
کوتاهي	non_verb	n. f.
کوتر	non_verb	n. m.
کوتری	non_verb	n. m. anim. unisex
کوتک	non_verb	n. m.
کوتل	non_verb	n. m.
کوتونی	non_verb	n. m.
کوتی	non_verb	n. m.
کوتی	non_verb	n. m. anim. unisex
کوتی	non_verb	n. m.
کوتۍ	non_verb	n. f.
کوټ	non_verb	n. m.
کوټ ایستل	non_verb	
کوټ بند	non_verb	n. m.
کوټک	non_verb	n. m.
کوټکۍ	non_verb	n. f.
کوټل	regular_simple	v. trans.
کوټلی	non_verb	adj.
کوټنه	non_verb	n. f.
کوټنۍ	non_verb	n. f.
کوټه	non_verb	adj.
کوټه	non_verb	adj.
کوټه	non_verb	n. f.
کوټه	non_verb	n. f.
کوټه	non_verb	n. f.
کوټوالي	non_verb	n. f.
کوټی	non_verb	adj.
کوټی	non_verb	n. m. anim. unisex
کوټی	non_verb	n. m.
کوټی	non_verb	n. m.
کوټی	non_verb	n. m.
کوټۍ	non_verb	n. f.
کوچ	non_verb	n. m.
کوچ	non_verb	n. m.
کوچ	non_verb	n. m. pl.
کوچ کول	dynamic_compound	v. dyn. comp. trans.
کوچنی	non_verb	adj.
کوچنیوالی	non_verb	n. m.
کوچی	non_verb	n. m.
کوچی	non_verb	n. m. anim. unisex / adj.
کوچېدل	stative_compound_standard	v. stat. comp. intrans.
کوچینی	non_verb	adj.
کوڅک	non_verb	n. m.
کوڅه	non_verb	n. f.
کوڅۍ	non_verb	n. f.
کود	non_verb	n. m. pl.
کودتا	non_verb	n. f.
کودن	non_verb	adj.
کودی	non_verb	n. m.
کوډ	non_verb	n. m.
کوډ لوبه	non_verb	n. f.
کوډ لوبی	non_verb	n. m. anim. unisex
کوډ لوبی	non_verb	n. m. anim. unisex
کوډګر	non_verb	n. m. anim. unisex
کوډۍ	non_verb	n. f.
کوډۍ	non_verb	n. f.
کور	non_verb	n. m.
کور ودان	non_verb	
کور ودانی	non_verb	n. m.
کوربتوب	non_verb	n. m.
کوربنه	non_verb	n. f. anim.
کوربه	non_verb	n. m. anim. unisex
کوربه توب	non_verb	n. m.
کورپچه	non_verb	n. f.
کورت	non_verb	n. m.
کورتۍ	non_verb	n. f.
کورخه	non_verb	n. f.
کورړا	non_verb	n. f.
کورړېدل	stative_compound_standard	v. intrans.
کورزومی	non_verb	n. m.
کورس	non_verb	n. m.
کورکمن	non_verb	n. m.
کورکوری	non_verb	n. m.
کورکوړۍ	non_verb	n. f.
کورناست	non_verb	adj.
کورنش	non_verb	n. m.
کورنی	non_verb	adj.
کورنۍ	non_verb	n. f.
کورنۍ جګړه	non_verb	n. f.
کوره	non_verb	adj.
کوره	non_verb	adj.
کوره	non_verb	n. f.
کوره	non_verb	n. f.
کوره کول	dynamic_compound	v. stat. comp. trans.
کورواک	non_verb	adj.
کورواکي	non_verb	n. f.
کوروالا	non_verb	n. f. anim.
کوروالی	non_verb	n. m.
کوروالی کول	dynamic_compound	v. dyn. comp. trans.
کورونا	non_verb	n. f.
کوړ	non_verb	adj.
کوړ	non_verb	n. m.
کوړ	non_verb	n. m.
کوړ	non_verb	n. m.
کوړکوړه	non_verb	n. f.
کوړنچ	non_verb	n. m.
کوړنچ وهل	dynamic_compound	v. dyn. comp. trans.
کوړه	non_verb	n. f.
کوړه	non_verb	n. f.
کوړول	regular_simple	v. stat. comp. trans.
کوړول	regular_simple	v. trans.
کوړۍ	non_verb	n. f.
کوړېدل	stative_compound_standard	v. intrans.
کوړېدل	stative_compound_standard	v. stat. comp. intrans.
کوز	regular_simple	loc. adv. / adj.
کوز ګوری	non_verb	adj.
کوزده	non_verb	n. f.
کوزړګۍ	non_verb	n. f.
کوزړۍ	non_verb	n. f.
کوزه	non_verb	n. f.
کوزه	regular_simple	adv.
کوزه ګر	non_verb	n. m. anim. unisex
کوزه ګری	non_verb	
کوزول	regular_simple	v. stat. comp. trans.
کوزېدل	stative_compound_standard	v. stat. comp. intrans.
کوژدن	non_verb	n. m.
کوژدن شوی	non_verb	adj.
کوژده	non_verb	n. f.
کوږ	non_verb	adj.
کوږ	non_verb	n. m.
کوږ وږ	non_verb	
کوږل	regular_simple	v. trans.
کوس	non_verb	n. m.
کوسه	non_verb	n. f.
کوسه	non_verb	n. m. anim. / adj.
کوشش	non_verb	n. m.
کوشش کول	dynamic_compound	v. dyn. comp. trans.
کوشکن	non_verb	n. m.
کوشېر	non_verb	n. m.
کوښښ	non_verb	n. m.
کوښښ کول	dynamic_compound	v. dyn. comp. trans.
کوغاتی	non_verb	n. m.
کوغالی	non_verb	n. m.
کوک	non_verb	n. m.
کوک	non_verb	n. m.
کوکاره	non_verb	n. f.
کوکاین	non_verb	
کوکب	non_verb	n. m.
کوکبي	non_verb	adj.
کوکړ	non_verb	n. m.
کوکنار	non_verb	n. m.
کوکه	non_verb	n. f.
کوکو	non_verb	n. m.
کوکو ګېډۍ	non_verb	n. f.
کوکول	regular_simple	v. stat. comp. trans.
کوکومیو	non_verb	n. m. anim. unisex
کوکی	non_verb	n. m.
کوکی	non_verb	n. m. anim.
کوکی	non_verb	n. m.
کوکۍ	non_verb	n. f.
کوکۍ ګوته	non_verb	n. f.
کوکې وهل	dynamic_compound	v. dyn. comp. trans.
کوکېدل	stative_compound_standard	v. stat. comp. intrans.
کول	suppletive	v. trans. w. compl.
کول	suppletive	v. trans./gramm. trans.
کولاو	non_verb	adj.
کولاوول	regular_simple	v. stat. comp. trans.
کولاوېدل	stative_compound_standard	v. stat. comp. intrans.
کولبه	non_verb	n. f.
کولپ	non_verb	n. m. / adj.
کولپول	regular_simple	v. stat. comp. trans.
کولتور	non_verb	n. m.
کولتوري	non_verb	adj.
کولچه	non_verb	n. f.
کولرا	non_verb	n. f.
کولمه	non_verb	n. f.
کولمې	non_verb	n. f. pl.
کولنګ	non_verb	n. m.
کولول	regular_simple	v. stat. comp. trans.
کولول	regular_simple	v. trans.
کولول	non_verb	
کولولو	non_verb	n. m.
کولېدل	stative_compound_standard	v. stat. comp. intrans.
کوم	non_verb	det.
کوم ځای	regular_simple	adv.
کوم یو	non_verb	
کوما	non_verb	n. f.
کوماندان	non_verb	n. m. anim. unisex
کومبار	non_verb	n. m.
کومباری	non_verb	n. m.
کومبده	non_verb	n. f.
کومک	non_verb	n. m.
کومک کول	dynamic_compound	v. dyn. comp. trans.
کومک ورکول	regular_simple	v. dyn. comp. trans.
کومکي	non_verb	adj.
کومندان	non_verb	n. m. anim. unisex
کومڼ	non_verb	adj.
کومڼول	regular_simple	v. stat. comp. trans.
کومڼېدل	stative_compound_standard	v. stat. comp. intrans.
کومی	non_verb	n. m.
کوناټی	non_verb	n. m.
کونتینر	non_verb	n. m.
کونج	non_verb	n. m.
کونجکه	non_verb	n. f.
کونجي	non_verb	n. f.
کونچ	non_verb	n. m.
کونداغ	non_verb	n. m.
کونډ	non_verb	n. m. anim. unisex
کونډتوب	non_verb	n. m.
کونډکۍ	non_verb	n. f. anim.
کونډه	non_verb	n. f.
کونډه	non_verb	n. f. anim.
کونډول	regular_simple	v. stat. comp. trans.
کونډی	non_verb	adj.
کونډی	non_verb	n. m. anim. unisex
کونډی کول	dynamic_compound	v. stat. comp. trans.
کونډېدل	stative_compound_standard	v. stat. comp. intrans.
کونسل	non_verb	n. m.
کونسل خانه	non_verb	n. f.
کونسلګري	non_verb	n. f.
کونګ	non_verb	n. m. anim. unisex
کونګچ	non_verb	n. m.
کونګړ	non_verb	n. m.
کونګی	non_verb	n. m. anim. unisex
کونه	non_verb	n. f.
کونوبی	non_verb	n. m.
کونی	non_verb	n. m.
کوني	non_verb	n. m.
کوني کبر	non_verb	n. m. anim.
کوڼ	non_verb	adj.
کوڼتیا	non_verb	n. m.
کوڼوالی	non_verb	n. m.
کوهه	non_verb	n. f.
کوهی	non_verb	n. m.
کوونکی	non_verb	
کوویډ	non_verb	
کوی	non_verb	n. m.
کوی	non_verb	n. m.
کوی	non_verb	n. m.
کوېټه	non_verb	n. f.
کوېدل	stative_compound_standard	v. intrans.
کویل	non_verb	n. m.
کویل	regular_simple	v. trans.
کویله	non_verb	n. f.
کویه	non_verb	n. f. anim.
کی	non_verb	n. m. anim. unisex
کی	non_verb	suff.
کې	non_verb	adpos.
کیبل	non_verb	n. m.
کېته	non_verb	adj.
کېدل	suppletive	v. intrans. w. compl.
کېدل	suppletive	v. intrans.
کېدون	non_verb	n. m.
کېدونکی	non_verb	
کیر	non_verb	n. m.
کیر کیرک	non_verb	n. m.
کیزه	non_verb	
کېږدۍ	non_verb	n. f.
کېږلی	non_verb	adj.
کېس	non_verb	n. m.
کیسټ	non_verb	n. m.
کېسټ	non_verb	n. m.
کیسه	non_verb	n. f.
کیسه بیانوونکی	non_verb	n. m. anim. unisex
کیسه کول	dynamic_compound	v. dyn. comp. trans.
کیسه ویل	regular_simple	v. dyn. comp. trans.
کیسۍ	non_verb	n. f.
کېش	non_verb	n. m.
کیشپ	non_verb	n. m.
کېښودل	regular_simple	v. trans.
کیف	non_verb	n. m.
کېفې	non_verb	n. f.
کیفیت	non_verb	
کیک	non_verb	n. m.
کېک	non_verb	n. m.
کیکر	non_verb	
کېکښل	regular_simple	v. trans.
کېله	non_verb	n. f.
کیلو	non_verb	
کیلومتر	non_verb	n. m.
کیلي	non_verb	n. f.
کېمره	non_verb	n. f.
کیمیا	non_verb	n. f.
کیمیایي	non_verb	adj.
کېمیسټري	non_verb	n. f.
کین	non_verb	n. m.
کېناستل	regular_simple	v. intrans. opt. compl.
کېناستېدل	stative_compound_standard	v. instrans.
کینخي	non_verb	adj.
کیندل	regular_simple	v. trans.
کینه	non_verb	n. f.
کینه کول	dynamic_compound	v. dyn. comp. trans.
کینه ګر	non_verb	adj.
کینه لرل	regular_simple	v. dyn. comp. trans.
کینه ور	non_verb	adj.
کېنول	regular_simple	v. trans.
کیڼ	non_verb	adj.
کیهان	non_verb	n. m.
کیهان نورد	non_verb	n. m. anim. unisex
کیهاني	non_verb	adj.
کیواړ	non_verb	n. m.
کېوتل	regular_simple	v. intrans.
ګات	non_verb	n. m.
ګاټه	non_verb	adj.
ګاټی	non_verb	n. m. anim. unisex
ګاجره	non_verb	n. f.
ګاډر	non_verb	n. m.
ګاډر	non_verb	n. m.
ګاډی	non_verb	n. m.
ګاډۍ	non_verb	n. f.
ګار	non_verb	adj.
ګار	non_verb	n. m.
ګار	non_verb	suff.
ګارسون	non_verb	n. m. anim. unisex
ګارمن	non_verb	adj.
ګاره	non_verb	n. f.
ګاره	non_verb	n. f.
ګارېدل	stative_compound_standard	v. stat. comp. intrans.
ګاز	non_verb	n. m.
ګازره	non_verb	n. f. / adj.
ګاښکرندی	non_verb	n. m. anim. unisex
ګاک	non_verb	n. m. anim. unisex
ګالل	regular_simple	v. trans.
ګام	non_verb	n. m.
ګانا	non_verb	n. f.
ګانده	non_verb	
ګانزه	non_verb	n. f.
ګانګوړ	regular_simple	adj. / adv.
ګانه	non_verb	n. f.
ګانې	non_verb	suff.
ګانې ویل	regular_simple	v. dyn. comp. trans.
ګاڼه	non_verb	n. f.
ګاڼۍ	non_verb	n. f.
ګاه	non_verb	
ګاهک	non_verb	n. m. anim. unisex
ګاهې	regular_simple	adv.
ګاوداري	non_verb	n. f.
ګاودم	non_verb	adj.
ګاونډ	non_verb	n. m.
ګاونډی	non_verb	n. m. anim. unisex / adj.
ګاونډیتوب	non_verb	n. m.
ګبین	non_verb	n. m. pl.
ګبینخانه	non_verb	n. f.
ګپ	non_verb	n. m.
ګپ شپ	non_verb	n. m.
ګپ شپ لګول	regular_simple	v. dyn. comp. trans.
ګپ شپي	non_verb	adj.
ګپ لګول	regular_simple	v. dyn. comp. trans.
ګتمه	non_verb	n. f.
ګټ	non_verb	n. m.
ګټ	non_verb	n. m.
ګټل	regular_simple	v. trans.
ګټنه	non_verb	n. f.
ګټه	non_verb	n. f.
ګټه رسول	regular_simple	v. dyn. comp. trans.
ګټه کول	dynamic_compound	v. dyn. comp. trans.
ګټه وټه	non_verb	n. f.
ګټه ورکول	regular_simple	v. dyn. comp. trans.
ګټور	non_verb	adj.
ګټونکی	non_verb	n. m. anim. unisex
ګټیالی	non_verb	n. m. unisex
ګچه	non_verb	n. f.
ګچه کول	dynamic_compound	v. stat. comp. trans.
ګچه کېدل	stative_compound_special	v. stat. comp. intrans.
ګڅ	non_verb	adj.
ګڅ لاسی	non_verb	adj.
ګڅ مټی	non_verb	adj.
ګدا	non_verb	n. f.
ګدا	non_verb	n. m. anim.
ګدا	non_verb	n. m.
ګدام	non_verb	n. m.
ګدایي	non_verb	n. f.
ګدایي کول	dynamic_compound	v. dyn. comp. trans.
ګدۍ	non_verb	n. f.
ګډ	non_verb	adj.
ګډ	non_verb	n. m.
ګډ وډ	non_verb	adj. doub.
ګډا	non_verb	n. f.
ګډا	non_verb	n. f.
ګډه	non_verb	n. f. anim.
ګډوال	non_verb	n. m. anim. unisex
ګډوډول	regular_simple	v. stat. comp. trans.
ګډوډی	non_verb	n. m.
ګډوډي	non_verb	n. f.
ګډوډېدل	stative_compound_standard	v. stat. comp. intrans.
ګډوری	non_verb	n. m.
ګډوکی	non_verb	n. m.
ګډول	regular_simple	v. stat. comp. trans.
ګډول	regular_simple	v. trans.
ګډوله	non_verb	n. f.
ګډون	non_verb	n. m.
ګډون کول	dynamic_compound	v. dyn. comp. trans.
ګډونه	non_verb	n. f.
ګډونوال	non_verb	n. m. anim. unisex
ګډوی	non_verb	n. m.
ګډېدل	stative_compound_standard	v. intrans.
ګډېدل	stative_compound_standard	v. stat. comp. intrans.
ګډېکه	non_verb	n. f.
ګذار	non_verb	n. m.
ګذار	non_verb	suff.
ګذاره	non_verb	n. f.
ګذاره کول	dynamic_compound	v. dyn. comp. trans.
ګذارول	regular_simple	v. trans.
ګذران	non_verb	n. m.
ګذران کول	dynamic_compound	v. dyn. comp. trans.
ګذشت	non_verb	n. m.
ګذشت کول	dynamic_compound	v. dyn. comp. trans.
ګراج	non_verb	n. m.
ګرامر	non_verb	n. m.
ګران	non_verb	adj.
ګران کول	dynamic_compound	v. stat. comp. trans.
ګران کېدل	stative_compound_special	v. stat. comp. intrans.
ګرانښت	non_verb	n. m.
ګراني	non_verb	n. f.
ګرت	non_verb	n. m.
ګرجا	non_verb	n. f.
ګرځبندیز	non_verb	n. m.
ګرځمن	non_verb	adj.
ګرځن	non_verb	adj.
ګرځنده	non_verb	adj.
ګرځندوی	non_verb	n. m.
ګرځول	regular_simple	v. trans.‌ opt. compl.
ګرځون	non_verb	n. m.
ګرځېدل	stative_compound_standard	v. intrans. opt. compl.
ګرد	non_verb	adj.
ګرد	non_verb	n. m.
ګرد چاپېره	regular_simple	adv.
ګرداب	non_verb	n. m.
ګردان	non_verb	n. m.
ګردان کول	dynamic_compound	v. stat. comp. trans.
ګردان کېدل	stative_compound_special	v. stat. comp. intrans.
ګردانول	regular_simple	v. stat. comp. trans.
ګردانېدل	stative_compound_standard	v. stat. comp. intrans.
ګرداو	non_verb	n. m.
ګردباد	non_verb	n. m.
ګردش	non_verb	n. m.
ګرده	non_verb	n. f.
ګردون	non_verb	n. m.
ګردی	non_verb	adj.
ګردی شکل	non_verb	adj.
ګرړېدل	stative_compound_standard	v. intrans.
ګرزندوی	non_verb	n. m.
ګرزول	regular_simple	v. trans.
ګرزون	non_verb	n. m.
ګرزونه	non_verb	n. f.
ګرزېدل	stative_compound_standard	v. intrans.
ګرفتار	non_verb	adj.
ګرفتار کول	dynamic_compound	v. stat. comp. trans.
ګرفتارول	regular_simple	v. stat. comp. trans.
ګرفتاري	non_verb	n. f.
ګرفتارېدل	stative_compound_standard	v. stat. comp. intrans.
ګرګ	non_verb	n. m.
ګرګ	non_verb	n. m. anim. unisex
ګرګس	non_verb	n. m.
ګرګل	non_verb	n. m.
ګرګی	non_verb	n. m.
ګرګی	non_verb	n. m.
ګرم	non_verb	adj.
ګرم	non_verb	adj.
ګرم سېر	non_verb	adj.
ګرمانه	non_verb	n. f.
ګرمتیا	non_verb	n. f.
ګرمټ	non_verb	n. m.
ګرمټ	non_verb	n. m.
ګرمسېر	non_verb	n. m.
ګرمسېل	non_verb	n. m.
ګرمه	non_verb	n. f.
ګرموز	non_verb	adj.
ګرمول	regular_simple	v. stat. comp. trans.
ګرمي	non_verb	n. f.
ګرمېدل	stative_compound_standard	v. stat. comp. intrans.
ګرنټي	non_verb	n. f.
ګرنجانی	non_verb	n. m.
ګرنجول	regular_simple	v. trans.
ګرنجی	non_verb	adj.
ګرنجی	non_verb	n. m.
ګرنیټ	non_verb	n. m.
ګره	non_verb	n. f.
ګروپ	non_verb	n. m.
ګروپ	non_verb	n. m.
ګرول	regular_simple	v. trans.
ګروه	non_verb	n. f.
ګروهه	non_verb	n. f.
ګروهېدل	stative_compound_standard	v. intrans.
ګریان	non_verb	adj.
ګرېبان	non_verb	n. m.
ګرېدل	stative_compound_standard	v. intrans.
ګریس	non_verb	
ګرېو	non_verb	n. m.
ګرېوان	non_verb	n. m.
ګړ	non_verb	n. m.
ګړبړ	non_verb	n. m.
ګړبړ کول	dynamic_compound	v. dyn. comp. trans.
ګړده	non_verb	n. f.
ګړدود	non_verb	n. m.
ګړزګړوز	non_verb	
ګړزول	regular_simple	v. trans.
ګړنجانی	non_verb	n. m.
ګړنجول	regular_simple	v. trans.
ګړند	non_verb	adj. / n. m.
ګړندوالی	non_verb	n. m.
ګړندی	non_verb	adj.
ګړندي	non_verb	n. f.
ګړنګ	non_verb	n. m.
ګړنګ	non_verb	n. m.
ګړنګ ګړنګ	non_verb	n. m.
ګړنه	non_verb	n. f.
ګړه	non_verb	n. f.
ګړه بړه کول	non_verb	
ګړهار	non_verb	n. m.
ګړوبن	non_verb	adj.
ګړوبی	non_verb	n. m.
ګړوبی	non_verb	n. m.
ګړوبی	non_verb	n. m.
ګړی	non_verb	n. m. / suff.
ګړۍ	non_verb	n. f.
ګړۍ ستن	non_verb	n. m.
ګړۍ والا	non_verb	n. m.
ګز	non_verb	n. m.
ګز او پل کول	non_verb	
ګزشته	non_verb	n. f. / adj.
ګزمه	non_verb	n. f.
ګزمه کول	dynamic_compound	v. dyn. comp. trans. sing. or plur.
ګستاخ	non_verb	adj.
ګستاخه	non_verb	adj.
ګستاخي	non_verb	n. f.
ګستاخي کول	dynamic_compound	v. dyn. comp. trans.
ګشت	non_verb	n. m.
ګفتار	non_verb	n. m.
ګګږي	non_verb	
ګل	non_verb	n. m.
ګل	non_verb	n. m.
ګل	non_verb	n. m.
ګل	non_verb	n. m.
ګل سپړل	non_verb	
ګل کرم	non_verb	n. m.
ګل کلاوېدل	non_verb	
ګل کېدل	non_verb	
ګلاب	non_verb	n. m.
ګلابي	non_verb	adj.
ګلاس	non_verb	n. m.
ګلالی	non_verb	adj.
ګلدان	non_verb	n. m
ګلدانۍ	non_verb	n. f.
ګلرېز	non_verb	n. m.
ګلزار	non_verb	n. m.
ګلکار	non_verb	n. m.
ګلکاري	non_verb	n. f.
ګلکاري	non_verb	n. f.
ګلکاري کول	dynamic_compound	v. dyn. comp. trans.
ګلګی	non_verb	n. m.
ګله	non_verb	n. f.
ګلوب	non_verb	n. m.
ګلورین	non_verb	adj.
ګلونه جوړول	non_verb	
ګلی	non_verb	n. m.
ګمان	non_verb	n. m.
ګمان کول	dynamic_compound	v. dyn. comp. trans.
ګمراه	non_verb	adj.
ګمراه کول	dynamic_compound	v. stat. comp. trans.
ګمراه کېدل	stative_compound_special	v. stat. comp. intrans.
ګمراه کېدل	stative_compound_special	v. stat. comp. intrans.
ګمراهي	non_verb	n. f.
ګمرک	non_verb	adj.
ګمرکي	non_verb	adj.
ګمنام	non_verb	adj.
ګن	non_verb	n. m.
ګن	non_verb	n. m.
ګن	non_verb	n. m.
ګناه	non_verb	n. f.
ګناه	non_verb	n. m.
ګناه ګار	non_verb	n. m. anim. unisex / adj.
ګناهکار	non_verb	n. m. anim. unisex / adj.
ګناهکار	non_verb	n. m. anim. unisex / adj.
ګناهګار	non_verb	
ګنبت	non_verb	n. m.
ګنبت وهل	dynamic_compound	v. dyn. comp. trans.
ګنبته	non_verb	n. f.
ګنبده	non_verb	n. f.
ګنټه	non_verb	n. f.
ګنټه په ګنټه	regular_simple	adv.
ګنج	non_verb	n. m.
ګنجایش	non_verb	n. m.
ګنجول	regular_simple	v. trans.
ګنجی	non_verb	adj.
ګنجۍ	non_verb	n. f.
ګنجۍ	non_verb	n. f.
ګنجېدل	stative_compound_standard	v. intrans.
ګنجېدل	stative_compound_standard	v. intrans.
ګنجیفه	non_verb	n. f.
ګنځه	non_verb	n. f.
ګند	non_verb	n. m.
ګند	non_verb	n. m.
ګندا	non_verb	adj.
ګندګي	non_verb	n. f.
ګندنه	non_verb	n. f.
ګنده	non_verb	adj.
ګنده ګي	non_verb	n. f.
ګنډ	non_verb	n. m.
ګنډل	regular_simple	v. trans.
ګنډنه	non_verb	n. f.
ګنډه	non_verb	n. f.
ګنډه مار	non_verb	n. m. anim. unisex
ګنډون	non_verb	n. m.
ګنډونکی	non_verb	n. m.
ګنډیال	non_verb	n. m.
ګنډېر	non_verb	n. m.
ګنډېرمرۍ	non_verb	n. f.
ګنډیری	non_verb	n. m.
ګنس	non_verb	adj.
ګنسول	regular_simple	v. stat. comp. trans.
ګنسېدل	stative_compound_standard	v. stat. comp. intrans.
ګنګس	non_verb	adj.
ګنګسول	regular_simple	v. stat. comp. trans.
ګنګسېدل	stative_compound_standard	v. stat. comp. intrans.
ګنګوړ	regular_simple	adj. / adv.
ګنګوسه	non_verb	n. f.
ګنګی	non_verb	n. m. anim. unisex / adj.
ګنګي	non_verb	n. m. pl.
ګنی	non_verb	n. m.
ګنی	non_verb	n. m.
ګنې	regular_simple	adv.
ګڼ	non_verb	adj.
ګڼ بوټی	non_verb	n. m.
ګڼ کپ	non_verb	n. m. anim. unisex
ګڼل	regular_simple	v. trans.‌ w. compl.
ګڼه	non_verb	n. f.
ګڼه بوز	non_verb	n. m.
ګڼه خور	non_verb	n. m.
ګڼه ګوڼه	non_verb	n. f.
ګڼوالی	non_verb	n. m.
ګڼول	regular_simple	v. stat. comp. trans.
ګڼون	non_verb	n. m.
ګڼې	regular_simple	adv.
ګڼې	regular_simple	adv.
ګهیځ	non_verb	n. m.
ګوار	non_verb	n. m. anim. unisex
ګوار	non_verb	n. m.
ګواښ	non_verb	n. m.
ګواښل	regular_simple	v. trans.
ګواښنه	non_verb	n. f.
ګواښول	regular_simple	v. trans.
ګواښي	non_verb	adj.
ګواکې	non_verb	
ګواه	non_verb	n. m. anim. unisex
ګواهي	non_verb	n. f.
ګواهي کول	dynamic_compound	v. dyn. comp. trans.
ګوبلکه	non_verb	n. f.
ګوبي	non_verb	n. f.
ګوپي	non_verb	n. f.
ګوتلکه	non_verb	n. f.
ګوتلکی	non_verb	adj.
ګوتمۍ	non_verb	n. f.
ګوتنیونه	non_verb	n. f.
ګوتنیوونکی	non_verb	n. m. anim. unisex
ګوته	non_verb	n. f.
ګوتۍ	non_verb	n. f.
ګوټ	non_verb	adj.
ګوټ	non_verb	n. m.
ګوټ	non_verb	n. m.
ګوټ ګوټ	regular_simple	adv.
ګوټ ناسته	non_verb	n. f.
ګوټ ناستی	non_verb	n. m.
ګوټول	regular_simple	v. stat. comp. trans.
ګوټول	non_verb	
ګوټی	non_verb	n. m. / suff.
ګوټېدل	stative_compound_standard	v. stat. comp. intrans.
ګوجر	non_verb	n. m. anim. unisex
ګوجره	non_verb	n. f. anim.
ګوڅی	non_verb	n. m.
ګودال	non_verb	n. m.
ګودام	non_verb	n. m.
ګودر	non_verb	n. m.
ګودي پران	non_verb	n. m.
ګوډ	non_verb	adj.
ګوډ کول	non_verb	
ګوډاګی	non_verb	n. m.
ګوډول	regular_simple	v. stat. comp. trans.
ګوډی	non_verb	adj.
ګوډی	non_verb	n. m.
ګوډی	non_verb	n. m.
ګوډۍ	non_verb	n. f.
ګوډۍ	non_verb	n. f.
ګوډېدل	stative_compound_standard	v. stat. comp. intrans.
ګوډیکه	non_verb	n. f.
ګور	non_verb	adj.
ګور	non_verb	n. m.
ګور	non_verb	n. m.
ګوربت	non_verb	n. m.
ګورستان	non_verb	n. m.
ګورکن	non_verb	n. m. anim. unisex
ګورګوره	non_verb	n. f.
ګورم	non_verb	n. m.
ګوروان	non_verb	n. m.
ګورواني	non_verb	n. f.
ګورېدل	stative_compound_standard	v. intrans.
ګورېدل	stative_compound_standard	v. stat. comp. intrans.
ګوریلا	non_verb	n. f. anim.
ګوړ	non_verb	n. m.
ګوړ	non_verb	n. m.
ګوړمار	non_verb	n. m.
ګوړمار	non_verb	n. m.
ګوړه	non_verb	n. f.
ګوزار	non_verb	n. m.
ګوزار کول	dynamic_compound	v. dyn. comp. trans.
ګوزار کول	dynamic_compound	v. dyn. comp. trans.
ګوزاره	non_verb	n. f.
ګوزاره کول	dynamic_compound	v. dyn. comp. trans.
ګوزارول	regular_simple	v. stat. comp. trans.
ګوزارېدل	stative_compound_standard	v. stat. comp. intrans.
ګوزن	non_verb	n. m.
ګوزڼ	non_verb	n. m.
ګوزڼد	non_verb	n. m.
ګوسړه	non_verb	n. f.
ګوش	non_verb	n. m.
ګوشکه	non_verb	n. f.
ګوشه نشین	non_verb	n. m. anim. unisex
ګوښه	non_verb	adj.
ګوښه	non_verb	n. f.
ګوښه کول	dynamic_compound	v. stat. comp. trans.
ګوښه کېدل	stative_compound_special	v. stat. comp. intrans.
ګوګړ	non_verb	n. m.
ګوګل	non_verb	n. m.
ګوګو	non_verb	
ګوګوشتکه	non_verb	n. f. anim.
ګوګوشتکه	non_verb	n. f.
ګوګوشته	non_verb	n. f.
ګول	non_verb	adj.
ګول	non_verb	n. m.
ګول	non_verb	n. m.
ګولبي	non_verb	n. f.
ګولچي	non_verb	n. m. anim. unisex
ګوله	non_verb	n. f.
ګولۍ	non_verb	n. f.
ګولي پنج	non_verb	n. m.
ګومارل	regular_simple	v. trans.
ګومارنه	non_verb	n. f.
ګومان	non_verb	n. m.
ګومان کول	dynamic_compound	v. dyn. comp. trans.
ګومانډ	non_verb	n. m.
ګومبت	non_verb	n. m.
ګومبته	non_verb	n. f.
ګومبځه	non_verb	n. f.
ګومبزه	non_verb	n. f. anim.
ګومبوری	non_verb	n. m.
ګومنځ	non_verb	n. f.
ګونج	non_verb	n. m.
ګونجکی	non_verb	n. m.
ګونجه	non_verb	n. f.
ګونجېدل	non_verb	
ګونځه	non_verb	n. f.
ګونځی	non_verb	adj.
ګوند	non_verb	n. m.
ګوندي	non_verb	n. m.
ګوندې	regular_simple	adv.
ګونډه	non_verb	n. f.
ګونډی	non_verb	n. m.
ګونډې	non_verb	
ګونز	non_verb	n. f.
ګونګ	non_verb	adj.
ګونګټ	non_verb	n. m. anim.
ګونګری	non_verb	n. m.
ګونګی	non_verb	adj. / n.m. anim. unisex
ګونګی	non_verb	n. m.
ګوڼۍ	non_verb	n. f.
ګوڼېدل	stative_compound_standard	v. intrans.
ګوه	non_verb	n. m.
ګوهر	non_verb	n. m.
ګویا	regular_simple	adv.
ګۍ	non_verb	n. f.
ګیا	non_verb	n. f.
ګیټ	non_verb	n. m.
ګیټی	non_verb	n. m.
ګیټۍ	non_verb	n. f.
ګیټۍ	non_verb	n. f.
ګېټی	non_verb	n. m.
ګیدړ	non_verb	n. m. anim. unisex
ګیدړۍ	non_verb	n. f.
ګېدۍ	non_verb	n. f.
ګېډبنګ	non_verb	adj.
ګېډه	non_verb	n. f.
ګېډه ور	non_verb	adj.
ګېډور	non_verb	adj.
ګېډۍ	non_verb	n. f.
ګیر	non_verb	adj.
ګېر	non_verb	adj.
ګېر	non_verb	n. m.
ګیر چاپېره	regular_simple	loc. adv.
ګېر چاپېره	regular_simple	loc. adv.
ګېر چاپېره کول	dynamic_compound	v. stat. comp. trans.
ګېر چاپېره کېدل	stative_compound_special	v. stat. comp. intrans.
ګیراج	non_verb	n. m.
ګیرل	regular_simple	v. gramm. trans.
ګیرول	regular_simple	v. stat. comp. trans.
ګیرېدل	stative_compound_standard	v. stat. comp. intrans.
ګیس	non_verb	
ګیس سټېشن	non_verb	n. m.
ګیلاس	non_verb	n. m.
ګیلن	non_verb	n. m.
ګیله	non_verb	n. f.
ګیله کول	dynamic_compound	v. dyn. comp. trans.
ګیلیګی	non_verb	n. m.
ګیم	non_verb	n. m.
ګینټه	non_verb	n. f.
ګینټه په ګینټه	regular_simple	adv.
ګینټي	non_verb	n. f.
ګینټۍ	non_verb	n. f.
ګینګ	non_verb	n. m.
لا	non_verb	
لا پروا	non_verb	adj.
لا پروایي	non_verb	n. f.
لا ګواښي	non_verb	adj.
لا له وړاندې	regular_simple	adv.
لا وړم	non_verb	
لاپسې	regular_simple	adv.
لاپه	non_verb	n. f.
لاپوک	non_verb	n. m. anim. unisex
لاپې کول	dynamic_compound	v. dyn. comp. trans. sing. or plur.
لاپې وهل	dynamic_compound	v. dyn. comp. trans. sing. or plur.
لاته	non_verb	
لاټري	non_verb	n. f.
لاټو	non_verb	n. m.
لاټېن	non_verb	n. m.
لاجورد	non_verb	n. m.
لاچي	non_verb	n. f.
لاحقه	non_verb	n. f.
لار	non_verb	n. f.
لارښود	non_verb	n. m. / n. m. anim. unisex
لارښودنه	non_verb	n. f.
لارښوونه	non_verb	n. f.
لارغه	non_verb	n. f.
لارلباري	non_verb	n. f.
لاره	non_verb	n. f.
لاروا	non_verb	n. f.
لارورکی	non_verb	adj.
لاروونی	non_verb	n. m. anim. unisex
لاروی	non_verb	n. m. anim. unisex
لاري	non_verb	n. f.
لاري والا	non_verb	n. m. anim. unisex
لاریون	non_verb	n. m.
لاریون کوونکی	non_verb	n. m. anim. unisex
لاړ	non_verb	
لاړه	non_verb	n. f.
لاړی	non_verb	n. m.
لاړي	non_verb	n. f.
لاړې	non_verb	n. f. pl.
لاړې تېرول	regular_simple	v. dyn. comp. trans.
لازم	non_verb	adj.
لازمي	non_verb	adj.
لاس	non_verb	n. m.
لاس اړی	non_verb	adj.
لاس او ګرېوان کېدل	non_verb	
لاس پرې نیول	non_verb	
لاس پړک	non_verb	n. m.
لاس پړکول	non_verb	
لاس په کار کېدل	non_verb	
لاس په لاس کول	non_verb	
لاس پوڅڼی	non_verb	n. m.
لاس پورې کول	non_verb	
لاس ته کول	non_verb	
لاس څپوڼی	non_verb	n. m.
لاس څراغ	non_verb	n. m.
لاس راښکل	non_verb	
لاس روغبړ	non_verb	n. m.
لاس ګاډۍ	non_verb	n. f.
لاس لګول	regular_simple	v. dyn. comp. trans.
لاس ماغو	non_verb	n. m.
لاس مښل	non_verb	
لاس میلاوول	non_verb	
لاس ورکول	regular_simple	v. dyn. comp. trans.
لاس وروړل	non_verb	
لاس وړل	regular_simple	v. dyn. comp. trans.
لاس وهنه	non_verb	n. f.
لاسبری	non_verb	adj.
لاسبري	non_verb	n. f.
لاسپاک	non_verb	n. m.
لاسپلاس	non_verb	
لاسپوچی	non_verb	n. m.
لاسپوچی حکومت	non_verb	n. m.
لاسپوڅی	non_verb	n. m.
لاسته راوړل	non_verb	
لاسته راوړنه	non_verb	n. f.
لاستی	non_verb	n. m.
لاسرسی	non_verb	n. m.
لاسلیک	non_verb	n. m.
لاسلیک کول	dynamic_compound	v. dyn. comp. trans.
لاسلیکول	regular_simple	v. stat. comp. trans.
لاسنیوی	non_verb	n. m.
لاسوند	non_verb	n. m.
لاسي چراغ	non_verb	n. m.
لاسي کراچۍ	non_verb	n. f.
لاسیوی	non_verb	n. m.
لاش	non_verb	n. m.
لاشعور	non_verb	adj.
لاشعوري	regular_simple	adj. / adv.
لاعلاجه	non_verb	adj.
لاغو	non_verb	n. m.
لاغورنیکه	non_verb	n. m. anim. unisex
لافه	non_verb	n. f.
لافې کول	dynamic_compound	v. dyn. comp. trans.
لاکن	non_verb	conj.
لاکي	non_verb	adj.
لاګو	non_verb	adj.
لاګو کول	dynamic_compound	v. stat. comp. trans.
لالا	non_verb	n. m. anim.
لالاناوې	non_verb	n. f. anim.
لالج	non_verb	n. m.
لالچ	non_verb	n. m.
لالچي	non_verb	adj.
لاله سر	non_verb	n. m. anim. unisex
لالهاند	non_verb	adj.
لالهاندول	regular_simple	v. stat. comp. trans.
لالهاندي	non_verb	n. f.
لالهاندېدل	stative_compound_standard	v. stat. comp. intrans.
لالو	non_verb	n. f.
لاما	non_verb	n. f.
لامبات	non_verb	n. m.
لامبل	regular_simple	v. gram. trans.
لامبو	non_verb	n. f.
لامبو وهل	dynamic_compound	v. dyn. comp. trans.
لامبوزن	non_verb	n. m. anim. unisex
لامپه	non_verb	n. f.
لامحدود	non_verb	adj.
لامل	non_verb	n. m.
لانت	non_verb	n. m.
لانجمن	non_verb	adj.
لانجه	non_verb	n. f.
لاندستون	non_verb	n. m.
لاندې	regular_simple	adv.
لاندې باندې	non_verb	adj.
لاندې باندې کول	dynamic_compound	v. stat. comp. trans.
لاندې باندې کېدل	stative_compound_special	v. stat. comp. intrans.
لاندینی	non_verb	adj.
لانډکروزر	non_verb	n. m.
لاڼی	non_verb	n. m.
لاهم	regular_simple	adv.
لاهو	non_verb	adj.
لاهو کول	dynamic_compound	v. stat. comp. trans.
لاهو کېدل	stative_compound_special	v. stat. comp. intrans.
لاهور	non_verb	n. m.
لایتر	non_verb	n. m.
لایټر	non_verb	n. m.
لایچي	non_verb	n. f.
لایحه	non_verb	n. f.
لایسنس	non_verb	n. m.
لایق	non_verb	adj.
لاین	non_verb	n. m.
لباس	non_verb	n. m.
لبلبو	non_verb	n. m.
لبنان	non_verb	n. m.
لبنیات	non_verb	n. m. pl.
لبیک	non_verb	interj.
لپ خور	non_verb	adj.
لپاره	non_verb	
لپړ	non_verb	n. m.
لپړی	non_verb	n. m.
لپکی	non_verb	n. m.
لپه	non_verb	n. f.
لپیت	non_verb	n. m. pl.
لت پت	non_verb	adj. doub.
لت پت کېدل	stative_compound_special	v. stat. comp. intrans.
لتاړ	non_verb	adj.
لتاړول	regular_simple	v. stat. comp. trans.
لتاړېدل	stative_compound_standard	v. stat. comp. intrans.
لته	non_verb	n. f.
لته	non_verb	n. f.
لته ورکول	regular_simple	v. dyn. comp. trans.
لته وهل	dynamic_compound	v. dyn. comp. trans. sing. or plur.
لټ	non_verb	adj. / n. m. anim. unisex
لټ پټ کول	non_verb	
لټ پټ کېدل	non_verb	
لټپېر	non_verb	n. m.
لټل	non_verb	
لټه	non_verb	n. f.
لټول	regular_simple	v. trans./gramm. trans.
لټون	non_verb	n. m.
لټون کوونکی	non_verb	adj. / n. m. anim. unisex
لټي	non_verb	n. f.
لټېدل	stative_compound_standard	v. intrans.
لټېدل	stative_compound_standard	v. stat. comp. intrans.
لج	non_verb	n. m.
لچ	non_verb	n. m.
لچر	non_verb	adj.
لچري	non_verb	adj.
لچک	non_verb	n. m.
لچکدار	non_verb	adj.
لحاظ	non_verb	n. m.
لحاظ کول	dynamic_compound	v. dyn. comp. trans.
لحد	non_verb	n. m.
لحظه	non_verb	n. f.
لحن	non_verb	n. m.
لخچک	non_verb	n. m.
لخک	non_verb	n. m.
لخوا	non_verb	
لر	non_verb	adj. / n. m. anim. unisex
لرغن	non_verb	adj.
لرغون	non_verb	n. m.
لرغون پېژندنه	non_verb	n. f.
لرغونپال	non_verb	adj. / n. m. anim. unisex
لرغونی	non_verb	adj.
لرګی	non_verb	n. m.
لرګین	non_verb	adj.
لرل	regular_simple	v. trans.
لرلید	non_verb	n. m.
لره	non_verb	adpos.
لروبر	regular_simple	adv.
لرونکی	non_verb	n. m. anim. unisex
لری	non_verb	n. m.
لری	non_verb	n. m.
لري	non_verb	adj.
لرې	regular_simple	adj. / loc. adv.
لرې کول	dynamic_compound	v. stat. comp. trans.
لري کولمې	non_verb	n. f. pl.
لرې کېدل	stative_compound_special	v. stat. comp. intrans.
لرې والی	non_verb	n. m.
لرېدل	stative_compound_standard	v. intrans.
لړ	non_verb	n. m.
لړایي	non_verb	n. f.
لړزا	non_verb	n. f.
لړزان	non_verb	adj.
لړزانده	non_verb	adj.
لړزه	non_verb	n. f.
لړزول	regular_simple	v. trans.
لړزېدل	stative_compound_standard	v. intrans.
لړل	regular_simple	v. trans.
لړلی	non_verb	adj.
لړم	non_verb	n. m. anim.
لړم بوټی	non_verb	n. m.
لړماچ	non_verb	n. m.
لړماښ	non_verb	n. m.
لړمون	non_verb	n. m.
لړه	non_verb	adj.
لړه	non_verb	n. f.
لړه	non_verb	n. f.
لړه	non_verb	n. f.
لړه غومی	non_verb	n. m.
لړه غومی کول	dynamic_compound	v. dyn. comp. trans.
لړه کول	dynamic_compound	v. stat. comp. trans.
لړومی	non_verb	n. m.
لړونی	non_verb	n. m.
لړۍ	non_verb	n. f.
لږ	non_verb	adj.
لږترلږه	regular_simple	adv.
لږکي	non_verb	n. f.
لږکۍ	non_verb	n. f.
لږوالی	non_verb	n. m.
لږول	regular_simple	v. stat. comp. trans.
لږی	non_verb	n. m.
لږېدل	stative_compound_standard	v. stat. comp. intrans.
لس	non_verb	num.
لستوڼی	non_verb	n. m.
لسګون	non_verb	n. m.
لسګونه	non_verb	
لسم	non_verb	adj.
لسمه حصه	non_verb	
لسي	non_verb	n. f.
لسیز	non_verb	adj.
لسیزه	non_verb	n. f.
لشکه	non_verb	n. f.
لشماتي	non_verb	n. f.
لشه	non_verb	n. f.
لښته	non_verb	n. f.
لښتی	non_verb	n. m.
لښتی	non_verb	n. m.
لښتۍ	non_verb	n. f.
لښکر	non_verb	n. m. anim. unisex
لطف	non_verb	n. m.
لطف کول	dynamic_compound	v. dyn. comp. trans.
لطفاً	non_verb	interj.
لطیفه	non_verb	n. f.
لعابي	non_verb	adj.
لعل	non_verb	n. m.
لعن	non_verb	n. m.
لعنت	non_verb	n. m.
لعنت ویل	regular_simple	v. dyn. comp. trans.
لعنتی	non_verb	adj.
لعنتي	non_verb	adj.
لعنتي	non_verb	adj.
لعین	non_verb	adj.
لغت	non_verb	n. m.
لغته	non_verb	n. f.
لغته وهل	dynamic_compound	v. dyn. comp. trans.
لغړ	non_verb	adj.
لغړول	regular_simple	v. trans.
لغړېدل	stative_compound_standard	v. intrans.
لغړېدل	stative_compound_standard	v. stat. comp. intrans.
لغزش	non_verb	n. m.
لغزن	non_verb	adj.
لغم	non_verb	n. m.
لغوه	non_verb	n. f.
لغوه کول	dynamic_compound	v. stat. comp. trans.
لغوه کېدل	stative_compound_special	v. stat. comp. intrans.
لفافه	non_verb	n. f.
لفټ	non_verb	n. m.
لفظ	non_verb	n. m.
لفظي	non_verb	adj.
لقب	non_verb	n. m.
لک	non_verb	num.
لکچر	non_verb	n. m.
لکړه	non_verb	n. f.
لکنت	non_verb	n. m.
لکڼه	non_verb	n. f.
لکه	regular_simple	adv.
لکه	non_verb	n. f.
لکه دار	non_verb	adj. / n. m. anim. unisex
لکۍ	non_verb	n. f.
لکۍ دار	non_verb	adj.
لکۍ وال	non_verb	adj.
لکۍ وال ستوری	non_verb	n. m.
لکیره	non_verb	n. f.
لګ لګ	non_verb	n. m.
لګاتار	regular_simple	adv. / adj.
لګښت	non_verb	n. m.
لګښت توکي	non_verb	n. m. pl.
لګښتي	non_verb	adj.
لګن	non_verb	n. m.
لګن سری	non_verb	adj.
لګول	regular_simple	v. trans.
لګیا	non_verb	adj.
لګېدل	stative_compound_standard	v. intrans.
للمه	non_verb	n. f.
للمي	non_verb	adj.
للون	non_verb	n. m.
للون کول	dynamic_compound	v. dyn. comp. trans.
للونول	regular_simple	v. stat. comp. trans.
للونېدل	stative_compound_standard	v. stat. comp. intrans.
لم	non_verb	n. m.
لم غوټه	non_verb	
لمانځل	regular_simple	v. trans.
لمانځنه	non_verb	n. f.
لمانځه	non_verb	n. f.
لمبر	non_verb	n. m.
لمبړ	non_verb	n. m. anim. unisex
لمبړه	non_verb	n. f.
لمبل	regular_simple	v. gramm. trans.
لمبه	non_verb	n. f.
لمبول	regular_simple	v. gramm. trans.
لمبی	non_verb	n. m.
لمبېدل	stative_compound_standard	v. intrans.
لمبېده	non_verb	n. m.
لمپه	non_verb	n. f.
لمحه	non_verb	n. f.
لمده	non_verb	
لمدول	regular_simple	v. stat. comp. trans.
لمدېدل	stative_compound_standard	v. stat. comp. intrans.
لمر	non_verb	n. m.
لمر پرېواته	non_verb	n. m.
لمر تندره	non_verb	n. f.
لمر څرک	non_verb	n. m.
لمر څرک	non_verb	n. m.
لمر څریکه	non_verb	n. f.
لمر خاته	non_verb	n. m.
لمر ختیځ	non_verb	n. m. / adj.
لمر لرونکی	non_verb	adj.
لمر لوېده	non_verb	n. m.
لمر لوېدیځ	non_verb	n. m. / adj.
لمرخاته	non_verb	n. m.
لمرنی	non_verb	adj.
لمریز	non_verb	adj.
لمرین	non_verb	adj.
لمړنی	non_verb	adj.
لمړی	non_verb	adj.
لمس	non_verb	n. m.
لمس کول	dynamic_compound	v. dyn. comp. trans.
لمسول	regular_simple	v. stat. comp. trans.
لمسون	non_verb	n. m.
لمسی	non_verb	n. m. anim. unisex
لمسۍ	non_verb	n. f. anim.
لمن	non_verb	n. f.
لمنځل	regular_simple	v. trans.
لمنه	non_verb	n. f.
لمونځ	non_verb	n. m.
لمېسنه	non_verb	n. f.
لندن	non_verb	n. m.
لندول	regular_simple	v. stat. comp. trans.
لندېدل	stative_compound_standard	v. stat. comp. intrans.
لنډ	non_verb	adj.
لنډ پر لنډه	regular_simple	adv.
لنډ مهال	regular_simple	adj. / adv.
لنډ مهالي	non_verb	adj.
لنډغر	non_verb	n. m. anim. unisex / adj.
لنډه	non_verb	n. f.
لنډه	non_verb	
لنډه دا چې ...	non_verb	
لنډه لار	non_verb	
لنډه لاره	non_verb	
لنډه هر	non_verb	n. m. anim. unisex
لنډول	regular_simple	v. stat. comp. trans.
لنډون	non_verb	n. m.
لنډی	non_verb	adj.
لنډۍ	non_verb	n. f.
لنډۍ	non_verb	n. f. anim.
لنډېدل	stative_compound_standard	v. stat. comp. intrans.
لنډیز	non_verb	n. m.
لنګ	non_verb	n. m.
لنګر	non_verb	n. m.
لنګرۍ	non_verb	n. f.
لنګه	non_verb	adj.
لنګه	non_verb	n. f.
لنګوټه	non_verb	n. f.
لنګون	non_verb	n. m.
لنګېدل	stative_compound_standard	v. stat. comp. intrans.
له	non_verb	adpos.
له ... پرته	non_verb	sandwich
له ... سره سره	non_verb	
له امله	non_verb	adpos.
له بده مرغه	regular_simple	adv.
له پاره	non_verb	adpos.
له پاسه	regular_simple	loc. adv.
له پلوه	non_verb	adpos.
له ټولو نه ښه	non_verb	adj.
له دې کبله	non_verb	
له دې وجهې	regular_simple	adv.
له ښه مرغه	non_verb	
له کبله	non_verb	
له کومه	regular_simple	adv.
له لاسه ورکول	non_verb	
له مخې	non_verb	
له منځه وړل	non_verb	
له واره	regular_simple	adv.
له وارې	regular_simple	adv.
له وجې	non_verb	
له ورا	regular_simple	adv.
له ورایه	regular_simple	adv.
لهجه	non_verb	n. f.
لهجوي	non_verb	adj.
لهر	non_verb	n. m.
لهلپاند	non_verb	adj.
لهو	non_verb	n. m.
لو	non_verb	n. f.
لو	non_verb	n. m.
لو	non_verb	n. m. pl.
لوا	non_verb	n. f.
لوارخانه	non_verb	n. f.
لوازم	non_verb	n. m. pl.
لواطت	non_verb	
لوبان	non_verb	n. m.
لوبځی	non_verb	n. m.
لوبڅار	non_verb	n. m. anim. unisex
لوبډلمشر	non_verb	n. m. anim. unisex
لوبډله	non_verb	n. f.
لوبغاړی	non_verb	n. m. anim. unisex / adj.
لوبغالی	non_verb	n. m.
لوبه	non_verb	n. f.
لوبه کول	dynamic_compound	v. dyn. comp. trans. sing. or plur.
لوبول	regular_simple	v. trans.
لوبول	regular_simple	v. trans.
لوبونی	non_verb	n. m.
لوبیا	non_verb	n. f.
لوبیا	non_verb	n. f.
لوبېدل	stative_compound_standard	v. intrans.
لوپټه	non_verb	n. f.
لوپر	non_verb	n. m. anim. unisex
لوټ	non_verb	n. m.
لوټ	non_verb	n. m. / adj.
لوټ پاټ	non_verb	n. m.
لوټ مار	non_verb	n. m. anim. unisex
لوټ ماري	non_verb	n. f.
لوټ میری	non_verb	n. m.
لوټکی	non_verb	n. m.
لوټل	regular_simple	v. trans.
لوټه	non_verb	n. f.
لوټه	non_verb	n. f.
لوټه	non_verb	n. f.
لوټه مار	non_verb	n. m.
لوټول	regular_simple	v. stat. comp. trans.
لوټېدل	stative_compound_standard	v. stat. comp. intrans.
لوچک	non_verb	n. m. anim. unisex / adj.
لوڅ	non_verb	adj.
لوڅ لپړ	non_verb	adj.
لوڅېدل	stative_compound_standard	v. stat. comp. intrans.
لوحه	non_verb	n. f.
لوخړه	non_verb	n. f.
لوخه	non_verb	n. f.
لودره	non_verb	n. f.
لودره	non_verb	n. f.
لوده	non_verb	adj.
لوډسپیکر	non_verb	n. m.
لور	non_verb	n. f. anim. fam.
لور	non_verb	n. m.
لور	non_verb	n. m.
لورغی	non_verb	n. m.
لورول	regular_simple	v. trans.
لوری	non_verb	n. m.
لوری نیول	regular_simple	v. dyn. comp. trans.
لورېدل	non_verb	
لوړ	non_verb	adj.
لوړ	non_verb	n. m.
لوړ	non_verb	n. m.
لوړپوړی	non_verb	adj.
لوړتیا	non_verb	n. f.
لوړکی	non_verb	n. m.
لوړه	non_verb	n. f.
لوړوالی	non_verb	n. m.
لوړول	regular_simple	v. stat. comp. trans.
لوړي	non_verb	n. f.
لوړېدل	stative_compound_standard	v. intrans.
لوړېدل	stative_compound_standard	v. stat. comp. intrans.
لوړیزه	non_verb	n. f.
لوز	non_verb	n. m.
لوزه	non_verb	n. f.
لوزه	non_verb	n. f.
لوژ	non_verb	n. m.
لوږه	non_verb	n. f.
لوست	non_verb	n. m.
لوست	non_verb	n. m.
لوست	non_verb	n. m.
لوستانۍ	non_verb	n. f. anim.
لوستل	regular_simple	v. trans.
لوستل	regular_simple	v. trans.
لوستل	non_verb	
لوستنه	non_verb	n. f.
لوستونکی	non_verb	n. m. anim. unisex
لوستی	non_verb	adj.
لوشل	regular_simple	v. trans.
لوښه	non_verb	n. f.
لوښه	non_verb	n. f.
لوښی	non_verb	n. m.
لوښي	non_verb	
لوښې	non_verb	n. f. pl.
لوظ	non_verb	n. m.
لوظ کول	dynamic_compound	v. dyn. comp. trans.
لوظ نامه	non_verb	n. f.
لوغړن	non_verb	adj.
لوفر	non_verb	n. m. anim. unisex
لوګر	non_verb	n. m. anim. unisex
لوګی	non_verb	n. m.
لوګي	non_verb	n. m. pl.
لولانه	non_verb	n. f.
لولپاند	non_verb	adj.
لولپه	non_verb	adj.
لولکی	non_verb	n. m.
لولول	regular_simple	v. trans.
لولۍ	non_verb	n. f.
لولۍ توب	non_verb	n. m.
لومبړ	non_verb	n. m. anim. unisex
لومبړه	non_verb	n. f. anim.
لومد	non_verb	adj.
لومړنی	non_verb	adj.
لومړنۍ مرسته	non_verb	
لومړی	non_verb	adj.
لومړیتوب	non_verb	n. m.
لومه	non_verb	n. f.
لونبړه	non_verb	n. f. anim.
لوند	non_verb	adj.
لوند	non_verb	adj.
لوندول	regular_simple	v. stat. comp. trans.
لوندېدل	stative_compound_standard	v. stat. comp. intrans.
لونډ	non_verb	n. m. anim. unisex
لونډه	non_verb	n. f. anim.
لونګ	non_verb	n. m.
لونګۍ	non_verb	n. f.
لوهار	non_verb	n. m. anim. unisex
لوول	regular_simple	v. stat. comp. trans.
لوی	non_verb	adj.
لوی څارنوال	non_verb	n. m. anim. unisex
لوی درستیز	non_verb	
لوی لاسی	non_verb	adj.
لوی والی	non_verb	n. m.
لوېدل	stative_compound_standard	v. intrans.
لوېدل	stative_compound_standard	v. stat. comp. intrans.
لوېدیځ	non_verb	n. m. / adj.
لوېدیځپوه	non_verb	n. m. anim. unisex
لوېشت	non_verb	n. f.
لوېشتکی	non_verb	n. m. anim. unisex
لوېشتنک	non_verb	n. m. anim. unisex
لوېشتول	regular_simple	v. stat. comp. trans.
لویه ډوډۍ	non_verb	
لویه وچه	non_verb	n. f.
لویول	regular_simple	v. stat. comp. trans.
لویول	regular_simple	v. trans.
لویي	non_verb	n. f.
لویي مار	non_verb	adj.
لویېدل	stative_compound_standard	v. stat. comp. intrans.
لیار	non_verb	n. f.
لیاقت	non_verb	n. m.
لیت	non_verb	adj.
لیت	non_verb	n. m.
لیت پیت	non_verb	adj. doub.
لیټرین	non_verb	n. m.
لېټرین	non_verb	n. m.
لیچ	non_verb	n. m.
لېچ	non_verb	n. m.
لېچه	non_verb	n. f.
لید	non_verb	n. m.
لیدل	split_stem	v. trans./gramm. trans.
لیدلوری	non_verb	n. m.
لیدنه	non_verb	n. f.
لېرګۍ	non_verb	n. f.
لیره	non_verb	n. f.
لیرې	regular_simple	adj. / adv.
لېرې	regular_simple	adj. / loc. adv.
لېږد رالېږد	non_verb	n. m.
لېږدنه	non_verb	n. f.
لېږدول	regular_simple	v. trans.
لېږدېدل	stative_compound_standard	v. intrans.
لیږل	regular_simple	v. trans.
لېږل	regular_simple	v. trans.
لیسه	non_verb	n. f.
لېسه	non_verb	n. f.
لېش	non_verb	adj.
لېشه	non_verb	n. f.
لېښول	regular_simple	v. trans.
لیف	non_verb	n. m.
لېفت	non_verb	n. m.
لیک	non_verb	n. m.
لیک او لوست	non_verb	
لیکدود	non_verb	n. m.
لیکل	regular_simple	v. trans./gramm. trans.
لیکن	non_verb	conj.
لېکن	non_verb	conj.
لیکنه	non_verb	n. f.
لېکه	non_verb	n. f.
لیکوال	non_verb	n. m. anim. unisex
لیکونکی	non_verb	n. m. anim. unisex
لیکی	non_verb	n. m.
لیلام	non_verb	n. m.
لیلام چي	non_verb	n. m.
لیلامول	regular_simple	v. stat. comp. trans.
لیلامي	non_verb	n. f.
لیلامېدل	stative_compound_standard	v. stat. comp. intrans.
لیلیه	non_verb	adj.
لیم جوشي	non_verb	n. f.
لیمڅی	non_verb	n. m.
لیمو	non_verb	n. m.
لین	non_verb	n. m.
لین جوړول	regular_simple	v. dyn. comp. trans.
لین دین	non_verb	n. m.
لین دین	non_verb	n. m.
لین دین کول	dynamic_compound	v. dyn. comp. trans.
لینځکه	non_verb	n. f.
لینده	non_verb	n. f.
لیندۍ	non_verb	n. f.
لینډا	non_verb	adj.
لېنګی	non_verb	n. m.
لېو	non_verb	n. m.
لېوال	non_verb	adj.
لېوالتیا	non_verb	n. f.
لېوالول	regular_simple	v. stat. comp. trans.
لېوالېدل	stative_compound_standard	v. stat. comp. intrans.
لېور	non_verb	n. m. anim.
لېورزۍ	non_verb	n. f. anim.
لېونتوب	non_verb	n. m.
لېونتون	non_verb	n. m.
لیونی	non_verb	n. m. anim. unisex / adj.
لېونی	non_verb	n. m. anim. unisex / adj.
لېونی کول	dynamic_compound	v. stat. comp. trans.
لېونی کېدل	stative_compound_special	v. stat. comp. intrans.
لېوه	non_verb	n. f. anim.
لېوه	non_verb	n. m. anim.
لېوول	regular_simple	v. stat. comp. trans.
لېوېدل	stative_compound_standard	v. stat. comp. intrans.
ما	non_verb	pron.
مابین	non_verb	n. m.
مابین	non_verb	
ماپښین	non_verb	n. m.
مات	non_verb	adj.
ماتل	non_verb	adj.
ماتله	non_verb	adj.
ماتم	non_verb	n. m.
ماتمی	non_verb	n. m.
ماته	non_verb	n. f.
ماته خوړل	regular_simple	v. dyn. comp. trans.
ماته ورکول	regular_simple	v. dyn. comp. trans.
ماتول	regular_simple	v. stat. comp. trans.
ماتونه	non_verb	n. f.
ماتې	non_verb	n. f.
ماتې روپۍ	non_verb	n. f. pl.
ماتېدل	stative_compound_standard	v. stat. comp. intrans.
ماټور	non_verb	adj.
ماټوۍ	non_verb	n. f.
ماچس	non_verb	n. m. pl.
ماحول	non_verb	n. m.
ماخذ	non_verb	n. m.
ماخستن	non_verb	n. m.
ماخوذېدل	non_verb	
ماخوستن	non_verb	n. m.
ماده	non_verb	
ماده	non_verb	n. f.
مادي	non_verb	adj.
مادي پرستي	non_verb	n. f.
مادیت	non_verb	n. m.
مار	non_verb	n. m. anim.
مارباغ	non_verb	n. m.
مارچ	non_verb	n. m.
مارچه	non_verb	n. f.
مارچه کول	dynamic_compound	v. stat. comp. trans.
مارکب	non_verb	n. m.
مارکونډۍ	non_verb	n. f.
مارکېټ	non_verb	n. m.
مارماهي	non_verb	n. f.
مارمهي	non_verb	n. f.
مازدیګر	non_verb	n. m.
مازغه	non_verb	n. m. pl.
مازې	regular_simple	adv.
مازیګر	non_verb	n. m.
ماسپښین	non_verb	n. m.
ماسپېښین	non_verb	n. m.
ماسته	non_verb	n. m. pl.
ماسختن	non_verb	n. m.
ماسک	non_verb	n. m.
ماسوا	regular_simple	adv.
ماسي	non_verb	n. f.
ماشه	non_verb	n. f. anim.
ماشه	non_verb	n. f.
ماشوم	non_verb	n. m. anim. unisex
ماشوم اخیستل	regular_simple	v. dyn. comp. trans.
ماشوم غورځول	non_verb	
ماشومانه	regular_simple	adv. / adj.
ماشومتوب	non_verb	n. m.
ماشوموالی	non_verb	n. m.
ماشی	non_verb	n. m.
ماشین	non_verb	n. m.
ماشینخانه	non_verb	n. f.
ماشیني	non_verb	adj. / n. f.
ماښام	regular_simple	n. m. / adv.
ماښامی	non_verb	n. m.
ماضي	non_verb	n. f.
ماغزي ګوزڼ	non_verb	n. m.
مافیها	non_verb	
مال	non_verb	n. m. pl.
مال حال	non_verb	n. m.
مال خانه	non_verb	n. f.
مال دار	non_verb	adj. / n. m.
مال مواشي	non_verb	
مال و منال	non_verb	n. m.
مال وړونکی	non_verb	n. m.
مالټه	non_verb	n. f.
مالچر	non_verb	n. m.
مالدار	non_verb	adj. / n. m. anim. unisex
مالداره	non_verb	adj.
مالداري	non_verb	n. f.
مالش	non_verb	n. m.
مالش کول	dynamic_compound	v. dyn. comp. trans.
مالښ	non_verb	n. m.
مالک	non_verb	n. m. anim. unisex
مالکانه	non_verb	n. f.
مالکه	non_verb	n. f.
مالکیت	non_verb	n. m.
مالګذاري	non_verb	n. f.
مالګه	non_verb	n. f.
مالګین	non_verb	adj.
مالګین توب	non_verb	n. m.
مالم	non_verb	n. m. anim. unisex
مالوج	non_verb	n. m. pl.
مالوچ	non_verb	n. m. pl.
مالوچول	regular_simple	v. stat. comp. trans.
مالوم	non_verb	adj.
مالومات	non_verb	n. m. pl.
مالومات کول	dynamic_compound	v. dyn. comp. trans.
مالوماتي	non_verb	adj.
مالومول	regular_simple	v. stat. comp. trans.
مالي	non_verb	n. m. anim. unisex / adj.
مالي حالت	non_verb	n. m.
مالي حیثیت	non_verb	n. m.
مالیات	non_verb	n. m. pl.
مالیاري	non_verb	n. f.
مالیتوب	non_verb	n. m.
مالېدل	stative_compound_standard	v. stat. comp. intrans.
مالیده	non_verb	n. f.
مالیه	non_verb	n. f.
ماما	non_verb	n. m. anim.
ماماجي	non_verb	n. m. anim.
مامک	non_verb	n. m. anim. unisex
مامور	non_verb	adj. / n. m. anim. unisex
ماموریت	non_verb	n. m.
مامي	non_verb	n. f.
مانا	non_verb	n. f.
ماناداره	non_verb	adj.
مانجه	non_verb	n. f.
ماندینه	non_verb	n. f.
ماندینه کول	dynamic_compound	v. dyn. comp. trans.
مانع	non_verb	n. f.
مانع	non_verb	n. m.
مانع حمل	non_verb	n. m.
مانع سازي	non_verb	n. f.
ماڼکی	non_verb	n. m. anim. unisex
ماڼکی	non_verb	n. m.
ماڼه	non_verb	n. f.
ماڼه	non_verb	n. f.
ماڼو	non_verb	n. m. anim. unisex / n. m.
ماڼوتوب	non_verb	n. m.
ماڼی	non_verb	n. m.
ماڼۍ	non_verb	n. f.
ماڼې جن	non_verb	adj.
ماڼېګر	non_verb	adj.
ماهانه	regular_simple	adv. / adj.
ماهر	non_verb	adj. / n. m. anim. unisex
ماهر طب	non_verb	n. m. anim. unisex
ماهوار	non_verb	adj.
ماهواري	regular_simple	adj. / adv.
ماهی	non_verb	n. m. anim.
ماهي	non_verb	n. f.
ماهي نیوونکی	non_verb	n. m. anim. unisex
ماهیت	non_verb	n. m.
ماهیګیر	non_verb	n. m. anim. unisex
ماهیګیري	non_verb	n. f.
مایع	non_verb	n. f. pl. / adj.
مایل	non_verb	adj.
مایل کول	dynamic_compound	v. stat. comp. trans.
مایل کېدل	stative_compound_special	v. stat. comp. intrans.
مایله	non_verb	adj.
مایله کول	dynamic_compound	v. stat. comp. trans.
مایله کېدل	stative_compound_special	v. stat. comp. intrans.
مایلول	regular_simple	v. stat. comp. trans.
مایلېدل	stative_compound_standard	v. stat. comp. intrans.
ماین	non_verb	n. m.
ماینه	non_verb	n. f. anim.
مایه	non_verb	n. f.
مایوس	non_verb	adj.
مایوسه	non_verb	adj.
مایوسه کول	dynamic_compound	v. stat. comp. trans.
مایوسه کېدل	stative_compound_special	v. stat. comp. intrans.
مایوسول	regular_simple	v. stat. comp. trans.
مایوسي	non_verb	n. f.
مایوسېدل	stative_compound_standard	v. stat. comp. intrans.
مباح	non_verb	adj.
مباحثه	non_verb	n. f.
مبادا	non_verb	interj.
مبارز	non_verb	n. m. anim. unisex / adj.
مبارزه	non_verb	n. f.
مبارک	non_verb	adj.
مبارکي	non_verb	n. f.
مبارکي ورکول	regular_simple	v. dyn. comp. trans.
مبالغه	non_verb	n. f.
مبالغه کول	dynamic_compound	v. dyn. comp. trans.
مبالغه مېز	non_verb	adj.
مبتدا	non_verb	n. f.
مبتذل	non_verb	adj.
مبتکر	non_verb	n. m. anim. unisex / adj.
مبتلا	non_verb	adj.
مبصر	non_verb	n. m. anim. unisex
مبغوز	non_verb	adj.
مبلغ	non_verb	n. m.
مبلغ	non_verb	n. m. anim. unisex
مبهم	non_verb	adj.
مبیعه	non_verb	n. f.
متابعت	non_verb	n. m.
متابعت کول	dynamic_compound	v. dyn. comp. trans.
متاثر	non_verb	adj.
متاثرین	non_verb	n. m. pl.
متاسف	non_verb	adj.
متأسف	non_verb	adj.
متاسفانه	regular_simple	adv.
متاع	non_verb	n. f.
متألم	non_verb	adj.
متانت	non_verb	n. m.
متاهل	non_verb	adj.
متاوتر	regular_simple	adj. / adv.
متبادل	non_verb	adj.
متحد	non_verb	adj. / n. m. anim. unisex
متحد کول	dynamic_compound	v. stat. comp. trans.
متحد کېدل	stative_compound_special	v. stat. comp. intrans.
متحدالشکل	non_verb	adj.
متحدالشکلانه	non_verb	adj.
متحرک	non_verb	adj.
متحمل	non_verb	adj.
متخاصم	non_verb	adj.
متخصص	non_verb	n. m. anim. unisex / adj.
متدین	non_verb	adj.
متر	non_verb	n. m.
مترادف	non_verb	adj.
مترجم	non_verb	n. m. anim. unisex
مترجمان	non_verb	n. m. anim. unisex
متردد	non_verb	adj.
متردد	non_verb	adj.
مترقي	non_verb	adj.
متره	non_verb	adj.
متره	non_verb	n. f.
متره	non_verb	n. f.
متروک	non_verb	adj.
متروکه	non_verb	n. f.
متروکول	regular_simple	v. stat. comp. trans.
متروکېدل	stative_compound_standard	v. stat. comp. intrans.
متزلزل	non_verb	adj.
متشابه	non_verb	adj.
متشدد	non_verb	adj.
متشکل	non_verb	adj.
متصل	non_verb	adj.
متصور	non_verb	adj.
متصور کول	dynamic_compound	v. stat. comp. trans.
متضاد	non_verb	adj.
متضرر	non_verb	adj.
متعارف	non_verb	adj.
متعجب	non_verb	adj.
متعدي	non_verb	adj.
متعرض	non_verb	adj.
متعصب	non_verb	adj.
متعلق	non_verb	adj.
متعهد	non_verb	adj.
متغیر	non_verb	adj.
متفاوت	non_verb	adj.
متفرق	non_verb	adj.
متفق	non_verb	adj.
متقارب	non_verb	adj.
متقاعد	non_verb	adj.
متقي	non_verb	adj.
متکبر	non_verb	adj.
متکلم	non_verb	adj.
متل	non_verb	n. m.
متلی	non_verb	adj.
متمدن	non_verb	adj.
متمدنول	regular_simple	v. stat. comp. trans.
متمدنېدل	stative_compound_standard	v. stat. comp. intrans.
متمرکز	non_verb	adj.
متن	non_verb	n. m.
متنازع	non_verb	adj.
متناسب	non_verb	adj.
متنفر	non_verb	adj.
متنوع	non_verb	adj.
متهم	non_verb	adj. / n. m. anim. unisex
متهمول	regular_simple	v. stat. comp. trans.
متهمېدل	stative_compound_standard	v. stat. comp. intrans.
متواتر	regular_simple	adv.
متوازن	non_verb	adj.
متوجه	non_verb	adj.
متوجه کول	dynamic_compound	v. stat. comp. trans.
متوجه کېدل	stative_compound_special	v. stat. comp. intrans.
متوسط	non_verb	adj.
متوطن	non_verb	adj.
متوقع	non_verb	adj.
متوقف	non_verb	adj.
متوقف کول	dynamic_compound	v. stat. comp. trans.
متیازې	non_verb	n. f. pl.
متین	non_verb	adj.
مټ	non_verb	n. m.
مټ	non_verb	n. m.
مټاک	non_verb	n. m.
مټاکه	non_verb	n. f.
مټاکی	non_verb	adj.
مټاوول	non_verb	
مټایي	non_verb	n. f. / adj.
مټر	non_verb	n. m.
مټر	non_verb	n. m.
مټکی	non_verb	n. m.
مټه	non_verb	n. f. / adj.
مټه	non_verb	n. f.
مټه خاوره	non_verb	
مټور	non_verb	adj.
مټۍ	non_verb	n. f.
مټۍ	non_verb	n. f.
مټیز	non_verb	n. m. anim. unisex
مټیزه	non_verb	n. f. anim.
مثال	non_verb	n. m.
مثالي	non_verb	adj.
مثانه	non_verb	n. f.
مثبت	non_verb	adj.
مثبت ګری	non_verb	n. m. anim. unisex
مثلاً	regular_simple	adv.
مثلث	non_verb	n. m.
مثلثي	non_verb	adj.
مثنوي	non_verb	
مجادله	non_verb	n. f.
مجادله کول	dynamic_compound	v. dyn. comp. trans.
مجاز	non_verb	n. m.
مجازات	non_verb	n. m.
مجازات	non_verb	n. m. pl.
مجازات کېدل	stative_compound_special	v. stat. comp. intrans.
مجازات ورکول	regular_simple	v. dyn. comp. trans.
مجازاتول	regular_simple	v. stat. comp. trans.
مجازاتېدل	stative_compound_standard	v. stat. comp. intrans.
مجازي	non_verb	adj.
مجال	non_verb	n. m.
مجاهد	non_verb	n. m. anim. unisex
مجاور	non_verb	adj.
مجاورت	non_verb	n. m.
مجاورتوب	non_verb	n. m.
مجبور	non_verb	adj.
مجبورول	regular_simple	v. stat. comp. trans.
مجبوري	non_verb	n. f.
مجبوریت	non_verb	n. m.
مجبورېدل	stative_compound_standard	v. stat. comp. intrans.
مجرد	non_verb	adj.
مجرد	non_verb	n. m. anim. unisex / adj.
مجرم	non_verb	n. m. anim. unisex
مجسمه	non_verb	n. f.
مجلد	non_verb	adj.
مجلس	non_verb	n. m.
مجلل	non_verb	adj.
مجله	non_verb	n. f.
مجمر	non_verb	n. m.
مجمع	non_verb	n. f.
مجمل	non_verb	adj. / n. m.
مجمل	regular_simple	n. m. / adj. / adv.
مجملي	non_verb	adj.
مجمه	non_verb	n. f.
مجنون	non_verb	n. m.
مجنون بېده	non_verb	n. f.
مجهز	non_verb	adj.
مجهزول	regular_simple	v. stat. comp. trans.
مجهزېدل	stative_compound_standard	v. stat. comp. intrans.
مجهول	non_verb	adj.
مجوس	non_verb	n. m.
مځکه	non_verb	n. f.
مځکوال	non_verb	n. m. anim. unisex
مچ	non_verb	n. m.
مچ	non_verb	n. m. anim.
مچ	non_verb	n. m.
مچ پړانګ	non_verb	n. m.
مچچکی	non_verb	n. m. anim.
مچرۍ	non_verb	n. f.
مچرۍ	non_verb	n. f.
مچشړ	non_verb	n. m.
مچک	non_verb	n. m.
مچلوغزه	non_verb	n. f.
مچلوغزه	non_verb	n. f.
مچمړ	non_verb	n. m.
مچنوغزه	non_verb	n. f.
مچه	non_verb	n. f.
مچواژی	non_verb	n. m.
مچوژی	non_verb	n. m.
مچول	regular_simple	v. stat. comp. trans.
مچۍ	non_verb	n. f.
مچي مار	non_verb	n. m. anim. unisex
مچیازې	non_verb	n. f. pl.
محارب	non_verb	adj.
محارب	non_verb	n. m.
محاسبه	non_verb	n. f.
محاسبه	non_verb	n. f.
محاصره	non_verb	n. f.
محاط	non_verb	adj.
محافظ	non_verb	adj. / n. m. anim. unisex
محافظه پال	non_verb	adj. / n. m. anim. unisex
محافظه پاله	non_verb	adj.
محافظه کار	non_verb	adj.
محافظه کارانه	regular_simple	adv. / adj.
محافظوي	non_verb	adj.
محاکمه	non_verb	n. f.
محال	non_verb	adj.
محاوره	non_verb	n. f.
محاوره کول	dynamic_compound	v. dyn. comp. trans.
محبت	non_verb	n. m.
محبس	non_verb	n. m.
محبوب	non_verb	n. m. anim. unisex / adj.
محبوبه	non_verb	n. f. anim.
محبوبیت	non_verb	n. m.
محتاج	non_verb	adj.
محترم	non_verb	adj.
محتسب	non_verb	n. m. anim. unisex
محتوا	non_verb	n. f.
محتویات	non_verb	n. m. pl.
محدود	non_verb	adj.
محدودول	regular_simple	v. stat. comp. trans.
محدودیت	non_verb	n. m.
محدودېدل	stative_compound_standard	v. stat. comp. intrans.
محراب	non_verb	n. m.
محرر	non_verb	adj. / n. m.
محرم	non_verb	
محروقات	non_verb	n. m. pl.
محروم	non_verb	adj.
محرومول	regular_simple	v. stat. comp. trans.
محرومیت	non_verb	n. m.
محرومېدل	stative_compound_standard	v. stat. comp. intrans.
محسن	non_verb	adj.
محسوس	non_verb	adj.
محسوس کول	dynamic_compound	v. dyn. comp. trans.
محسوسول	regular_simple	v. stat. comp. trans.
محسوسېدل	stative_compound_standard	v. stat. comp. intrans.
محشر	non_verb	n. m.
محصل	non_verb	n. m. anim. unisex
محصول	non_verb	n. m.
محض	regular_simple	adj. / adv.
محضر	non_verb	n. m.
محفله	non_verb	n. m.
محفوظ	non_verb	adj.
محفوظ کول	dynamic_compound	v. stat. comp. trans.
محفوظ کېدل	stative_compound_special	v. stat. comp. intrans.
محقق	regular_simple	adj. / adv.
محقق	non_verb	n. m. anim. unisex
محک	non_verb	n. m.
محکم	non_verb	adj.
محکمه	non_verb	n. f.
محکمول	regular_simple	v. stat. comp. trans.
محکمي	non_verb	n. f.
محکمېدل	stative_compound_standard	v. stat. comp. intrans.
محکوم	non_verb	n. m. anim. unisex / adj.
محکومول	regular_simple	v. stat. comp. trans.
محکومیت	non_verb	n. m.
محکومېدل	stative_compound_standard	v. stat. comp. intrans.
محل	non_verb	n. m.
محلت	non_verb	n. m.
محله	non_verb	n. f.
محلول	non_verb	adj.
محلي	non_verb	adj.
محنت	non_verb	n. m.
محنت کش	non_verb	adj.
محنتي	non_verb	adj.
محو	non_verb	n. m.
محو کول	dynamic_compound	v. stat. comp. trans.
محو کېدل	stative_compound_special	v. stat. comp. intrans.
محور	non_verb	n. m.
محور	non_verb	n. m.
محوطه	non_verb	n. f.
محوه	non_verb	adj.
محیط	non_verb	n. m.
محیطي	non_verb	adj.
مخ	non_verb	n. m.
مخ اړول	regular_simple	v. dyn. comp. trans.
مخ پر وړاندې	regular_simple	loc. adv.
مخ په مخ	regular_simple	adv.
مخ په وړاندې	regular_simple	loc. adv.
مخ تولي	non_verb	n. f.
مخ روڼی	non_verb	adj.
مخ سپینی	non_verb	adj.
مخ سپینی کول	dynamic_compound	v. dyn. comp. trans.
مخابراتي	non_verb	adj.
مخابره	non_verb	n. f.
مخابره کول	dynamic_compound	v. dyn. comp. trans.
مخاطب	non_verb	adj. / n. m.
مخالف	non_verb	adj. / n. m. anim. unisex
مخالفت	non_verb	n. m.
مخالفت کول	dynamic_compound	v. dyn. comp. trans.
مخامخ	regular_simple	loc. adv. / adj.
مخامخ کول	dynamic_compound	v. stat. comp. trans.
مخامخ کېدل	stative_compound_special	v. stat. comp. intrans.
مخامختیا	non_verb	n. f.
مخامخېدل	stative_compound_standard	v. stat. comp. intrans.
مخبر	non_verb	n. m. anim. unisex
مختار	non_verb	adj.
مختاړی	non_verb	n. m.
مخترع	non_verb	n. m. anim. unisex
مختصر	non_verb	adj.
مختصر کول	dynamic_compound	v. stat. comp. trans.
مختصر کېدل	stative_compound_special	v. stat. comp. intrans.
مختصراً	regular_simple	adv.
مختګ	non_verb	n. m.
مختل	non_verb	adj.
مختلط	non_verb	adj.
مختلف	non_verb	adj.
مختلف کېدل	stative_compound_special	v. stat. comp. intrans.
مخته	regular_simple	loc. adv.
مختوری	non_verb	adj.
مختوم	non_verb	adj.
مختون	non_verb	adj.
مختیار	non_verb	
مختیاری	non_verb	n. m.
مخدره	non_verb	adj.
مخدره توکي	non_verb	n. m. pl.
مخدره مواد	non_verb	n. m. pl.
مخرج	non_verb	n. m.
مخزن	non_verb	n. m.
مخصوص	non_verb	adj.
مخصوصاً	regular_simple	adv.
مخفف	non_verb	adj.
مخفف نویسي	non_verb	n. f.
مخفي	non_verb	adj.
مخکتنه	non_verb	n. f.
مخکښ	non_verb	adj.
مخکښپال	non_verb	n. m. anim. unisex
مخکښپالي	non_verb	n. f.
مخکښې	regular_simple	loc. adv.
مخکی	non_verb	n. m.
مخکې	regular_simple	loc adv.
مخکې کول	dynamic_compound	v. stat. comp. trans.
مخکې کېدل	stative_compound_special	v. stat. comp. intrans.
مخکینی	non_verb	adj.
مخلص	non_verb	adj.
مخلصانه	regular_simple	adv. / adj.
مخلوط	non_verb	adj. / n. m.
مخلوق	non_verb	n. m. anim. unisex
مخنیوی	non_verb	n. m.
مخه	non_verb	n. f.
مخه ښه	non_verb	n. f.
مخه ښه کول	dynamic_compound	v. dyn. comp. trans.
مخه کول	dynamic_compound	v. stat. comp. trans.
مخه نیول	regular_simple	v. dyn. comp. trans.
مخور	non_verb	adj.
مخې ته	regular_simple	adv.
مخې ته کېدل	stative_compound_special	v. stat. comp. intrans.
مخینه	non_verb	n. f.
مد	non_verb	n. m.
مداح	non_verb	n. m. anim. unisex
مداخلت	non_verb	n. m.
مداخلت کول	dynamic_compound	v. dyn. comp. trans.
مداخله	non_verb	n. f.
مدار	non_verb	n. m.
مدارک	non_verb	n. m. pl.
مداري	non_verb	n. m.
مداري ګري	non_verb	n. f.
مدافع	non_verb	adj. / n. m.
مدام	regular_simple	adv.
مداوم	non_verb	adj.
مدبر	non_verb	adj.
مدت	non_verb	n. m.
مدد	non_verb	n. m.
مدد کول	dynamic_compound	v. dyn. comp. trans.
مدد کوونکی	non_verb	n. m. anim. unisex
مدد ورکوونکی	non_verb	adj. / n. m. anim. unisex
مددګار	non_verb	n. m. anim. unisex
مدرسه	non_verb	n. f.
مدرک	non_verb	n. m.
مدرک	non_verb	n. m.
مدعا	non_verb	n. f.
مدعي	non_verb	n. m. anim. unisex
مدغم	non_verb	adj.
مدغمول	regular_simple	v. stat. comp. trans.
مدغمېدل	stative_compound_standard	v. stat. comp. intrans.
مدفن	non_verb	n. m.
مدفوع	non_verb	adj.
مدلل	non_verb	adj.
مدللول	regular_simple	v. stat. comp. trans.
مدللېدل	stative_compound_standard	v. stat. comp. intrans.
مدني	non_verb	adj.
مدني ټولنه	non_verb	n. f.
مدني فاعل	non_verb	n. m. anim. unisex
مدنیت	non_verb	n. m.
مده	non_verb	n. f.
مدیر	non_verb	n. m. anim. unisex
مدیریت	non_verb	n. m.
مډم	non_verb	n. f. anim. / title
مذاق	non_verb	n. m.
مذاق	non_verb	n. m.
مذاکرات	non_verb	n. m. pl.
مذبح	non_verb	n. m.
مذکر	non_verb	adj.
مذهب	non_verb	n. m.
مذهبي	non_verb	adj.
مر	non_verb	n. m.
مراتب فرمایل	non_verb	
مراجعه	non_verb	n. f.
مراد	non_verb	n. m.
مرادف	non_verb	adj.
مرادېدل	stative_compound_standard	v. stat. comp. intrans.
مراسم	non_verb	n. m. pl.
مراعت	non_verb	n. m.
مراعتول	regular_simple	v. stat. comp. trans.
مراعتېدل	stative_compound_standard	v. stat. comp. intrans.
مرافعه	non_verb	n. f.
مراقبه	non_verb	n. f.
مراقبه کول	dynamic_compound	v. dyn. comp. trans.
مرام	non_verb	n. m.
مرامنامه	non_verb	n. f.
مربا	non_verb	n. f.
مربع	non_verb	n. f.
مربع جذر	non_verb	n. m.
مربعي	non_verb	adj.
مربوط	non_verb	adj.
مربوطول	regular_simple	v. stat. comp. trans.
مربوطېدل	stative_compound_standard	v. stat. comp. intrans.
مرتب	non_verb	adj.
مرتبط	non_verb	adj.
مرتبه	non_verb	n. f.
مرتبول	regular_simple	v. stat. comp. trans.
مرتبېدل	stative_compound_standard	v. stat. comp. intrans.
مرتد	non_verb	n. m. anim. unisex
مرتکب	non_verb	n. m. anim. unisex / adj.
مرتکبین	non_verb	n. m. pl.
مرجع	non_verb	n. f.
مرجوڼا	non_verb	n. m.
مرچ	non_verb	n. m.
مرچک	non_verb	n. m.
مرچکی	non_verb	n. m.
مرحله	non_verb	n. f.
مرد	non_verb	n. m. anim. / adj.
مردار	non_verb	adj.
مردارول	regular_simple	v. stat. comp. trans.
مرداري	non_verb	n. f.
مرداري ټپوس	non_verb	n. m. anim.
مردانه قوت	non_verb	n. m.
مردکه	non_verb	n. f.
مردکۍ	non_verb	n. f.
مردمشماري	non_verb	n. f.
مرده	non_verb	adj.
مرده	non_verb	n. f.
مرده باد	non_verb	interj.
مردود	non_verb	adj.
مردوي	non_verb	n. f.
مرز	non_verb	n. m.
مرستندوی	non_verb	n. m. anim. unisex / adj.
مرسته	non_verb	n. f.
مرسته کول	dynamic_compound	v. dyn. comp. trans.
مرستی	non_verb	n. m.
مرستی	non_verb	n. m.
مرستیال	non_verb	n. m. anim. unisex
مرشد	non_verb	n. m. anim. unisex
مرض	non_verb	n. m.
مرضتیا	non_verb	n. f.
مرضي	non_verb	adj.
مرضي	non_verb	n. f.
مرغ	non_verb	n. m.
مرغ	non_verb	n. m.
مرغابي	non_verb	n. f.
مرغابۍ	non_verb	n. f.
مرغلره	non_verb	n. f.
مرغه	non_verb	n. f.
مرغه	non_verb	n. f.
مرغه چڼه	non_verb	n. f.
مرغومی	non_verb	n. m.
مرغی	non_verb	n. m.
مرغۍ	non_verb	n. f.
مرغۍ مرغۍ	non_verb	adj.
مرفق	non_verb	n. m.
مرفه	non_verb	adj.
مرقد	non_verb	n. m.
مرکاوو	non_verb	n. m. anim. unisex
مرکب	non_verb	n. m.
مرکب	non_verb	n. m. / adj.
مرکچي	non_verb	n. m. anim. unisex
مرکز	non_verb	n. m.
مرکزي	non_verb	adj.
مرکه	non_verb	n. f.
مرکوال	non_verb	n. m. anim. unisex
مرکونډۍ	non_verb	n. f.
مرګ	non_verb	n. m.
مرګ او ژوبله	non_verb	
مرګ ژوبله	non_verb	
مرګژوبله	non_verb	n. f.
مرګو	non_verb	n. m.
مرګونی	non_verb	adj.
مرګي	non_verb	n. f.
مرلۍ	non_verb	n. f.
مرمت	non_verb	n. m.
مرمت کاري	non_verb	n. f.
مرمت کول	dynamic_compound	v. stat. comp. trans.
مرمت کېدل	stative_compound_special	v. stat. comp. intrans.
مرمتول	regular_simple	v. stat. comp. trans.
مرمتېدل	stative_compound_standard	v. stat. comp. intrans.
مرمر	non_verb	n. m.
مرمرتوږاند	non_verb	n. m.
مرمرین	non_verb	adj.
مرموز	non_verb	adj.
مرمي	non_verb	n. f.
مرمۍ	non_verb	n. f.
مرهم	non_verb	n. m.
مروج	non_verb	adj. / n. m.
مروجول	regular_simple	v. stat. comp. trans.
مروجېدل	stative_compound_standard	v. stat. comp. intrans.
مرور	non_verb	adj.
مرورول	regular_simple	v. stat. comp. trans.
مرورېدل	stative_compound_standard	v. stat. comp. intrans.
مروړل	regular_simple	v. trans.
مروړنه	non_verb	n. f.
مروړه	non_verb	n. f.
مروړه	non_verb	n. f.
مروښه	non_verb	n. f. anim.
مرۍ	non_verb	n. f.
مرۍ	non_verb	n. f.
مرۍ بندول	non_verb	
مرۍ خفه کول	non_verb	
مریان	non_verb	n. m. pl.
مریتوب	non_verb	n. m.
مریخ	non_verb	n. m.
مرید	non_verb	n. m. anim. unisex
مریدي	non_verb	n. f.
مریض	non_verb	n. m. anim. unisex
مریضدار	non_verb	n. m. anim. unisex
مریضي	non_verb	n. f.
مریه	non_verb	n. m.
مریی	non_verb	n. m. anim. unisex
مریي توب	non_verb	n. m.
مرئیتوب	non_verb	n. m.
مړ	non_verb	adj.
مړ کول	dynamic_compound	v. stat. comp. trans.
مړ کېدل	stative_compound_special	v. stat. comp. intrans.
مړاوی	non_verb	adj.
مړاوي	non_verb	adj.
مړتون	non_verb	n. m.
مړخندی	non_verb	adj.
مړخندی	non_verb	n. m.
مړد	non_verb	n. m. anim. unisex
مړدکۍ	non_verb	n. f.
مړز	non_verb	n. m. anim.
مړستون	non_verb	n. m.
مړښت	non_verb	n. m.
مړغون	non_verb	adj.
مړل	regular_simple	v. intrans.
مړمند	non_verb	n. m.
مړنی	non_verb	adj.
مړه	non_verb	interj.
مړه	non_verb	n. f.
مړه خوا	non_verb	n. f.
مړه خوی	non_verb	n. m.
مړوښي	non_verb	n. f.
مړول	regular_simple	v. stat. comp. trans.
مړول	regular_simple	v. stat. comp. trans.
مړوند	non_verb	n. m.
مړویسي	non_verb	adj. / n. m. anim.
مړی	non_verb	n. m.
مړی	non_verb	n. m.
مړۍ	non_verb	n. f.
مړېدل	stative_compound_standard	v. stat. comp. intrans.
مړېستان	non_verb	n. m.
مړینه	non_verb	n. f.
مړینه	non_verb	n. f.
مز	non_verb	n. m.
مزاج	non_verb	n. m.
مزاحم	non_verb	adj.
مزاحمت	non_verb	n. m.
مزاحیه	non_verb	adj.
مزار	non_verb	n. m.
مزاق	non_verb	n. m.
مزبله	non_verb	n. f.
مزخرف	non_verb	adj.
مزد	non_verb	n. m.
مزد	non_verb	n. m.
مزدک	non_verb	n. m.
مزدور	non_verb	n. m. anim. unisex
مزدورکار	non_verb	n. m. anim. unisex
مزدوري	non_verb	n. f.
مزدوري کول	dynamic_compound	v. dyn. comp. trans.
مزری	non_verb	n. m.
مزری	non_verb	n. m. anim. unisex
مزل	non_verb	n. m.
مزل کول	dynamic_compound	v. dyn. comp. trans.
مزمن	non_verb	adj.
مزه	non_verb	n. f.
مزه اخیستل	regular_simple	v. dyn. comp. trans.
مزه دار	non_verb	adj.
مزه دار	non_verb	adj.
مزه کول	dynamic_compound	v. dyn. comp. trans.
مزه ناک	non_verb	adj.
مزی	non_verb	adj.
مزی	non_verb	n. m.
مزې کول	dynamic_compound	v. dyn. comp. trans.
مزید	non_verb	adj. / n. m.
مزیدار	non_verb	adj.
مزېدار	non_verb	adj.
مژه	non_verb	n. f.
مږک	non_verb	n. m. anim.
مږک رانه	non_verb	n. f.
مږکوری	non_verb	n. m. anim.
مږل	regular_simple	v. trans.
مږه	non_verb	n. f.
مس	non_verb	n. m.
مس	non_verb	n. m. pl.
مس	non_verb	
مسا	non_verb	n. f.
مسابقه	non_verb	n. f.
مساپر	non_verb	n. m. anim. unisex
مساپري	non_verb	n. f.
مساحت	non_verb	n. m.
مساحه	non_verb	n. f.
مساعد	non_verb	adj.
مسافت	non_verb	n. m.
مسافر	non_verb	n. m. anim. unisex
مسافرخانه	non_verb	n. f.
مسافري	non_verb	n. f.
مسافه	non_verb	n. f.
مساله	non_verb	n. f.
مساله دار	non_verb	adj.
مسالې	non_verb	n. f. pl.
مسالې والا کاغذ	non_verb	n. m.
مساوات	non_verb	n. m.
مساوي	non_verb	adj.
مست	non_verb	adj.
مستبد	non_verb	n. m. anim. unisex / adj.
مستثنیٰ	non_verb	adj.
مستحب	non_verb	adj.
مستحق	non_verb	adj.
مستحکم	non_verb	adj.
مسترد	non_verb	adj.
مستردول	regular_simple	v. stat. comp. trans.
مستردېدل	stative_compound_standard	v. stat. comp. intrans.
مستري	non_verb	n. m. anim. unisex
مستري خانه	non_verb	n. f.
مستشرق	non_verb	n. m. anim. unisex
مستطیل	non_verb	
مستعار	non_verb	adj.
مستعار نوم	non_verb	n. m.
مستعد	non_verb	adj.
مستعفي	non_verb	n. f.
مستعفي کېدل	stative_compound_special	v. stat. comp. intrans.
مستعمر	non_verb	adj.
مستعمر	non_verb	n. m. anim. unisex
مستعمره	non_verb	n. f.
مستعمره کول	dynamic_compound	v. stat. comp. trans.
مستغرب	non_verb	n. m. anim. unisex
مستغني	non_verb	adj.
مستقبل	non_verb	n. m.
مستقل	non_verb	adj.
مستقل مزاج	non_verb	adj.
مستقل مزاجه	non_verb	adj.
مستقلانه	regular_simple	adv.
مستقیم	regular_simple	adj. / adv.
مستقیماً	regular_simple	adv.
مستمري	non_verb	n. f.
مستند	non_verb	adj.
مستند کول	dynamic_compound	v. stat. comp. trans.
مستند کېدل	stative_compound_special	v. stat. comp. intrans.
مستندول	regular_simple	v. stat. comp. trans.
مستندېدل	stative_compound_standard	v. stat. comp. intrans.
مستول	regular_simple	v. stat. comp. trans.
مستي	non_verb	n. f.
مستې	non_verb	n. f. pl.
مستېدل	stative_compound_standard	v. stat. comp. intrans.
مسجد	non_verb	n. m.
مسح کول	non_verb	
مسح کول	non_verb	
مسخ	non_verb	adj.
مسخ کول	dynamic_compound	v. stat. comp. trans.
مسخ کېدل	stative_compound_special	v. stat. comp. intrans.
مسخره	non_verb	n. f.
مسخره کول	dynamic_compound	v. dyn. comp. trans.
مسطر	non_verb	n. f.
مسطره	non_verb	n. f.
مسطیل	non_verb	n. m. / adj.
مسک	non_verb	n. m.
مسکا	non_verb	n. f.
مسکال	non_verb	n. m.
مسکتوب	non_verb	n. m.
مسکتیا	non_verb	n. f.
مسککی	non_verb	adj.
مسکن	non_verb	adj.
مسکن	non_verb	n. m.
مسکه	non_verb	n. f.
مسکه	non_verb	n. f.
مسکول	regular_simple	v. stat. comp. trans.
مسکی	non_verb	n. m. / adj.
مسکی کول	dynamic_compound	v. stat. comp. trans.
مسکی کېدل	stative_compound_special	v. stat. comp. intrans.
مسکېدل	stative_compound_standard	v. stat. comp. intrans.
مسکین	non_verb	adj. / n. m. anim. unisex
مسل	regular_simple	v. gramm. trans.
مسلح	non_verb	adj.
مسلحانه	non_verb	adj.
مسلسل	regular_simple	adv.
مسلط	non_verb	adj.
مسلک	non_verb	n. m.
مسلکي	non_verb	adj.
مسلکیتوب	non_verb	n. m.
مسلم	non_verb	adj.
مسلم	non_verb	adj. / n. m. anim. unisex
مسلمان	non_verb	n. m. anim. unisex / adj.
مسلمانول	regular_simple	v. stat. comp. trans.
مسلمانېدل	stative_compound_standard	v. stat. comp. intrans.
مسله	non_verb	n. f.
مسموم	non_verb	adj.
مسمومول	regular_simple	v. stat. comp. trans.
مسمومیت	non_verb	n. m.
مسمومېدل	stative_compound_standard	v. stat. comp. intrans.
مسن	non_verb	n. m. anim.
مسن	non_verb	n. m. anim.
مسند	non_verb	n. m.
مسنه	non_verb	n. f.
مسه	non_verb	n. f.
مسه کول	non_verb	
مسواک	non_verb	n. m.
مسواکه ګوته	non_verb	n. f.
مسوده	non_verb	n. f.
مسول	non_verb	adj. / n. m. anim. unisex
مسول	regular_simple	v. trans.
مسولیت	non_verb	n. m.
مسؤلیت	non_verb	n. m.
مسوول	non_verb	adj. / n. m. anim. unisex
مسوولیت	non_verb	n. m.
مسي	non_verb	adj.
مسیح	non_verb	n. m.
مسیحا	non_verb	
مسیحایي	non_verb	n. f.
مسیحي	non_verb	n. m. anim. unisex / adj.
مسیحي	non_verb	
مسېدل	stative_compound_standard	v. intrans.
مسیر	non_verb	n. m.
مسئله	non_verb	n. f.
مسین	non_verb	adj.
مسئول	non_verb	adj. / n. m. anim. unisex
مسئولیت	non_verb	n. m.
مشابه	non_verb	adj.
مشابهت	non_verb	n. m.
مشابهت لرل	regular_simple	v. dyn. comp. trans.
مشابهه	non_verb	n. f.
مشاده	non_verb	n. f.
مشارکت	non_verb	n. m.
مشارلیه	non_verb	adj.
مشاعره	non_verb	n. f.
مشال	non_verb	n. m.
مشاهد	non_verb	adj. / n. m. anim. unisex.
مشاهده	non_verb	n. f.
مشاهده کول	dynamic_compound	v. stat. comp. trans.
مشاور	non_verb	n. m. anim. unisex
مشاورت	non_verb	n. f.
مشاوره	non_verb	n. f.
مشت	non_verb	n. m.
مشت او ګرېوان کېدل	non_verb	
مشترک	non_verb	adj. / n. m. anim. unisex
مشتري	non_verb	n. m. anim. unisex
مشتعل	non_verb	adj.
مشتعل کول	dynamic_compound	v. stat. comp. trans.
مشتق	non_verb	n. m. / adj.
مشتقول	regular_simple	v. stat. comp. trans.
مشتقېدل	stative_compound_standard	v. stat. comp. intrans.
مشتمل	non_verb	adj.
مشخص	non_verb	adj.
مشخصاً	regular_simple	adv.
مشر	non_verb	adj. / n. m. anim. unisex
مشرتوب	non_verb	n. m.
مشرف	non_verb	adj.
مشرق	non_verb	n. m.
مشرقي	non_verb	adj.
مشروب	non_verb	n. m. pl.
مشروټ	non_verb	adj.
مشروټي	non_verb	adj.
مشروط	non_verb	adj.
مشروع	non_verb	adj.
مشروعیت	non_verb	n. m.
مشری	non_verb	adj.
مشري	non_verb	n. f.
مشري کول	dynamic_compound	v. dyn. comp. trans.
مشعر	non_verb	n. m.
مشغول	non_verb	adj.
مشغولتیا	non_verb	n. f.
مشغولول	regular_simple	v. stat. comp. trans.
مشغولېدل	stative_compound_standard	v. stat. comp. intrans.
مشق	non_verb	n. m.
مشق کول	dynamic_compound	v. dyn. comp. trans.
مشقت	non_verb	n. m.
مشک	non_verb	n. m.
مشکل	regular_simple	n. m. / adj. / adv.
مشکل ګذار	non_verb	n. m.
مشکله	non_verb	n. f.
مشکڼه	non_verb	n. f.
مشکڼی	non_verb	n. m.
مشکور	non_verb	adj.
مشکوک	non_verb	adj.
مشهود	non_verb	adj.
مشهور	non_verb	adj.
مشهور کول	dynamic_compound	v. stat. comp. trans.
مشهور کېدل	stative_compound_special	v. stat. comp. intrans.
مشهورتیا	non_verb	n. f.
مشهورول	regular_simple	v. stat. comp. trans.
مشهورېدل	stative_compound_standard	v. stat. comp. intrans.
مشوره	non_verb	n. f.
مشوره کول	dynamic_compound	v. dyn. comp. trans.
مشوره ورکول	regular_simple	v. dyn. comp. trans.
مښک	non_verb	
مښل	regular_simple	v. trans.
مښود	non_verb	n. m.
مښودل	non_verb	
مښوکه	non_verb	n. f.
مصاحبه	non_verb	n. f.
مصافحه	non_verb	n. f.
مصالح	non_verb	
مصالحه	non_verb	n. f.
مصداق	non_verb	n. m.
مصدر	non_verb	n. m.
مصر	non_verb	n. m.
مصرف	non_verb	n. m.
مصرفول	regular_simple	v. stat. comp. trans.
مصره	non_verb	n. f.
مصروف	non_verb	adj.
مصروفیت	non_verb	n. m.
مصری	non_verb	n. m. anim. unisex
مصري	non_verb	adj.
مصري	non_verb	n. f.
مصلح	non_verb	adj. / n. m. anim. unisex
مصلحت	non_verb	n. m.
مصله	non_verb	n. f.
مصلي	non_verb	n. m. anim. unisex
مصمم	non_verb	adj.
مصنوع	non_verb	adj.
مصنوعي	non_verb	adj.
مصنوعي ځیرکتیا	non_verb	n. f.
مصوب	non_verb	adj.
مصوبه	non_verb	n. f.
مصور	non_verb	adj.
مصور	non_verb	n. m. anim. unisex
مصوري	non_verb	n. f.
مصون	non_verb	adj.
مصونیت	non_verb	n. m.
مصیبت	non_verb	n. m.
مضبوط	non_verb	adj.
مضبوطول	regular_simple	v. stat. comp. trans.
مضبوطیا	non_verb	n. f.
مضبوطېدل	stative_compound_standard	v. stat. comp. intrans.
مضحک	non_verb	adj.
مضر	non_verb	adj.
مضرت	non_verb	n. m.
مضمون	non_verb	n. m.
مطابق	non_verb	adj. / n. m.
مطابقت	non_verb	n. m.
مطابقت نامه	non_verb	n. f.
مطالب	non_verb	n. m. anim. unisex
مطالعه	non_verb	n. f.
مطالعه کول	dynamic_compound	v. stat. comp. trans. / v. dyn. comp. trans.
مطبوع	non_verb	adj.
مطبوع کول	dynamic_compound	v. stat. comp. trans.
مطبوعات	non_verb	n. m.
مطبوعاتي	non_verb	adj.
مطرح	non_verb	adj.
مطرح کول	dynamic_compound	v. stat. comp. trans.
مطرح کېدل	stative_compound_special	v. stat. comp. intrans.
مطلب	non_verb	n. m.
مطلق	regular_simple	adj. / adv.
مطلق العنان	regular_simple	adj. / adv.
مطلقاً	regular_simple	adv.
مطلوب	non_verb	adj.
مطمئن	non_verb	adj.
مطیع	non_verb	adj.
مظاهره	non_verb	n. f.
مظلوم	non_verb	adj. / n. m. anim. unisex
مظلومانه	regular_simple	adv.
مظلومیت	non_verb	n. m.
مظهر	non_verb	n. m.
معادل	non_verb	adj.
معارف	non_verb	n. m.
معاش	non_verb	n. m.
معاشرتي	non_verb	adj.
معاشره	non_verb	n. f.
معاصر	non_verb	adj.
معاف	non_verb	adj.
معاف کول	dynamic_compound	v. stat. comp. trans.
معافول	regular_simple	v. stat. comp. trans.
معافي	non_verb	n. f.
معافي	non_verb	n. f.
معافي غوښتل	regular_simple	v. dyn. comp. trans.
معافیت	non_verb	n. m.
معافیتي	non_verb	adj.
معالج	non_verb	n. m. anim. unisex
معامله	non_verb	n. f.
معامله دار	non_verb	n. m. anim. unisex
معاهده	non_verb	n. f.
معاوضه	non_verb	n. f.
معاون	non_verb	n. m. anim. unisex
معاینه	non_verb	n. f.
معاینه خانه	non_verb	n. f.
معاینه کول	dynamic_compound	v. stat. comp. trans.
معبد	non_verb	n. m.
معبود	non_verb	n. m. anim. unisex / adj.
معتاد	non_verb	adj. / n. m. anim. unisex
معتادي	non_verb	n. f.
معتبر	non_verb	adj.
معتدل	non_verb	adj.
معترض	non_verb	adj. / n. m. anim. unisex
معتقد	non_verb	adj.
معتمد	non_verb	adj.
معجزه	non_verb	n. f.
معجزه ناک	non_verb	adj.
معدن	non_verb	n. m.
معدني	non_verb	adj.
معده	non_verb	n. f.
معذرت	non_verb	n. m.
معذرت غوښتل	regular_simple	v. dyn. comp. trans.
معذوب	non_verb	adj. / n. m. anim. unisex
معذور	non_verb	adj.
معذوره	non_verb	adj.
معرفت	non_verb	n. m.
معرفي	non_verb	n. f.
معرفي کول	dynamic_compound	v. stat. comp. trans.
معرکه	non_verb	n. f.
معروف	non_verb	adj.
معزز	non_verb	adj.
معشوق	non_verb	n. m. anim. unisex
معشوقه	non_verb	n. f. anim.
معصوم	non_verb	adj.
معصیت	non_verb	n. m.
معضله	non_verb	n. f.
معطر	non_verb	adj.
معطل	non_verb	adj.
معطلي	non_verb	n. f.
معظم	non_verb	adj.
معفیت	non_verb	n. m.
معقول	non_verb	adj.
معلق	non_verb	adj.
معلم	non_verb	n. m. anim. unisex
معلمه	non_verb	n. f.
معلمي	non_verb	n. f.
معلمي کول	dynamic_compound	v. dyn. comp. trans.
معلول	non_verb	adj. / n. m.
معلولیت	non_verb	n. m.
معلوم	non_verb	adj.
معلومات	non_verb	n. m. pl.
معلومات کول	dynamic_compound	v. dyn. comp. trans.
معلوماتي	non_verb	adj.
معلومدار	non_verb	adj.
معلومول	regular_simple	v. stat. comp. trans.
معلومېدل	stative_compound_standard	v. stat. comp. intrans. opt. compl.
معما	non_verb	n. f.
معمار	non_verb	n. m. anim. unisex
معمور	non_verb	adj.
معموري	non_verb	n. f.
معمولاً	regular_simple	adv.
معمولي	non_verb	adj.
معمولي خوراک	non_verb	n. m.
معنوي	non_verb	adj.
معنویت	non_verb	n. m.
معنیٰ	non_verb	n. f.
معنیٰ خېز	non_verb	adj.
معنیٰ دار	non_verb	adj.
معیادي تبه	non_verb	n. f.
معیار	non_verb	n. m.
معیاري	non_verb	n. f.
معین	non_verb	adj.
معین	non_verb	n. m.
معین	non_verb	n. m. anim. unisex
معیوب	non_verb	adj.
مغازه	non_verb	n. f.
مغازه دار	non_verb	n. m.
مغاک	non_verb	n. m.
مغایره	non_verb	n. f.
مغتنم	non_verb	adj.
مغدن	non_verb	n. m.
مغرب	non_verb	n. m.
مغربي	non_verb	adj.
مغرض	non_verb	adj. / n. m. anim. unisex
مغرور	non_verb	adj.
مغرورتیا	non_verb	n. f.
مغروره	non_verb	adj.
مغز	non_verb	n. m.
مغزی	non_verb	n. m.
مغزي سکته	non_verb	n. f.
مغشوش	non_verb	adj.
مغشوشوالی	non_verb	n. m.
مغشوشول	regular_simple	v. stat. comp. trans.
مغفرت	non_verb	n. m.
مغلوب	non_verb	adj.
مغلوبول	regular_simple	v. stat. comp. trans.
مغلوبیت	non_verb	n. m.
مغلوبېدل	stative_compound_standard	v. stat. comp. intrans.
مغیر	non_verb	adj.
مفاجات	non_verb	n. m.
مفاهمه	non_verb	n. f.
مفت	non_verb	adj.
مفتاح	non_verb	n. m.
مفتش	non_verb	n. m. anim. unisex
مفتوح	non_verb	adj.
مفتون	non_verb	adj.
مفرد	non_verb	adj.
مفردات	non_verb	n. m. pl.
مفرور	non_verb	n. m. anim. unisex / adj.
مفسد	non_verb	adj. / n. m. anim. unisex
مفصل	non_verb	adj.
مفصل	non_verb	n. m.
مفصلاً	regular_simple	adv.
مفعول	non_verb	adj. / n. m.
مفکر	non_verb	adj. / n. m. anim. unisex
مفکوره	non_verb	n. f.
مفلس	non_verb	adj.
مفلوک	non_verb	adj.
مفهوم	non_verb	n. m. / adj.
مفید	non_verb	adj.
مقابل	non_verb	adj.
مقابله	non_verb	n. f.
مقابله کول	dynamic_compound	v. dyn. comp. trans.
مقاله	non_verb	n. f.
مقاله لوستل	regular_simple	v. dyn. comp. trans.
مقام	non_verb	n. m.
مقانیزمه	non_verb	n. f.
مقاوله	non_verb	n. f.
مقاومت	non_verb	n. m.
مقاومه	non_verb	n. f.
مقایسه	non_verb	n. f.
مقایسه کول	dynamic_compound	v. stat. comp. trans.
مقایسوي	non_verb	adj.
مقبره	non_verb	n. f.
مقبوض	non_verb	adj.
مقبوضه	non_verb	adj.
مقبول	non_verb	adj.
مقتدا	non_verb	n. f.
مقتدر	non_verb	adj.
مقتول	non_verb	n. m.
مقدار	non_verb	n. m.
مقدس	non_verb	adj.
مقدماتي	non_verb	adj.
مقدمه	non_verb	n. f.
مقرب	non_verb	n. m.
مقرر	non_verb	adj.
مقرر کول	dynamic_compound	v. stat. comp. trans.
مقررول	regular_simple	v. stat. comp. trans.
مقررېدل	stative_compound_standard	v. stat. comp. intrans.
مقصد	non_verb	n. m.
مقصر	non_verb	adj.
مقصود	non_verb	n. m.
مقصودول	regular_simple	v. stat. comp. trans.
مقصودي	non_verb	adj.
مقصودېدل	stative_compound_standard	v. stat. comp. intrans.
مقطوع	non_verb	adj. / n. m.
مقعد	non_verb	n. m.
مقلد	non_verb	n. m. anim. unisex / adj.
مقوم	non_verb	n. m.
مقوي	non_verb	adj.
مقید	non_verb	adj.
مکاتب	non_verb	n. m. anim. unisex
مکار	non_verb	adj. / n. m. anim. unisex
مکافات	non_verb	n. m.
مکالمه	non_verb	n. f.
مکان	non_verb	n. m.
مکتب	non_verb	n. m.
مکث	non_verb	n. m.
مکث کول	dynamic_compound	v. stat. comp. trans.
مکر	non_verb	adj.
مکر ژړا	non_verb	n. f.
مکرجن	non_verb	adj.
مکرم	non_verb	adj.
مکړک	non_verb	n. m.
مکعب	non_verb	n. m.
مکلف	non_verb	adj.
مکلفیت	non_verb	n. m.
مکمل	non_verb	adj.
مکمل کول	dynamic_compound	v. stat. comp. trans.
مکمل کېدل	stative_compound_special	v. stat. comp. intrans.
مکمله وقفه	non_verb	n. f.
مکملول	regular_simple	v. stat. comp. trans.
مکملېدل	stative_compound_standard	v. stat. comp. intrans.
مکېز	non_verb	n. m.
مکېز کول	non_verb	
مګر	non_verb	conj.
مګرمچ	non_verb	n. m. anim.
مګس	non_verb	n. m.
مل	non_verb	n. m. anim. unisex / adj.
مل کېدل	stative_compound_special	v. stat. comp. intrans.
ملا	non_verb	n. f.
ملا	non_verb	n. m. anim.
ملاتړ	non_verb	n. m.
ملاتړ کول	dynamic_compound	v. dyn. comp. trans.
ملاتړی	non_verb	n. m.
ملاحظه	non_verb	n. f.
ملاریا	non_verb	n. f.
ملازم	non_verb	n. m. anim. unisex
ملازمت	non_verb	n. m.
ملازمت کول	dynamic_compound	v. dyn. comp. trans.
ملاست	non_verb	adj.
ملاستل	regular_simple	v. intrans.
ملاشینی	non_verb	
ملاغه	non_verb	n. f.
ملاقات	non_verb	n. m.
ملاقاتي	non_verb	n. m. anim. unisex
ملاقه	non_verb	n. f.
ملاقه	non_verb	n. f.
ملامت	non_verb	n. m. / adj.
ملامتول	regular_simple	v. stat. comp. trans.
ملامتي	non_verb	n. f.
ملامتیا	non_verb	n. f.
ملامتېدل	stative_compound_standard	v. stat. comp. intrans.
ملاو	non_verb	adj.
ملاوټ	non_verb	n. m.
ملاوټ کول	dynamic_compound	v. dyn. comp. trans.
ملاوول	regular_simple	v. stat. comp. trans.
ملاوېدل	stative_compound_standard	v. stat. comp. intrans.
ملایک	non_verb	n. m. anim.
ملایکه	non_verb	n. f.
ملائکه	non_verb	n. f. anim.
ملایم	non_verb	adj.
ملایي	non_verb	n. f.
ملت	non_verb	n. m.
ملت پرستي	non_verb	n. f.
ملت دوستي	non_verb	n. f.
ملتپال	non_verb	adj. / n. m. anim. unisex
ملتفت	non_verb	adj.
ملتفت کول	dynamic_compound	v. stat. comp. trans.
ملتیا	non_verb	n. f.
ملتیا کول	dynamic_compound	v. dyn. comp. trans.
ملحد	non_verb	n. m. anim. unisex
ملحدتوب	non_verb	n. m.
ملحق	non_verb	adj.
ملحقول	regular_simple	v. stat. comp. trans.
ملحقېدل	stative_compound_standard	v. stat. comp. intrans.
ملحوظ	non_verb	adj.
ملخ	non_verb	n. m. anim.
ملخی	non_verb	n. m.
ملزم	non_verb	n. m. anim. unisex
ملزم	non_verb	n. m. anim. unisex / adj.
ملزوم	non_verb	adj.
ملعون	non_verb	adj.
ملغلره	non_verb	n. f.
ملک	non_verb	n. m. anim.
ملک	non_verb	n. m.
ملک	non_verb	n. m.
ملکه	non_verb	n. f. anim.
ملکه	non_verb	n. f. anim.
ملکوت	non_verb	
ملکي	non_verb	n. m. anim. / adj.
ملکیت	non_verb	n. m.
ملګرتیا	non_verb	n. f.
ملګرتیا کول	dynamic_compound	v. dyn. comp. trans.
ملګری	non_verb	n. m. anim. unisex
ملګري کېدل	non_verb	
ملموس	non_verb	adj.
ملنډه	non_verb	n. f.
ملنډې وهل	dynamic_compound	v. dyn. comp. trans. sing. or plur.
ملهم	non_verb	
ملهم	non_verb	
ملوک الوایفي	non_verb	n. f.
ملونه	non_verb	
ملي	non_verb	adj.
ملي ترانه	non_verb	n. f.
ملي سرود	non_verb	n. m.
ملي نغمه	non_verb	n. f.
ملیار	non_verb	n. m. anim. unisex
ملیت پرستي	non_verb	n. f.
ملېشه	non_verb	n. f.
ملیون	non_verb	n. m.
ممات	non_verb	n. m.
ممانعت	non_verb	n. m.
ممانعت	non_verb	n. m.
ممانعت کول	dynamic_compound	v. dyn. comp. trans.
ممانعت کول	dynamic_compound	v. dyn. comp. trans.
ممبر	non_verb	n. m.
ممتاز	non_verb	adj.
ممثل	non_verb	n. m. anim. unisex / n. m.
ممثله	non_verb	n. f.
ممکن	non_verb	adj. / n. m.
ممکنول	regular_simple	v. stat. comp. trans.
ممکنېدل	stative_compound_standard	v. stat. comp. intrans.
مملکت	non_verb	n. m.
ممنون	non_verb	adj.
ممیز	non_verb	n. m.
ممیز	non_verb	n. m.
من	non_verb	n. m.
مناجات	non_verb	n. m. pl.
مناره	non_verb	n. f.
مناسب	non_verb	adj.
مناسبت	non_verb	n. m.
مناظره	non_verb	n. f.
منافق	non_verb	n. m. anim. unisex
منافقت	non_verb	n. m.
منافي	non_verb	adj.
مناول	regular_simple	v. trans.
منبر	non_verb	n. m.
منبع	non_verb	n. f.
منت	non_verb	n. m.
منت باري	non_verb	n. f.
منت زاري	non_verb	n. f.
منت زاري کول	dynamic_compound	v. dyn. comp. trans.
منت ګذار	non_verb	adj.
منتخب	non_verb	adj.
منتخب کول	dynamic_compound	v. stat. comp. trans.
منتخب کېدل	stative_compound_special	v. stat. comp. intrans.
منتر	non_verb	n. m.
منتظر	non_verb	adj.
منتظم	non_verb	adj. / n. m. anim unisex
منتقاً	regular_simple	adv.
منتقد	non_verb	n. m. anim. unisex
منتقل	non_verb	adj.
منتقوي	non_verb	adj.
منتها	regular_simple	n. f. / adv.
منټ	non_verb	n. m.
منثور	non_verb	n. m.
منجغی	non_verb	n. m.
منجله	non_verb	n. f.
منجمد	non_verb	adj.
منجنیق	non_verb	n. m.
منجور	non_verb	n. m. anim. unisex
منجي	non_verb	n. m. anim. unisex
منجیله	non_verb	n. f.
منځ	non_verb	n. m.
منځالۍ	non_verb	n. f.
منځپانګه	non_verb	n. f. / adj.
منځګرتوب	non_verb	n. m.
منځګړ	non_verb	n. m.
منځګړتوب	non_verb	n. m.
منځګړی	non_verb	n. m. anim. unisex
منځګړي	non_verb	n. f.
منځګړیتوب	non_verb	n. m.
منځګړیتوب کول	dynamic_compound	v. dyn. comp. trans.
منځګلې	non_verb	n. f.
منځلاری	non_verb	n. m. anim. unisex / adj.
منځنی	non_verb	adj.
منځوال	non_verb	n. m. anim. unisex
منځوی	non_verb	n. m.
منحرف	non_verb	adj. / n. m.
منحرفول	regular_simple	v. stat. comp. trans.
منحرفېدل	stative_compound_standard	v. stat. comp. intrans.
منحصر	non_verb	adj.
منحل	non_verb	adj.
منحلول	regular_simple	v. stat. comp. trans.
منحلېدل	stative_compound_standard	v. stat. comp. intrans.
منحوس	non_verb	adj.
منحیث	non_verb	
مند	non_verb	suff.
مندته	non_verb	n. f.
مندر	non_verb	n. m.
مندری	non_verb	adj.
مندرۍ	non_verb	n. f.
مندسته	non_verb	n. f.
مندکه	non_verb	n. f.
منده	non_verb	suff.
منډ	non_verb	n. m.
منډل	regular_simple	v. trans.
منډه	non_verb	n. f.
منډه کول	dynamic_compound	v. dyn. comp. trans.
منډه وهل	dynamic_compound	v. dyn. comp. trans.
منډهۍ	non_verb	n. f.
منډو	non_verb	n. m.
منډې وهل	dynamic_compound	v. dyn. comp. trans.
منزل	non_verb	n. m.
منزل	non_verb	n. m.
منزل مقصود	non_verb	n. m.
منزوي	non_verb	adj. / n. m.
منږک	non_verb	n. m. anim.
منسجم	non_verb	adj. / n. m.
منسوب	non_verb	adj.
منسوبول	regular_simple	v. stat. comp. trans.
منسوبېدل	stative_compound_standard	v. stat. comp. intrans.
منسوخ	non_verb	adj.
منسوخ کول	dynamic_compound	v. stat. comp. trans.
منسوخ کېدل	stative_compound_special	v. stat. comp. intrans.
منسوخول	regular_simple	v. stat. comp. trans.
منسوخېدل	stative_compound_standard	v. stat. comp. intrans.
منشا	non_verb	n. f.
منشور	non_verb	n. m. / adj.
منشي	non_verb	n. m. anim. unisex
منښته	non_verb	n. f.
منصب	non_verb	n. m.
منصبدار	non_verb	n. m. anim. unisex
منصف	non_verb	n. m. anim. unisex
منصفانه	regular_simple	adj. / adv.
منصوب	non_verb	adj.
منصوبه	non_verb	n. f.
منصوبول	regular_simple	v. stat. comp. trans.
منصوبېدل	stative_compound_standard	v. stat. comp. intrans.
منصور	non_verb	adj.
منطق	non_verb	n. m.
منطقه	non_verb	n. f.
منطقه پرستي	non_verb	n. f.
منطقي	non_verb	adj.
منظر	non_verb	n. m.
منظره	non_verb	n. f.
منظره دار	non_verb	adj.
منظم	non_verb	adj.
منظم	non_verb	adj.
منظمول	regular_simple	v. stat. comp. trans.
منظمېدل	stative_compound_standard	v. stat. comp. intrans.
منظور	non_verb	adj.
منظور	non_verb	n. m.
منظورول	regular_simple	v. stat. comp. trans.
منظوري	non_verb	n. f.
منظوم	non_verb	adj.
منع	non_verb	adj.
منع کول	dynamic_compound	v. stat. comp. trans.
منع کېدل	stative_compound_special	v. stat. comp. intrans.
منعکس	non_verb	adj.
منعکس کول	dynamic_compound	v. stat. comp. trans.
منعکس کېدل	stative_compound_special	v. stat. comp. intrans.
منعکسول	regular_simple	v. stat. comp. trans.
منعکسېدل	stative_compound_standard	v. stat. comp. intrans.
منفصل	non_verb	adj.
منفعت	non_verb	n. m.
منفک	non_verb	adj.
منفک کول	dynamic_compound	v. stat. comp. trans.
منفور	non_verb	adj.
منفي	non_verb	adj.
منفي کول	dynamic_compound	v. stat. comp. trans.
منفي کېدل	stative_compound_special	v. stat. comp. intrans.
منفي ګری	non_verb	n. m. anim. unisex
منقار	non_verb	n. m.
منقبض	non_verb	adj.
منقبضول	regular_simple	v. stat. comp. trans.
منقبضېدل	stative_compound_standard	v. stat. comp. intrans.
منقش	non_verb	adj.
منقلب	non_verb	adj.
منقلب	non_verb	n. m.
منکر	non_verb	n. m. anim. unisex / adj.
منکرات	non_verb	
منکرېدل	stative_compound_standard	v. stat. comp. intrans.
منګ	non_verb	n. m. / adj.
منګځ	non_verb	n. f.
منګز	non_verb	n. f.
منګل	non_verb	n. f.
منګنی	non_verb	adj.
منګوټی	non_verb	n. m.
منګور	non_verb	n. m.
منګور	non_verb	n. m. anim. unisex
منګوړ	non_verb	n. m. anim.
منګوړی	non_verb	n. m.
منګول	non_verb	n. f.
منګی	non_verb	n. m.
منل	regular_simple	v. trans.
منندوی	non_verb	adj.
مننه	non_verb	n. f.
مننه	non_verb	n. f.
منهاج	non_verb	n. m.
منور	non_verb	adj.
منونکی	non_verb	adj. / n. m. anim. unisex
منی	non_verb	n. m.
منی	non_verb	n. m.
مني	non_verb	n. f.
مڼه	non_verb	n. f.
مه	non_verb	
مهاجر	non_verb	n. anim. unisex
مهاجرت	non_verb	n. m.
مهار	non_verb	n. m.
مهارت	non_verb	n. m.
مهارول	regular_simple	v. stat. comp. trans.
مهال	non_verb	n. m.
مهال	non_verb	n. m.
مهالوېش	non_verb	n. m.
مهر	non_verb	n. m.
مهر	non_verb	n. m.
مهر	non_verb	n. m.
مهر کندي	non_verb	n. f.
مهر کني	non_verb	n. f.
مهر لګول	regular_simple	v. dyn. comp. trans.
مهربان	non_verb	adj.
مهربانه	non_verb	adj.
مهرباني	non_verb	n. f. / interj.
مهرباني کول	dynamic_compound	v. dyn. comp. trans.
مهلت	non_verb	n. m.
مهلوېش	non_verb	n. m.
مهم	non_verb	adj.
مهمات	non_verb	n. m. pl.
مهمان نواز	non_verb	adj.
مهمان نوازي	non_verb	n. f.
مهمانخانه	non_verb	n. f.
مهماندار	non_verb	n. m. anim. unisex
مهمل	non_verb	adj.
مهمل پرېښودل	non_verb	
مهندس	non_verb	n. m. anim. unisex.
مهین	non_verb	adj.
مهینه	non_verb	n. f.
مو	non_verb	n. m.
مو	non_verb	pron.
مواد	non_verb	n. m. pl.
موازنه	non_verb	n. f.
موازي	non_verb	adj.
مواس	non_verb	n. m.
مواسه	non_verb	n. f.
مواشي	non_verb	n. m. pl.
مواصلات	non_verb	n. m. pl.
مواصلاتي	non_verb	adj.
موافق	non_verb	adj.
موافقت	non_verb	n. m.
موافقه	non_verb	n. f.
موبایل	non_verb	n. m.
موټ	non_verb	n. m.
موټ وهل	dynamic_compound	v. dyn. comp. trans.
موټر	non_verb	n. m.
موټر چلول	regular_simple	v. dyn. comp. trans.
موټرسایکل	non_verb	n. m.
موټروان	non_verb	n. m. anim. unisex
موټرواني	non_verb	n. f.
موټه	non_verb	n. f.
موټی	non_verb	n. m.
موټی وهل	dynamic_compound	v. dyn. comp. trans.
موثر	non_verb	adj.
مؤثر	non_verb	adj.
موثریت	non_verb	n. m.
موثق	non_verb	adj.
موج	non_verb	n. m.
موجبه	non_verb	n. f.
موجود	non_verb	adj.
موجودګي	non_verb	n. f.
موجوده	non_verb	adj.
موجي	non_verb	adj.
موچلۍ	non_verb	n. f.
موچڼه	non_verb	n. f.
موچی	non_verb	n. m. anim. unisex
موچي	non_verb	n. m. anim. unisex
موخه	non_verb	n. f.
موخۍ	non_verb	n. f.
مودب	non_verb	adj.
مودبانه	regular_simple	adv.
مودرن	non_verb	adj.
موده	non_verb	n. f.
موډ	non_verb	n. m.
موډ	non_verb	n. m.
موډرنېزم	non_verb	n. m.
موذي	non_verb	adj.
مور	non_verb	n. f. anim. fam.
مور پلار	non_verb	n. m. pl.
مور زاده	non_verb	adj.
مورا	non_verb	n. f. anim.
مورال	non_verb	n. m.
مورچل	non_verb	n. m.
مورچه	non_verb	n. f.
مورخ	non_verb	n. m. anim. unisex
مورد	non_verb	n. m.
مورکۍ	non_verb	n. f. anim.
مورکۍ	non_verb	n. f. anim.
مورګه	non_verb	n. f.
مورل	regular_simple	v. trans.
مورنی	non_verb	adj.
موروپلار	non_verb	n. m. pl.
موروث	non_verb	n. m.
موروثي	non_verb	adj.
مورۍ	non_verb	n. f.
موړ	non_verb	adj.
موزه	non_verb	n. f.
موزیک	non_verb	n. m.
موزیم	non_verb	n. m.
موږ	non_verb	pron.
موږک	non_verb	n. m.
موږک	non_verb	n. m. anim.
موږل	regular_simple	v. trans.
موږی	non_verb	n. m.
موسسه	non_verb	n. f.
موسک	non_verb	n. m.
موسکول	regular_simple	v. stat. comp. trans.
موسکېدل	stative_compound_standard	v. stat. comp. intrans.
موسل	non_verb	verb gramm trans.
موسم	non_verb	n. m.
موسوم	non_verb	n. m.
موسیٰ	non_verb	name
موسېدل	stative_compound_standard	v. intrans.
موسیقي	non_verb	n. f.
موش	non_verb	n. m. anim.
موشاده	non_verb	n. f.
موښتل	non_verb	
موښل	regular_simple	v. trans.
موښنه	non_verb	n. f.
موضوع	non_verb	n. f.
موظف	non_verb	adj.
موظفیت	non_verb	n. m.
موعظه	non_verb	n. f.
موعظه کول	dynamic_compound	v. dyn. comp. trans.
موغري	non_verb	n. f.
موفق	non_verb	adj.
موفقیت	non_verb	n. m.
موقت	non_verb	adj.
موقتي	non_verb	adj.
موقر	non_verb	adj.
موقع	non_verb	n. f.
موقع ورکول	regular_simple	v. dyn. comp. trans.
موقعه	non_verb	n. f.
موقعیت	non_verb	n. m.
موقف	non_verb	n. m.
موقوف	non_verb	adj.
موقوفول	regular_simple	v. stat. comp. trans.
موکل	non_verb	n. m. / adj.
موکه	non_verb	n. f.
موګنځ	non_verb	n. f.
مول	non_verb	n. m.
مولا	non_verb	n. m. anim.
مولف	non_verb	n. m. anim. unisex
مولی	non_verb	n. m.
مولۍ	non_verb	n. f.
موم	non_verb	
موم جامه	non_verb	n. f.
مومپلی	non_verb	n. m.
مومن	non_verb	n. m. anim. unisex
مومیایي	non_verb	adj. / n. m.
مومیایي	non_verb	n. f.
مومیایي کول	dynamic_compound	v. stat. comp. trans.
مومیایي کېدل	stative_compound_special	v. stat. comp. intrans.
مونث	non_verb	adj.
مونځ	non_verb	n. m.
مونځ ګوزار	non_verb	n. m. anim. unisex
موندره	non_verb	n. f.
موندل	modal	v. trans.
موندنه	non_verb	n. f.
موندنې	non_verb	n. f. pl.
موندېدل	stative_compound_standard	v. intrans.
مونډ	non_verb	n. m.
مونډک	non_verb	n. m.
مونږ	non_verb	pron.
مونګځ	non_verb	n. f.
موهوم	non_verb	adj.
موهوم پرستي	non_verb	n. f.
می	non_verb	n. m.
مې	non_verb	pron.
مۍ	non_verb	n. f.
میا	non_verb	n. f.
میاش کوډۍ	non_verb	n. m.
میاشت	non_verb	n. f.
میاشتنی	non_verb	adj.
میانجي ګری	non_verb	n. m. anim. unisex
میانه	non_verb	adj.
میانه	non_verb	n. f.
میتابولیزم	non_verb	n. m.
مېتود	non_verb	n. m.
میتیازې	non_verb	n. f. pl.
میټر	non_verb	n. m.
مېچن	non_verb	n. m.
مېچن کول	non_verb	
مېچنه	non_verb	n. f.
میچیازې	non_verb	n. f. pl.
مېخ	non_verb	n. m.
میخانه	non_verb	n. f.
میخک	non_verb	n. m.
مېخک	non_verb	n. m.
مېخول	regular_simple	v. stat. comp. trans.
میدان	non_verb	n. m.
میده	non_verb	adj.
مېده	non_verb	adj.
مېده	non_verb	n. f.
میده کول	dynamic_compound	v. stat. comp. trans.
میده کېدل	stative_compound_special	v. stat. comp. intrans.
مېډال	non_verb	n. m.
میرات	non_verb	adj.
میراته	non_verb	n. f.
میراتول	regular_simple	v. stat. comp. trans.
میراتېدل	stative_compound_standard	v. stat. comp. intrans.
میراث	non_verb	n. m.
میراث اخیستل	regular_simple	v. dyn. comp. trans.
میراثي	non_verb	adj.
مېرچي	non_verb	n. f.
میرڅمن	non_verb	n. m. anim. masc.
مېرڅي	non_verb	n. f.
میرخانۍ	non_verb	n. f.
میرګنجی	non_verb	adj.
میرګي	non_verb	n. f.
مېرمن	non_verb	n. f.
مېرمنه	non_verb	n. f.
مېرنی	non_verb	adj.
مېرنۍ	non_verb	n. f.
میره	non_verb	n. f.
مېره	non_verb	n. f.
مېروښه	non_verb	n. f. anim.
مېرېزی	non_verb	n. f.
مېرېنۍ خور	non_verb	n. f. anim.
مېرېنی ورور	non_verb	
مېړانه	non_verb	n. f.
مېړښتوب	non_verb	n. m.
مېړنی	non_verb	adj.
مېړه	non_verb	n. m. anim. / adj.
مېړوښه	non_verb	n. f. anim.
مېز	non_verb	n. m.
مېزبان	non_verb	n. m. anim. unisex
مېزباني	non_verb	n. f.
مېږتون	non_verb	n. m.
مېږکۍ	non_verb	n. f.
مېږنتون	non_verb	n. m.
مېږی	non_verb	n. m. anim.
مېشت	non_verb	adj.
مېشتېدل	stative_compound_standard	v. stat. comp. intrans.
مېښ	non_verb	n. m. anim. unisex
مېښ کټی	non_verb	n. m. anim. unisex
میک اپ	non_verb	n. m.
میکروب	non_verb	n. m.
میکروب شناس	non_verb	n. m. anim. unisex
میکروب شناسي	non_verb	n. f.
میکروب وژونکی	non_verb	adj.
میل	non_verb	adj.
میل	non_verb	n. m.
میل	non_verb	n. m.
میل	non_verb	n. m.
میل کول	dynamic_compound	v. stat. comp. trans.
میل کېدل	stative_compound_special	v. stat. comp. intrans.
میلاد	non_verb	n. m.
میلادي	non_verb	adj.
میلان	non_verb	n. m.
مېلمستځی	non_verb	n. m.
مېلمستون	non_verb	n. m.
مېلمستیا	non_verb	n. f.
مېلمه	non_verb	n. m. anim. unisex
مېلمه پالنه	non_verb	n. f.
مېلمه دوست	non_verb	adj.
میله	non_verb	n. f.
مېله	non_verb	n. f.
مېله کول	dynamic_compound	v. dyn. comp. trans.
مېلو	non_verb	n. m.
میلیارد	non_verb	num.
میلیون	non_verb	num.
مین	non_verb	adj., n. m. anim. unisex
مین کېدل	stative_compound_special	v. stat. comp. intrans.
مینت	non_verb	n. m.
مینتوب	non_verb	n. m.
مېنځ	non_verb	n. m.
مېنځګړی	non_verb	n. m. anim. unisex
مېنځګړیتوب	non_verb	n. m.
مینځل	regular_simple	v. trans.
مېنځنی	non_verb	adj.
مینځه	non_verb	n. f. anim.
مینځه ګته	non_verb	n. f.
میندل	regular_simple	v. trans.
میندوار	non_verb	adj.
میندواري	non_verb	n. f.
مینه	non_verb	n. f.
مېنه	non_verb	n. f.
مینه کول	dynamic_compound	v. dyn. comp. trans.
مینه ناک	non_verb	adj.
مینه وال	non_verb	n. m. anim. unisex
مینوټ	non_verb	n. m.
مینول	regular_simple	v. stat. comp. trans.
مینېدل	stative_compound_standard	v. stat. comp. intrans.
میو	non_verb	n. m.
میو کول	dynamic_compound	v. gen. stat./dyn. comp. trans.
میوه	non_verb	n. f.
مېوه	non_verb	n. f.
مېوه نیول	regular_simple	v. dyn. comp. trans.
مئیلس	non_verb	n. m.
میین	non_verb	adj. / n. m. anim. unisex
نا	non_verb	pref.
نا اشنا	non_verb	n. m. anim. unisex / adj.
نا اشنه	non_verb	adj.
نا امني	non_verb	n. f.
نا امیده	non_verb	adj.
نا امېده	non_verb	adj.
نا انصافي	non_verb	n. f.
نا اهله	non_verb	adj.
نا اوزګار	non_verb	adj.
نا بلد	non_verb	adj.
نا پوهه	non_verb	adj.
نا تجربه کار	non_verb	adj. / n. m. anim. unisex
نا دولتي	non_verb	adj.
نا دولتي موسسه	non_verb	n. f.
نا روا	non_verb	adj.
نا سکه مور	non_verb	n. f. anim.
نا شکر	non_verb	adj.
نا عادته	non_verb	adj.
نا قابل برداشت	non_verb	
نا کامیاب	non_verb	adj.
نا واده شوی	non_verb	adj.
نا وخته	regular_simple	adj. / adv.
ناامني	non_verb	n. f.
ناانصافي	non_verb	n. f.
ناب	non_verb	adj. / n. m.
نابالغه	non_verb	adj.
ناببره	regular_simple	adv.
نابرابري	non_verb	n. f.
نابریالی	non_verb	adj.
نابغه	non_verb	adj.
نابلد	non_verb	adj.
نابلده	non_verb	adj.
نابود	non_verb	adj.
نابودي	non_verb	n. f.
نابینا	non_verb	adj.
ناپ	non_verb	n. m.
ناپ تول	non_verb	n. m.
ناپاک	non_verb	adj.
ناپاکي	non_verb	n. f.
ناپامي	non_verb	n. f.
ناپایدار	non_verb	adj.
ناپایښته	non_verb	adj.
ناپلوي	non_verb	n. f.
ناپوه	non_verb	adj.
ناپوهه	non_verb	n. f.
ناپوهي	non_verb	n. f.
ناپېینه	non_verb	n. f.
ناتایید	non_verb	adj.
ناترسه	non_verb	adj.
ناتواني	non_verb	n. f.
ناټو	non_verb	n. m.
ناجاڼه	non_verb	adj.
ناجائز	non_verb	adj.
ناجائز	non_verb	adj.
ناجایزه	non_verb	adj.
ناجوړ	non_verb	adj.
ناجوړتیا	non_verb	n. f.
ناجوړه	non_verb	adj.
ناجوړي	non_verb	n. f.
ناځواني	non_verb	n. f.
ناځواني کول	dynamic_compound	v. dyn. comp. trans.
ناچل	non_verb	adj.
ناچله	non_verb	adj.
ناچیز	non_verb	adj.
ناڅاپه	regular_simple	adv.
ناڅاپي	non_verb	adj.
ناڅګر	non_verb	n. m. anim. unisex
ناحق	non_verb	adj.
ناحقه	non_verb	adj.
ناحقي	non_verb	n. f.
ناحیه	non_verb	n. f.
ناخالص	non_verb	adj.
ناخبره	non_verb	adj.
ناخدا	non_verb	n. m. anim. unisex
ناخوالي	non_verb	adj.
ناخوان	non_verb	adj.
ناخوښه	non_verb	n. f. / adj.
ناخوښي	non_verb	n. f.
نادار	non_verb	adj.
ناداره	regular_simple	adv.
ناداري	non_verb	n. f.
نادان	non_verb	adj.
نادر	non_verb	adj.
نادرک	non_verb	adj.
نادرکه	non_verb	adj.
نادوده	non_verb	adj. / n. f.
نادولتي	non_verb	adj.
نادیده	non_verb	adj.
ناراحت	non_verb	adj.
ناراحتي	non_verb	n. f.
ناراست	non_verb	adj.
ناراسته	non_verb	adj.
ناراستي	non_verb	n. f.
ناراض	non_verb	adj.
ناراضه	non_verb	adj.
ناراضي	non_verb	n. f.
نارام	non_verb	adj.
نارامه	non_verb	adj.
نارامي	non_verb	n. f. / adj.
نارسمي	non_verb	adj.
نارګیل	non_verb	n. m.
نارمل	non_verb	adj.
نارنجي	non_verb	adj.
ناره	non_verb	n. f.
ناره وهل	dynamic_compound	v. dyn. comp. trans.
ناروا	non_verb	adj.
ناروښانتیا	non_verb	n. f.
ناروغ	non_verb	adj. / n. m. anim. unisex
ناروغتیا	non_verb	n. f.
ناروغه	non_verb	adj.
ناروغي	non_verb	n. f.
ناروغي	non_verb	n. f.
ناری	non_verb	n. m.
ناري	non_verb	adj.
نارې کول	dynamic_compound	v. gen. stat./dyn. comp. trans.
نارې وهل	dynamic_compound	v. dyn. comp. trans.
ناریال	non_verb	n. m.
نارینه	non_verb	adj.
نارینه	non_verb	adj. and n. m. pl.
نارینه	non_verb	n. m. pl.
ناړ	non_verb	n. m.
ناز	non_verb	n. m.
نازبو	non_verb	n. m.
نازپرور	regular_simple	adj. / adv.
نازدانه	regular_simple	adj. / adv.
نازړه	regular_simple	adj. / adv.
نازک	non_verb	adj.
نازک وخت	non_verb	n. m.
نازکوالی	non_verb	n. m.
نازل	non_verb	adj. / n. m.
نازله	non_verb	n. f.
نازلول	regular_simple	v. stat. comp. trans.
نازلېدل	stative_compound_standard	v. stat. comp. intrans.
نازول	regular_simple	v. trans.
نازونه	non_verb	n. f.
نازي	non_verb	n. m. anim. unisex
نازېدل	stative_compound_standard	v. intrans.
ناست	non_verb	adj.
ناسته	non_verb	n. f.
ناسته پاڅه	non_verb	n. f.
ناسته پاسته	non_verb	n. f.
ناسته ولاړه	non_verb	n. f.
ناسکه	non_verb	adj.
ناسکه پلار	non_verb	n. m. anim.
ناسم	non_verb	adj.
ناسموالی	non_verb	n. m.
ناسنت	non_verb	adj.
ناسور	non_verb	n. m.
ناشپاتۍ	non_verb	n. f.
ناشته	non_verb	n. f.
ناشکر	non_verb	adj.
ناشکره	non_verb	adj.
ناشکري	non_verb	n. f.
ناشناخته	non_verb	adj.
ناشونی	non_verb	adj.
ناصح	non_verb	n. m. anim. unisex
ناضر	non_verb	n. m. anim. unisex
ناظرین	non_verb	n. m. pl.
ناظم	non_verb	n. m. anim. unisex / adj.
ناعدالتي	non_verb	n. f.
ناغ	regular_simple	n. m. / adv.
ناغ کول	dynamic_compound	v. dyn. comp. trans.
ناغښتلی	non_verb	adj.
ناغه	non_verb	n. f.
ناغېره	non_verb	adj.
ناغېړي	non_verb	n. f.
نافذ	non_verb	adj.
نافذ کول	dynamic_compound	v. stat. comp. trans.
نافذېدل	stative_compound_standard	v. stat. comp. intrans.
نافرمان	non_verb	adj.
نافرمانه	non_verb	adj.
نافرماني	non_verb	n. f.
نافرماني کول	dynamic_compound	v. dyn. comp. trans.
ناقابل	non_verb	adj.
ناقابله	non_verb	adj.
ناقابلیت	non_verb	n. m.
ناقانونه	non_verb	adj.
ناقبل فراموش	non_verb	adj.
ناقلاره	non_verb	adj.
ناقلاري	non_verb	n. f.
ناک	non_verb	n. m.
ناک	non_verb	suff.
ناکاره	non_verb	adj.
ناکام	non_verb	adj.
ناکامه	non_verb	adj.
ناکامه کول	dynamic_compound	v. stat. comp. trans.
ناکامه کېدل	stative_compound_special	v. stat. comp. intrans.
ناکامول	regular_simple	v. stat. comp. trans.
ناکامي	non_verb	n. f.
ناکامېدل	stative_compound_standard	v. stat. comp. intrans.
ناکراره	non_verb	adj.
ناکره	non_verb	adj.
ناکه	non_verb	n. f.
ناګاره	non_verb	adj. / n. m.
ناګزیر	non_verb	adj.
ناګهانه	regular_simple	adv.
نال	non_verb	n. m.
نالایق	non_verb	adj.
نالایقه	non_verb	adj.
نالبکی	non_verb	n. m.
نالت	non_verb	n. m.
نالتي	non_verb	adj.
نالش	non_verb	n. m.
نالښت	non_verb	n. m.
نالګی	non_verb	n. m.
ناله	non_verb	n. f.
نالوستی	non_verb	adj.
نالوستي	non_verb	n. f.
نالول	regular_simple	v. stat. comp. trans.
نالي	non_verb	n. f.
نالۍ	non_verb	n. f.
نالیدلی	non_verb	adj.
نام	non_verb	n. m.
نام بدي	non_verb	n. f.
نام ور	non_verb	adj.
نام وري	non_verb	n. f.
نامالوم	non_verb	adj.
نامانوس	non_verb	adj.
نامت	non_verb	n. m.
نامتو	non_verb	adj.
نامخلص	non_verb	adj.
نامدار	non_verb	adj.
نامراد	non_verb	adj.
نامرد	non_verb	adj.
نامزد	non_verb	n. m.
نامستقیم	regular_simple	adj. / adv.
نامستقیماً	regular_simple	adv.
نامشروع	non_verb	adj.
نامصون	non_verb	adj.
نامضر	non_verb	adj.
نامطلوب	non_verb	adj.
نامعلوم	non_verb	adj.
نامعلومه	non_verb	adj.
نامکمله	non_verb	adj.
ناملموس	non_verb	adj.
ناممکن	non_verb	adj.
ناممکنه	non_verb	adj.
نامناسب	non_verb	adj.
نامناسبه	non_verb	adj.
نامنظور	non_verb	adj.
نامنظوره	non_verb	adj.
نامنظوره کول	dynamic_compound	v. stat. comp. trans.
نامنظوره کېدل	stative_compound_special	v. stat. comp. intrans.
نامنظورول	regular_simple	v. stat. comp. trans.
نامنظوري	non_verb	n. f.
نامنظورېدل	stative_compound_standard	v. stat. comp. intrans.
نامه	non_verb	
ناموس	non_verb	n. m.
ناموسي وژنه	non_verb	n. f.
نامېندګي	non_verb	n. f.
نانائي	non_verb	adj.
نانځکه	non_verb	n. f.
ناندرۍ	non_verb	n. f.
ناندرۍ وهل	dynamic_compound	v. dyn. comp. trans.
ناندریز	non_verb	adj.
نانوایي	non_verb	n. f.
نانی	non_verb	adj. / n. m. anim. unisex
ناهموار	non_verb	adj.
ناهواره	non_verb	adj.
ناهیلی	non_verb	adj.
ناهیلي	non_verb	n. f.
ناو	non_verb	n. m.
ناوخته	regular_simple	adj. / adv.
ناوخدا	non_verb	n. m. anim. unisex
ناورین	non_verb	n. m.
ناوړ	non_verb	adj.
ناوړه	non_verb	adj.
ناوړه	non_verb	n. f.
ناوک	non_verb	n. m.
ناوکۍ	non_verb	n. f.
ناولد	non_verb	adj.
ناولی	non_verb	adj.
ناوه	non_verb	n. f.
ناوې	non_verb	n. f.
ناوېشلی	non_verb	n. m.
نایاب	non_verb	adj.
نایڼه	non_verb	n. f.
نایي	non_verb	n. m. anim. unisex
نبات	non_verb	n. m.
نبات پېژندنه	non_verb	n. f.
نباتي	non_verb	n. f.
نبض	non_verb	n. m.
نبض کتل	non_verb	
نبوت	non_verb	n. m.
نبوت کول	dynamic_compound	v. dyn. comp. trans.
نبي	non_verb	n. m. anim.
نتکۍ	non_verb	n. f.
نتل	regular_simple	v. trans.
نتلی	non_verb	adj.
نته	non_verb	n. f.
نتیجه	non_verb	n. f.
نتیجه اخستل	regular_simple	v. dyn. comp. trans.
نثار	non_verb	n. m.
نثر	non_verb	n. m.
نجابت	non_verb	n. m.
نجات	non_verb	n. m.
نجات موندل	regular_simple	v. dyn. comp. trans.
نجات ورکول	regular_simple	v. dyn. comp. trans.
نجار	non_verb	n. m. anim. unisex
نجاري	non_verb	n. f.
نجاست	non_verb	n. m.
نجتل	regular_simple	v. trans.
نجس	non_verb	adj.
نجلۍ	non_verb	n. f. anim.
نجلۍ توب	non_verb	n. m.
نجوم	non_verb	
نجومي	non_verb	n. m. anim. unisex
نجونې	non_verb	n. f. pl.
نجیب	non_verb	adj.
نچوړ	non_verb	n. m. / adj.
نچوړول	regular_simple	v. stat. comp. trans.
نچوړېدل	stative_compound_standard	v. stat. comp. intrans.
نڅا	non_verb	n. f.
نڅا کول	dynamic_compound	v. dyn. comp. trans.
نڅاګر	non_verb	n. m. anim. unisex
نڅل	regular_simple	v. gramm. trans.
نڅوړ	non_verb	n. m.
نڅوړول	regular_simple	v. stat. comp. trans.
نڅوړېدل	stative_compound_standard	v. stat. comp. intrans.
نڅول	regular_simple	v. trans.
نڅېدل	stative_compound_standard	v. intrans.
نحو	non_verb	n. f.
نخاس	non_verb	n. m. anim. unisex
نخره	non_verb	n. f.
نخل	non_verb	n. m.
نخود	non_verb	n. m. pl.
نخودي	non_verb	adj.
ندا	non_verb	n. f.
ندامت	non_verb	n. m.
ندامت کول	dynamic_compound	v. dyn. comp. trans.
ندایي	non_verb	adj.
ندرور	non_verb	n. f. anim. fam.
ندریندې	non_verb	n. f. pl.
نذر	non_verb	n. m.
نذرانه	non_verb	n. f.
نر	non_verb	n. m. anim. / adj.
نر تخمه	non_verb	n. f.
نرتوب	non_verb	n. m.
نرخ	non_verb	n. m.
نرخنامه	non_verb	n. f.
نرس	non_verb	n. m. anim. unisex
نرسه	non_verb	n. f. anim.
نرښځه	non_verb	n. f. anim.
نرښځی	non_verb	n. m. anim. unisex
نرغون	non_verb	n. m.
نرغونی	non_verb	adj.
نرګس	non_verb	n. m.
نرګوړان	non_verb	n. m.
نرم	non_verb	adj.
نرم دل	non_verb	adj.
نرم زړی	non_verb	adj.
نرم مزاج	non_verb	adj. / n. m.
نرم ناک	non_verb	adj.
نرمه لهجه	non_verb	
نرمي	non_verb	n. f.
نرواک	non_verb	adj.
نرواکي	non_verb	n. f.
نروالی	non_verb	n. m.
نروچکی	non_verb	adj.
نروڅکی	non_verb	adj.
نری	non_verb	adj.
نری رنځ	non_verb	n. m.
نری زړی	non_verb	adj.
نرۍ غوښه	non_verb	
نری نری بهېدل	non_verb	
نرینه	non_verb	adj.
نړ	non_verb	n. m.
نړل	regular_simple	v. gramm. trans.
نړول	regular_simple	v. trans.
نړۍ	non_verb	n. f.
نړېدل	stative_compound_standard	v. intrans.
نړیوال	non_verb	adj.
نزاکت	non_verb	n. m.
نزاکتاً	regular_simple	adv.
نزد	non_verb	adj. / n. m.
نزدې	regular_simple	adj. / loc. adv.
نزدې کېدل	stative_compound_special	v. stat. comp. intrans.
نزدیکت	non_verb	n. m.
نزله	non_verb	n. f.
نزول	non_verb	n. m.
نژاد	non_verb	n. m.
نژادپرست	non_verb	adj. / n. m. anim. unisex
نژادپرستي	non_verb	n. f.
نژادي	non_verb	adj.
نژدې	regular_simple	adj. / loc. adv.
نژدې پر نژدې	regular_simple	adv.
نژدې کېدل	stative_compound_special	v. stat. comp. intrans.
نږدې	regular_simple	adj. / loc. adv.
نږل	regular_simple	v. gramm. trans.
نږندې	non_verb	n. f. pl.
نږور	non_verb	n. f. anim. fam.
نږول	regular_simple	v. stat. comp. trans.
نږول	regular_simple	v. trans.
نږی	non_verb	n. m.
نږېدل	stative_compound_standard	v. stat. comp. intrans.
نږېندې	non_verb	n. f. pl.
نس	non_verb	n. m.
نس پړس	non_verb	adj.
نس پړسی	non_verb	adj.
نس خوږی	non_verb	adj.
نس خوږی	non_verb	n. m.
نس ناسته	non_verb	n. f.
نسایي	non_verb	adj.
نسبت	non_verb	n. m.
نسبت ورکول	regular_simple	v. dyn. comp. trans.
نسبتاً	regular_simple	adv.
نسبتي	non_verb	adj.
نسبي	non_verb	adj.
نسبیت	non_verb	n. m.
نسته	non_verb	
نستوڼی	non_verb	n. m.
نسج	non_verb	n. m.
نسخه	non_verb	n. f.
نسخه لیکل	regular_simple	v. dyn. comp. trans.
نسک	non_verb	n. m. pl.
نسکور	non_verb	adj.
نسکورول	regular_simple	v. stat. comp. trans.
نسکورېدل	stative_compound_standard	v. stat. comp. intrans.
نسکیر	non_verb	n. m. anim. unisex
نسل	non_verb	n. m.
نسناسته	non_verb	n. f.
نسوار	non_verb	n. m. pl.
نسواري	non_verb	adj.
نسواري	non_verb	adj.
نسواري	non_verb	n. m. anim. unisex
نشاسته	non_verb	n. f.
نشاط‍	non_verb	n. m.
نشان	non_verb	n. m.
نشانه	non_verb	n. f.
نشایسته	non_verb	n. f.
نشت	non_verb	n. m.
نشته	non_verb	
نشتوالی	non_verb	n. m.
نشتون	non_verb	n. m.
نشر	non_verb	n. f.
نشره	non_verb	n. f.
نشرول	regular_simple	v. stat. comp. trans.
نشروونکی	non_verb	n. m. anim. unisex
نشرېدل	stative_compound_standard	v. stat. comp. intrans.
نشست	non_verb	n. m.
نشه	non_verb	n. f.
نشه باب	non_verb	n. m. pl.
نشه کول	dynamic_compound	v. dyn. comp. trans.
نشه یي	non_verb	n. m. anim. unisex / adj.
نشه یي توکي	non_verb	n. m. pl.
نشه یي مواد	non_verb	n. m. pl.
نښان	non_verb	n. m.
نښانه	non_verb	n. f.
نښتر	non_verb	n. m.
نښتل	regular_simple	v. intrans.
نښته	non_verb	n. f.
نښتی	non_verb	adj.
نښتېځل	regular_simple	v. trans.
نښژبه	non_verb	n. f.
نښلول	regular_simple	v. trans.
نښلېدل	stative_compound_standard	v. intrans.
نښلېدونکی	non_verb	adj.
نښه	non_verb	n. f.
نښه ورانول	non_verb	
نښه ویشتونکی	non_verb	n. m.
نص	non_verb	n. m.
نصاب	non_verb	n. m.
نصارا	non_verb	n. m. / adj. / n. m. pl.
نصب	non_verb	adj.
نصب کول	dynamic_compound	v. stat. comp. trans.
نصب کېدل	stative_compound_special	v. stat. comp. intrans.
نصب نامه	non_verb	n. f.
نصراني	non_verb	adj.
نصرانیت	non_verb	n. m.
نصرت	non_verb	n. m.
نصوار	non_verb	n. m. pl.
نصواري	non_verb	adj.
نصواري	non_verb	n. m. anim. unisex
نصیب	non_verb	n. m.
نصیحت	non_verb	n. m.
نصیحت کول	dynamic_compound	v. dyn. comp. trans.
نصیحت کوونکی	non_verb	n. m. anim. unisex
نطاق	non_verb	n. m.
نظارت	non_verb	n. m.
نظاره	non_verb	n. f.
نظافت	non_verb	n. m.
نظام	non_verb	n. m.
نظام چلول	regular_simple	v. dyn. comp. trans.
نظامي	non_verb	adj.
نظر	non_verb	n. m.
نظر اچول	regular_simple	v. dyn. comp. trans.
نظر بندي	non_verb	n. f.
نظر ثاني	non_verb	n. f.
نظر ثاني کول	dynamic_compound	v. dyn. comp. trans.
نظر ساتل	non_verb	
نظر کول	dynamic_compound	v. dyn. comp. trans.
نظراً	regular_simple	adv.
نظربند	non_verb	adj.
نظرپوښتنه	non_verb	n. f.
نظري	non_verb	adj.
نظریاتي	non_verb	adj.
نظریه	non_verb	n. f.
نظم	non_verb	n. m.
نظمي کیسه	non_verb	n. f.
نظیر	non_verb	adj. / n. m.
نعت	non_verb	n. m.
نعمت	non_verb	n. m.
نعناع	non_verb	n. f.
نعوذبالله	non_verb	interj.
نعیم	non_verb	n. m.
نغاره	non_verb	n. f.
نغارې ډنګول	regular_simple	v. dyn. comp. trans.
نغاړکۍ	non_verb	n. f.
نغاړل	regular_simple	v. trans.
نغاړۍ	non_verb	n. f.
نغد	non_verb	n. m. / adj.
نغدي	non_verb	adj.
نغرل	regular_simple	v. trans.
نغری	non_verb	n. m.
نغړد	non_verb	adj.
نغړدل	regular_simple	v. trans.
نغړل	non_verb	
نغښتل	regular_simple	v. trans.
نغم	non_verb	n. m.
نغم	non_verb	n. m.
نغمه	non_verb	n. f.
نغوته	non_verb	n. f.
نغوته	non_verb	n. f.
نغول	non_verb	n. m.
نغومل	regular_simple	v. intrans.
نغومېدل	stative_compound_standard	v. intrans.
نفاق	non_verb	n. m.
نفاق	non_verb	n. m.
نفت	non_verb	n. m. pl.
نفتي	non_verb	adj.
نفر	non_verb	n. m. anim. unisex
نفرت	non_verb	n. m.
نفرت کول	dynamic_compound	v. dyn. comp. trans.
نفرین	non_verb	n. m.
نفرین	non_verb	n. m. / adj.
نفرین کول	dynamic_compound	v. stat. comp. trans.
نفس	non_verb	n. m.
نفس	non_verb	n. m.
نفس ایستل	regular_simple	v. dyn. comp. trans.
نفس پرستي	non_verb	n. f.
نفس وتل	non_verb	
نفسي	non_verb	n. f.
نفسیات	non_verb	n. m. plur.
نفسیاتي	non_verb	adj.
نفطه	non_verb	n. f.
نفع	non_verb	n. f.
نفع رسول	regular_simple	v. dyn. comp. trans.
نفعه	non_verb	n. f.
نفقه	non_verb	n. f.
نفوذ	non_verb	n. m.
نفوس	non_verb	n. m.
نفوس شماري	non_verb	n. f.
نفي	non_verb	n. f.
نفي کول	dynamic_compound	v. stat. comp. trans.
نقاب	non_verb	n. m.
نقادي	non_verb	n. f.
نقاش	non_verb	n. m. anim. unisex
نقاشي	non_verb	n. f.
نقاشي کول	dynamic_compound	v. stat. comp. trans.
نقد	non_verb	n. m.
نقد	non_verb	n. m.
نقدي	non_verb	adj.
نقره	non_verb	n. f.
نقره یي	non_verb	adj.
نقش	non_verb	n. m.
نقشه	non_verb	n. f.
نقشه جوړوونکی	non_verb	n. m. anim. unisex
نقص	non_verb	n. m.
نقصان	non_verb	n. m.
نقصان رسول	regular_simple	v. dyn. comp. trans.
نقصان کول	dynamic_compound	v. dyn. comp. trans.
نقصاني	non_verb	adj.
نقطه	non_verb	n. f.
نقل	non_verb	n. m.
نقل	non_verb	n. m.
نقل پذیر	non_verb	adj.
نقل کول	dynamic_compound	v. dyn. comp. trans.
نقلول	regular_simple	v. stat. comp. trans.
نقلي	non_verb	adj.
نقلېدل	non_verb	
نقیض	non_verb	adj.
نکاح	non_verb	n. f.
نکاحنامه	non_verb	n. f.
نکټایي	non_verb	n. f.
نکریزې	non_verb	n. f. pl.
نکل	non_verb	n. m.
نکل	non_verb	n. m.
نکلي	non_verb	adj.
نکېده	non_verb	n. m.
نګاهبان	non_verb	n. m. anim. unisex
نګاهبان	non_verb	n. m. anim. unisex
نګران	non_verb	adj. / n. m. anim. unisex
نګراني	non_verb	n. f.
نګراني کول	dynamic_compound	v. dyn. comp. trans.
نګهبان	non_verb	n. m. anim. unisex
نل	non_verb	n. m.
نل جوړوونکی	non_verb	n. m. anim. unisex
نل غځوونکی	non_verb	n. m. anim. unisex
نلدوان	non_verb	n. m. anim. unisex
نلدواني	non_verb	n. f.
نلکه	non_verb	n. f.
نلکۍ	non_verb	n. f.
نلۍ	non_verb	n. f.
نم	non_verb	n. m.
نم جن	non_verb	adj.
نمانځل	regular_simple	v. trans.
نمانځنه	non_verb	n. f.
نمایش	non_verb	n. m.
نمایش	non_verb	n. m.
نمایشي	non_verb	adj.
نمایندګي	non_verb	n. f.
نمایندګي کول	dynamic_compound	v. dyn. comp. trans.
نماینده	non_verb	n. f.
نماینده ګي	non_verb	n. f.
نمبر	non_verb	n. m.
نمجن	non_verb	adj.
نمدار	non_verb	adj.
نمر	non_verb	n. m.
نمر خاته	non_verb	n. m.
نمړۍ	non_verb	n. f.
نمسی	non_verb	n. m. anim. unisex
نمسۍ	non_verb	n. f.
نمک	non_verb	n. m.
نمک حلال	non_verb	adj.
نمک حلالي	non_verb	n. f.
نمناک	non_verb	adj.
نمنځل	regular_simple	v. trans.
نموړل	regular_simple	v. trans.
نمونځ	non_verb	n. m.
نمونه	non_verb	n. f.
نمونه یي	non_verb	adj.
نمي	non_verb	n. f.
نمیسل	regular_simple	v. trans.
نن	regular_simple	adv.
نن سبا	regular_simple	adv.
نن شپه	regular_simple	adv.
ننباسل	non_verb	
ننځک	non_verb	n. f.
نندارتون	non_verb	n. m.
نندارچي	non_verb	n. m. anim. unisex
نندارغاړی	non_verb	n. m. anim. unisex
ننداره	non_verb	n. f.
ننداره جوړول	regular_simple	v. dyn. comp. trans.
ننداره کول	dynamic_compound	v. dyn. comp. trans.
ننداره کوونکی	non_verb	n. m. anim. unisex
نندره	non_verb	n. f.
ننږور	non_verb	n. f. anim.
ننکۍ	non_verb	n. f.
ننګ	non_verb	n. m.
ننګرهار	non_verb	n. m.
ننګه	non_verb	n. f.
ننګه کول	dynamic_compound	v. dyn. comp. trans.
ننګه وړل	regular_simple	v. dyn. comp. trans.
ننګول	regular_simple	v. trans.
ننګونه	non_verb	n. f.
ننګوونکی	non_verb	adj.
ننګیال	non_verb	adj.
ننګیالی	non_verb	adj.
ننګېرنه	non_verb	n. f.
نننی	non_verb	adj.
ننه	non_verb	suff.
ننوتل	regular_simple	v. intans.
نه	non_verb	adpos.
نه	non_verb	interj.
نه	non_verb	pref.
نه	non_verb	pref.
نه بدلېدونکی	non_verb	adj.
نه توافق	non_verb	n. m.
نه حاصلېدونکی	non_verb	adj.
نه ختمېدونکی	non_verb	adj.
نه خوړو اعتصاب	non_verb	n. m.
نه ذیروح	non_verb	adj.
نه رعایت	non_verb	n. m.
نه زغمېدونکی	non_verb	adj.
نه شوم	non_verb	n. m.
نه فنا کېدونکی	non_verb	adj.
نه کېدونکی	non_verb	adj.
نه مطابقت	non_verb	n. m.
نه ویشت	non_verb	num.
نه یاست	non_verb	n. m.
نهاد	non_verb	n. m.
نهادي	non_verb	adj.
نهار	non_verb	adj.
نهار نهور	regular_simple	adv.
نهال	non_verb	n. m.
نهالول	regular_simple	v. stat. comp. trans.
نهالي	non_verb	n. f.
نهالي	non_verb	n. f.
نهایت	regular_simple	adj. / adv.
نهایتاً	regular_simple	adv.
نهایي	non_verb	adj.
نهائي	non_verb	adj.
نهر	non_verb	n. m.
نهضت	non_verb	n. m. anim.
نهم	non_verb	adj.
نهنګ	non_verb	n. m.
نهه	non_verb	n. f.
نهه	non_verb	num.
نهي	non_verb	
نهیله	non_verb	adj.
نهیلی	non_verb	adj.
نهیلی کول	dynamic_compound	v. stat. comp. trans.
نهیلی کېدل	stative_compound_special	v. stat. comp. intrans.
نهیه	non_verb	n. f.
نهیه کول	non_verb	
نو	non_verb	conj.
نوار	non_verb	n. m.
نواسه	non_verb	n. m.
نوبت	non_verb	n. m.
نوبت خانه	non_verb	n. f.
نوټ	non_verb	n. m.
نوټ بک	non_verb	n. m.
نوح	non_verb	name
نور	regular_simple	adj. / adv.
نور	non_verb	n. m.
نور	non_verb	n. m.
نوراني	non_verb	n. f.
نورمال	regular_simple	adj. / adv.
نوروز	non_verb	n. m.
نورېدل	stative_compound_standard	v. stat. comp. intrans.
نوزل	non_verb	n. m.
نوږ	non_verb	adj.
نوږول	regular_simple	v. stat. comp. trans.
نوږول	regular_simple	v. trans.
نوږی	non_verb	n. m.
نوږی	non_verb	n. m.
نوږېدل	stative_compound_standard	v. intrans.
نوږېدل	stative_compound_standard	v. stat. comp. intrans.
نوستل	regular_simple	v. trans.
نوسه	non_verb	n. f.
نوسه	non_verb	n. f.
نوسه	non_verb	n. f.
نوسی	non_verb	n. m. anim. unisex
نوسۍ	non_verb	n. f. anim.
نوش	non_verb	n. m.
نوشته	non_verb	n. f.
نوشته کول	dynamic_compound	v. stat. comp. trans.
نوښت	non_verb	n. m.
نوښتګر	non_verb	n. m. anim. unisex
نوع	non_verb	n. f.
نوعیت	non_verb	n. m.
نوغ	non_verb	n. m.
نوغی	non_verb	n. m.
نوغی	non_verb	n. m.
نوک	non_verb	n. m.
نوکاره	non_verb	n. f.
نوکر	non_verb	n. m. anim. unisex
نوکر کول	dynamic_compound	v. stat. comp. trans.
نوکراړی	non_verb	n. m.
نوکری	non_verb	adj.
نوکری	non_verb	n. m.
نوکري	non_verb	n. f.
نوکري کول	dynamic_compound	v. dyn. comp. trans.
نوکري ورکول	regular_simple	v. dyn. comp. trans.
نوکی	regular_simple	adv.
نول	non_verb	n. m.
نولس	non_verb	num.
نولسم	non_verb	adj.
نولی	non_verb	n. m. anim. unisex
نوم	non_verb	n. m.
نوم	non_verb	n. m.
نوم لیکنه	non_verb	n. f.
نوماند	non_verb	adj. / n. m. anim. unisex
نومځری	non_verb	n. m.
نوملړ	non_verb	n. m.
نوموړی	non_verb	adj.
نومی	non_verb	adj.
نومي	non_verb	adj.
نومیال	non_verb	adj.
نومیالی	non_verb	adj.
نومیالي	non_verb	n. f.
نومېدل	stative_compound_standard	v. intrans.
نونس	non_verb	num.
نونسم	non_verb	adj.
نوه	non_verb	n. f.
نوی	non_verb	adj.
نوي	non_verb	num.
نوی کول	dynamic_compound	v. stat. comp. trans.
نوی کېدل	stative_compound_special	v. stat. comp. intrans.
نوېدونکی	non_verb	adj.
نوییم	non_verb	adj.
نیا	non_verb	n. f. anim.
نیابت	non_verb	n. m.
نیابتي	non_verb	adj.
نیاړې	non_verb	n. f. pl.
نیاز	non_verb	n. m.
نیازمن	non_verb	adj.
نیازمند	non_verb	adj.
نیازمندي	non_verb	n. f.
نیاست	non_verb	n. m.
نیال	non_verb	n. m.
نیالګی	non_verb	n. m.
نیالګی کېنول	regular_simple	v. dyn. comp. trans.
نیالول	regular_simple	v. stat. comp. trans.
نیالي	non_verb	n. f.
نیام	non_verb	n. m.
نیاو	non_verb	n. m.
نیاوتون	non_verb	n. m.
نیپي	non_verb	n. f.
نیت	non_verb	n. m.
نیت کول	dynamic_compound	v. dyn. comp. trans.
نېټ	non_verb	n. m.
نېټه	non_verb	n. f.
نیچه	non_verb	n. f.
نېخۍ	non_verb	n. f.
نیدرلنډز	non_verb	n. m.
نېر	non_verb	n. m.
نېزدې	regular_simple	adj. / loc. adv.
نېزدې کېدل	stative_compound_special	v. stat. comp. intrans.
نیزه	non_verb	n. f.
نېزه	non_verb	n. f.
نېزه بازي	non_verb	n. f.
نېږدې	regular_simple	loc. adv.
نېستمن	non_verb	adj.
نېستي	non_verb	n. f.
نېش	non_verb	n. m.
نېش وهل	non_verb	
نیشتوی	non_verb	n. m.
نیشکر	non_verb	n. m.
نېښ	non_verb	n. m.
نېغ	non_verb	adj.
نېغ په نېغه	regular_simple	adv.
نېغ کتل	non_verb	
نیغ نیغ	regular_simple	adv.
نېغ نېغ	regular_simple	adv.
نېغ نېغ کتل	non_verb	
نېغ نېغ کېدل	non_verb	
نېغول	regular_simple	v. stat. comp. trans.
نېغېدل	stative_compound_standard	v. stat. comp. intrans.
نیک	non_verb	adj.
نېک	non_verb	adj.
نېک	non_verb	n. m. anim. unisex
نېک بین	non_verb	adj.
نېک ذاتي	non_verb	n. f.
نېک زړی	non_verb	adj.
نېک کردار	non_verb	adj.
نېک مرغه	non_verb	n. f. / adj.
نېک مرغي	non_verb	n. f.
نېک نام	non_verb	adj.
نېک نامي	non_verb	n. f.
نېک نیت	non_verb	adj.
نېکبخته	non_verb	adj.
نېکبختي	non_verb	n. f.
نېکټایي	non_verb	n. f.
نېکر	non_verb	n. m.
نېکمرغه	non_verb	adj.
نېکنام	non_verb	adj.
نېکنیته	non_verb	adj.
نیکه	non_verb	n. m. anim. unisex
نیکه ګان	non_verb	n. m. pl.
نېکه لار ښودل	non_verb	
نیکونه	non_verb	n. m. pl.
نېکي	non_verb	n. f.
نیلام	non_verb	n. m.
نیلم	non_verb	n. m. pl.
نیلمني	non_verb	adj.
نیله چنار	non_verb	n. m.
نیلوفر	non_verb	n. m.
نیلي	non_verb	adj.
نیم	non_verb	adj.
نیم اوده	non_verb	
نیم ګرم	non_verb	adj.
نیم مرئیتوب	non_verb	n. m.
نیمایي	non_verb	n. f.
نیمچکی	non_verb	n. m.
نیمچه	non_verb	adj. / n. f.
نیمکاره	regular_simple	adj. / adv.
نیمکښ	non_verb	adj.
نیمګړتیا	non_verb	n. f.
نیمګړی	non_verb	adj.
نیمه ګنټه	non_verb	
نیمه لاره	non_verb	
نیمه لویه وچه	non_verb	
نیمه وچه	non_verb	n. f. doub.
نیموچه	non_verb	n. f.
نیمول	regular_simple	v. stat. comp. trans.
نیمېدل	stative_compound_standard	v. stat. comp. intrans.
نینځکه	non_verb	n. f.
نینکۍ	non_verb	n. f.
نیواک	non_verb	n. m.
نیوک	non_verb	n. m.
نیوکګر	non_verb	n. m. anim. unisex
نیوکه	non_verb	n. f.
نیوکه	non_verb	n. f.
نیوکه کول	dynamic_compound	v. dyn. comp. trans.
نیوکه کوونکی	non_verb	n. m. anim. unisex
نیول	regular_simple	v. trans.
نیوونکی	non_verb	n. m. anim. unisex
ها خوا	regular_simple	loc. adv.
هاتي	non_verb	n. m. anim.
هار	non_verb	adj.
هار	non_verb	n. m.
هارمون	non_verb	n. m.
هارمونیه	non_verb	n. f.
هارن	non_verb	n. m.
هاسټل	non_verb	n. m.
هاسې	regular_simple	adv.
هاسې په هاسې	regular_simple	adv.
هاضمه	non_verb	n. f.
هاغه	non_verb	n. f.
هاغومره	regular_simple	adv.
هاکي	non_verb	n. f.
هال	non_verb	n. m.
هاند	non_verb	n. m.
هاڼ	non_verb	n. m.
هاهولي	non_verb	adj.
هاوان	non_verb	n. m.
های های	non_verb	interj.
هبا	non_verb	n. f.
هبره	non_verb	n. f. anim.
هبه ډبه	non_verb	n. f.
هپه	non_verb	n. f.
هپه دپه	non_verb	n. f. doub.
هپي	non_verb	n. f.
هتک	non_verb	n. m.
هتک کول	dynamic_compound	v. dyn. comp. trans.
هتکړۍ	non_verb	n. f. pl.
هته	non_verb	n. f.
هټ	non_verb	n. m.
هټ	non_verb	n. m.
هټکېدل	stative_compound_standard	v. intrans.
هټه	non_verb	n. f.
هټه او سټه کول	non_verb	
هټوځی	non_verb	n. m.
هټول	regular_simple	v. stat. comp. trans.
هټول	regular_simple	v. trans.
هټۍ	non_verb	n. f.
هټۍ وال	non_verb	n. m.
هټۍ والي	non_verb	n. f.
هټېدل	stative_compound_standard	v. intrans.
هټېدل	stative_compound_standard	v. stat. comp. intrans.
هټیوال	non_verb	n. m. anim. unisex
هجا	non_verb	n. f.
هجر	non_verb	n. m.
هجر	non_verb	n. m.
هجران	non_verb	n. m.
هجران	non_verb	n. m.
هجرت	non_verb	n. m.
هجرت کول	dynamic_compound	v. dyn. comp. trans.
هجره	non_verb	n. f.
هجري	non_verb	adj.
هجوم	non_verb	n. m.
هجوم کول	dynamic_compound	v. dyn. comp. trans.
هڅاند	non_verb	adj.
هڅند	non_verb	adj.
هڅه	non_verb	n. f.
هڅه کول	dynamic_compound	v. dyn. comp. trans.
هڅوب	non_verb	n. m.
هڅول	regular_simple	v. trans.
هڅونه	non_verb	n. f.
هڅوونکی	non_verb	adj.
هدایت	non_verb	n. m.
هدایت کول	dynamic_compound	v. dyn. comp. trans.
هدایت کوونکی	non_verb	n. m. anim. unisex
هدایت ورکول	regular_simple	v. dyn. comp. trans.
هدایتکار	non_verb	n. m. anim. unisex
هدف	non_verb	n. m.
هدفي وژنه	non_verb	n. f.
هدیره	non_verb	n. f.
هدیه	non_verb	n. f.
هډ	non_verb	n. m.
هډ مډ	non_verb	n. m.
هډتړ	non_verb	n. m.
هډو	regular_simple	adv.
هډوال	non_verb	n. m.
هډوپلې	non_verb	n. f. pl.
هډور	non_verb	adj.
هډوکو والا	non_verb	adj.
هډوکی	non_verb	n. m.
هذیاني	non_verb	adj.
هر	non_verb	det.
هر	non_verb	n. m.
هر اړخیز	non_verb	adj.
هر اړخېز	non_verb	adj.
هر ځای	regular_simple	loc. adv.
هر چېرته	regular_simple	loc. adv.
هر څه	non_verb	n. m. pl.
هر څو	non_verb	
هر څوک	non_verb	pron.
هر څیز	non_verb	
هر شی	non_verb	
هر فن مولا	non_verb	adj.
هر کال	regular_simple	adv.
هر کله	regular_simple	adv.
هر کله چې	non_verb	
هر کله راشه	non_verb	
هر کله راشئ	non_verb	
هر مقام	regular_simple	loc. adv.
هر وخت	regular_simple	adv.
هر یو	non_verb	
هر یو تن	non_verb	
هر یو کس	non_verb	
هراس	non_verb	n. m.
هرټ اټک	non_verb	n. m.
هرځای	regular_simple	adv.
هرچرته	regular_simple	adv.
هرڅه	non_verb	pron.
هرڅوک	non_verb	pron.
هرکاره	non_verb	adj. / n. m. anim. unisex
هرکاره	non_verb	adj. / n. f.
هرکلی	non_verb	n. m.
هرکلی کول	dynamic_compound	v. dyn. comp. trans.
هرکلی وایل	regular_simple	v. dyn. comp. trans.
هرکی	non_verb	n. m.
هرګز	regular_simple	adv.
هرم	non_verb	n. m.
هرڼۍ	non_verb	n. f.
هره ورځ	regular_simple	adv.
هرو مرو	regular_simple	adv.
هرورځنی	regular_simple	adj. / adv.
هرې	non_verb	n. f.
هرې کول	dynamic_compound	v. dyn. comp. trans.
هړپۍ	non_verb	n. f.
هړتال	non_verb	n. m.
هړتال کول	dynamic_compound	v. dyn. comp. trans.
هړیسه	non_verb	adj.
هړیسه کول	dynamic_compound	v. stat. comp. trans.
هزاره	non_verb	
هسار	non_verb	n. m.
هسپتال	non_verb	n. m.
هست	non_verb	
هسته یي	non_verb	adj.
هستوګنه	non_verb	n. f.
هستوګه	non_verb	n. f.
هستونه	non_verb	n. f.
هستوي	non_verb	adj.
هستي	non_verb	n. f.
هسک	non_verb	adj.
هسکه	non_verb	n. f.
هسکوالی	non_verb	n. m.
هسکول	regular_simple	v. stat. comp. trans.
هسکېدل	stative_compound_standard	v. stat. comp. intrans.
هسکېرلی	non_verb	adj.
هسې	regular_simple	adv. / det.
هسې نه چې	non_verb	
هښمه	non_verb	n. f.
هښمه	non_verb	n. f.
هضم	non_verb	n. m.
هضمول	regular_simple	v. stat. comp. trans.
هضمېدل	stative_compound_standard	v. stat. comp. intrans.
هغسې	regular_simple	adv. / det.
هغلته	regular_simple	adv.
هغه	non_verb	pron.
هغه	non_verb	
هغه شان	regular_simple	adv.
هغو	non_verb	
هغومره	regular_simple	adv.
هغوی	non_verb	pron.
هغوي	non_verb	pron.
هفته	non_verb	n. f.
هفته په هفته	regular_simple	adv.
هفته وار	non_verb	adj.
هک پک	non_verb	adj. doub.
هک پک	non_verb	adj. doub.
هک پک کېدل	stative_compound_special	v. stat. comp. intrans.
هک دک	non_verb	adj. doub.
هک دک کېدل	stative_compound_special	v. stat. comp. intrans.
هکتار	non_verb	n. m.
هکتار	non_verb	n. m.
هکله	non_verb	
هکو پکو	non_verb	
هګۍ	non_verb	n. f.
هګۍ نه وتل	non_verb	
هل	non_verb	n. m.
هل	non_verb	n. m.
هل کول	dynamic_compound	v. dyn. comp. trans.
هلاک	non_verb	adj.
هلاکت	non_verb	n. m.
هلاکول	regular_simple	v. stat. comp. trans.
هلاکېدل	stative_compound_standard	v. stat. comp. intrans.
هلاهل	non_verb	n. m.
هلته	regular_simple	loc. adv.
هلک	non_verb	n. m. anim.
هلک باز	non_verb	n. m. anim. unisex
هلک بازي	non_verb	n. f.
هلکانی	non_verb	n. m. anim.
هلکت	non_verb	n. m.
هلکوالی	non_verb	n. m.
هله	regular_simple	adv.
هله ګوله	non_verb	n. f.
هله ګوله کول	dynamic_compound	v. dyn. comp. trans.
هله هله	non_verb	interj.
هلوکاسټ	non_verb	n. m.
هلي بلي	non_verb	n. f.
هلي ځلي	non_verb	n. f. doub.
هم	regular_simple	adv.
هم آهنګ	non_verb	adj. / n. m.
هم آهنګي	non_verb	n. f.
هم فکر	non_verb	adj.
هم مرکز	non_verb	adj.
هم مسلک	non_verb	n. m. anim. unisex
هم مهاله	regular_simple	adv.
هم مهاله	regular_simple	adv.
هم نام	non_verb	adj.
هم نشین	non_verb	n. m. anim. unisex
هم نظر	non_verb	adj.
هم هغه شان	regular_simple	adv.
هماغلته	regular_simple	loc. adv.
هماغه	regular_simple	adv.
هماغه شان	regular_simple	adv.
هماغومره	regular_simple	adv.
همبستري	non_verb	n. f.
همبستري کول	dynamic_compound	v. dyn. comp. trans.
همپېری	non_verb	adj.
همت	non_verb	n. m.
همت ورکول	regular_simple	v. dyn. comp. trans.
همتي	non_verb	adj.
همجنس	non_verb	adj. / n. m. anim. unisex
همجنسي	non_verb	n. f.
همجوار	non_verb	adj. / n. m. anim. unisex
همځولی	non_verb	n. m. anim. unisex
همدا	regular_simple	adv.
همدا اوس	regular_simple	adv.
همداراز	regular_simple	adv.
همدارنګه	regular_simple	adv.
همداسې	regular_simple	adv.
همدرد	non_verb	adj. / n. m. anim. unisex
همدردي	non_verb	n. f.
همدردي کول	dynamic_compound	v. dyn. comp. trans.
همدغسې	regular_simple	adv.
همدغه	non_verb	pron.
همدلته	regular_simple	loc. adv.
همدم	non_verb	n. m.
همدومره	regular_simple	adv.
همدې	non_verb	
همزولی	non_verb	n. m. anim. unisex
همسایګي	non_verb	n. f.
همسایه	non_verb	n. m.
همسایه توب	non_verb	n. m.
همغاړی	non_verb	n. m. / adj.
همغږی	non_verb	adj.
همغږي	non_verb	n. f.
همغږي	non_verb	n. f.
همغسې	regular_simple	adv.
همغه	non_verb	pron.
همغه	non_verb	pron.
همکار	non_verb	n. m. anim. unisex
همکاري	non_verb	n. f.
همکاري کول	dynamic_compound	v. dyn. comp. trans.
همکلام	non_verb	n. m.
هممانیز	non_verb	adj.
همنامی	non_verb	adj. / n. m. anim. unisex
همه ګیر	non_verb	adj.
هموار	non_verb	adj.
همېش	regular_simple	adv.
همیشنی	non_verb	adj.
همیشه	regular_simple	adv.
همېشه	regular_simple	adv.
همېشه توب	non_verb	n. m.
همېشه دپاره	regular_simple	adv.
هند	non_verb	n. m.
هند	non_verb	n. m.
هنداره	non_verb	n. f.
هندسه	non_verb	n. f.
هندو	non_verb	
هندوانه	non_verb	n. f.
هندواڼه	non_verb	n. f.
هندوستان	non_verb	n. m.
هندوستاني	non_verb	adj.
هندوشاهي	non_verb	n. f.
هندویزم	non_verb	n. m.
هندی	non_verb	n. m. anim. unisex
هندي	non_verb	adj.
هنډه	non_verb	n. f.
هنډه	non_verb	n. f.
هنډه	non_verb	n. f.
هنډه	non_verb	n. m.
هنډه	non_verb	n. m. anim. unisex
هنډور	non_verb	adj.
هنر	non_verb	n. m.
هنر پال	non_verb	adj. / n. m. anim. unisex
هنر مل	non_verb	n. m.
هنر مند	non_verb	n. m. anim. unisex
هنرتون	non_verb	n. m.
هنرمن	non_verb	n. m. anim. unisex
هنرمند	non_verb	n. m. anim. unisex
هنرمندانه	regular_simple	adv.
هنري	non_verb	adj.
هنریت	non_verb	n. m.
هنس	non_verb	n. m.
هنګ	non_verb	n. m.
هنګامي	non_verb	adj.
هنګري	non_verb	n. f.
هنوز	regular_simple	adv.
هڼهڼېدل	stative_compound_standard	v. intrans.
هڼېدل	stative_compound_standard	v. intrans.
هو	non_verb	interj.
هو به هو	regular_simple	adv.
هو بهو	regular_simple	adv.
هوا	non_verb	n. f.
هوا بدلول	regular_simple	v. dyn. comp. trans.
هوا خوري	non_verb	n. f.
هوا خوري کول	dynamic_compound	v. dyn. comp. trans.
هوا ورکول	regular_simple	v. dyn. comp. trans.
هوابازي	non_verb	n. f.
هوادار	non_verb	adj.
هواداره	non_verb	adj.
هوار	non_verb	adj.
هوارول	regular_simple	v. stat. comp. trans.
هواری	non_verb	n. m. / adj.
هوارېدل	stative_compound_standard	v. stat. comp. intrans.
هواګیر	non_verb	adj.
هوایي	regular_simple	adj. / adv.
هوائي	regular_simple	adj. / adv.
هوایي ډاک	non_verb	n. m.
هوایي ډګر	non_verb	n. m.
هوایي سفر	non_verb	n. m.
هوایي کوربنه	non_verb	n. f.
هوائي کوربنه	non_verb	n. f. anim.
هوټل	non_verb	n. m.
هوټلي	non_verb	n. m. unisex
هوډ	non_verb	n. m.
هوډي	non_verb	adj.
هوډیالی	non_verb	adj.
هور	non_verb	n. m.
هور	non_verb	n. m.
هورمون	non_verb	n. m.
هورې	regular_simple	loc. adv.
هوږه	non_verb	n. f.
هوس	non_verb	n. m.
هوس پرستي	non_verb	n. f.
هوسا	non_verb	adj.
هوساینه	non_verb	n. f.
هوسی	non_verb	n. m. anim. unisex
هوسۍ	non_verb	n. f. anim.
هوسېدل	stative_compound_standard	v. stat. comp. intrans.
هوش	non_verb	n. m.
هوش کې	non_verb	adj.
هوښ	non_verb	n. m.
هوښیار	non_verb	adj.
هوښیارتیا	non_verb	n. f.
هوښیاري	non_verb	n. f.
هوکړه	non_verb	n. f.
هوکی	non_verb	adj.
هوکی	non_verb	n. m.
هولډر	non_verb	n. m.
هولناک	non_verb	adj.
هومره	regular_simple	adv.
هویت	non_verb	n. m.
هویتي	non_verb	adj.
هویتي بحران	non_verb	n. m.
هویدا	non_verb	adj.
هیبت	non_verb	n. m.
هیبت اخیستل	regular_simple	v. dyn. comp. trans.
هیبتناک	non_verb	adj.
هیجان	non_verb	n. m.
هیجان	non_verb	n. m.
هیچا	non_verb	pron.
هېچا	non_verb	pron.
هیڅ	regular_simple	det. / adv.
هېڅ	regular_simple	det. / adv.
هیڅ څوک	non_verb	pron.
هیڅ کله	regular_simple	adv.
هیڅ هم نه	non_verb	
هېڅکله	regular_simple	adv.
هیڅوک	non_verb	pron.
هیداد	non_verb	n. m.
هېډ ماسټر	non_verb	n. m. anim. unisex
هېډفون	non_verb	n. m.
هېډکوارټر	non_verb	n. m.
هېر	non_verb	adj.
هېرجن	non_verb	adj.
هېرمن	non_verb	adj.
هېره	non_verb	n. f.
هیرو	non_verb	n. m. anim. unisex
هېرول	regular_simple	v. stat. comp. trans.
هېروونکی	non_verb	adj.
هیروین	non_verb	n. m.
هیرویین	non_verb	n. m.
هیروئین	non_verb	
هېرویین	non_verb	n. m.
هېرېدل	stative_compound_standard	v. stat. comp. intrans.
هېزم کش	non_verb	n. m.
هیسته	regular_simple	loc. adv. / adj.
هیسته کول	dynamic_compound	v. stat. comp. trans.
هیسته کېدل	stative_compound_special	v. stat. comp. intrans.
هېش	non_verb	n. m.
هېښ	non_verb	adj.
هېښول	regular_simple	v. stat. comp. trans.
هېښوونکی	non_verb	adj.
هېښېدل	stative_compound_standard	v. stat. comp. intrans.
هیضه	non_verb	n. f.
هیکل	non_verb	n. m.
هېل	non_verb	n. m.
هیلمیټ	non_verb	n. m.
هیله	non_verb	n. f.
هېله	non_verb	n. f.
هیله بیله	regular_simple	adv.
هیله مند	non_verb	adj.
هیله مندتیا	non_verb	n. f.
هیله مندي	non_verb	n. f.
هیلۍ	non_verb	n. f. anim.
هیلیکاپټر	non_verb	n. m.
هینداره	non_verb	n. f.
هېنګ	non_verb	n. m.
هینګر	non_verb	n. m.
هېواد	non_verb	n. m.
هېوادپلوری	non_verb	n. m. anim. unisex
هیئت	non_verb	n. m.
و	non_verb	
وابستګي	non_verb	n. f.
وابسته	non_verb	adj.
واپس	regular_simple	loc. adv.
واپس اخیستل	non_verb	
واپس کول	dynamic_compound	v. stat. comp. trans.
واپس کېدل	stative_compound_special	v. stat. comp. intrans.
واپس ورکول	non_verb	
واپسي	non_verb	n. f.
واټ	non_verb	n. m.
واټن	non_verb	n. m.
واجب	non_verb	adj.
واحد	non_verb	adj. / n. m.
واده	non_verb	n. m.
واده څله	non_verb	n. f.
واده کول	dynamic_compound	v. dyn./stat. comp. trans.
واده ګوته	non_verb	n. f.
وادول	regular_simple	v. stat. comp. trans.
وادي	non_verb	n. f.
وادېدل	stative_compound_standard	v. stat. comp. intrans.
وار	non_verb	n. m.
وار په وار	regular_simple	adv.
وار له واره	regular_simple	adv.
وارث	non_verb	n. m. anim. unisex
وارخطا	non_verb	adj.
وارخطایي	non_verb	n. f.
وارد	non_verb	n. m. / adj.
وارداتي	non_verb	adj.
واردول	regular_simple	v. stat. comp. trans.
واردېدل	stative_compound_standard	v. stat. comp. intrans.
واز	non_verb	adj.
واز	non_verb	n. m.
وازده	non_verb	n. f.
وازدینه	non_verb	adj.
وازګه	non_verb	n. f.
وازګینه	non_verb	adj.
وازول	regular_simple	v. stat. comp. trans.
وازېدل	stative_compound_standard	v. stat. comp. intrans.
واسته	non_verb	n. f.
واسطه	non_verb	n. f.
واسکټ	non_verb	n. m.
واښکی	non_verb	n. m.
واښه	non_verb	n. m. pl.
واضح	non_verb	adj.
واضحه	non_verb	adj.
واعظ	non_verb	n. m.
واقع	non_verb	n. f.
واقع کېدل	stative_compound_special	v. stat. comp. intrans.
واقعاً	regular_simple	adv.
واقعه	non_verb	n. f.
واقعي	regular_simple	adj. / adv.
واقعیاً	regular_simple	adv.
واقعیت	regular_simple	n. m. / adv.
واقف	non_verb	adj.
واقفیت	non_verb	n. m.
واک	non_verb	n. m.
واکدار	non_verb	n. m. anim. unisex / adj.
واکسین	non_verb	n. m.
واکسینول	regular_simple	v. stat. comp. trans.
واکسینېدل	stative_compound_standard	v. stat. comp. intrans.
واکمن	non_verb	adj.
واکمنول	regular_simple	v. stat. comp. trans.
واکمني	non_verb	n. f.
واکمنېدل	stative_compound_standard	v. stat. comp. intrans.
واګ	non_verb	n. m.
واګه	non_verb	n. m.
واګی	non_verb	n. m.
وال	non_verb	n. m.
والا	non_verb	suff.
والد	non_verb	n. m. anim.
والګی	non_verb	n. m.
والله	non_verb	interj.
والی	non_verb	suff.
والي	non_verb	n. m. anim. unisex
والۍ	non_verb	n. f. pl.
والیبال	non_verb	n. m.
والیبال کول	dynamic_compound	v. dyn. comp. trans.
وانه	non_verb	
واڼه	non_verb	n. f.
واوره	non_verb	n. f.
واوره شوی	non_verb	
واوره شوې پرخه	non_verb	
واوره کول	dynamic_compound	v. stat. comp. trans.
واوره کوونکی	non_verb	adj.
واوره کېدل	stative_compound_special	v. stat. comp. intrans.
واوره ورېدل	non_verb	
واورین	non_verb	adj.
واورین توپان	non_verb	n. m. doub.
وای وای	non_verb	interj.
وایرس	non_verb	n. m.
وایل	regular_simple	v. trans./gramm. trans.
وبا	non_verb	n. f.
وباسل	non_verb	
وبال	non_verb	n. m.
وبایي	non_verb	adj.
وپار	non_verb	n. m.
وتر	non_verb	n. m.
وترنر	non_verb	n. m. anim. unisex
وترنري	non_verb	n. f.
وتل	regular_simple	v. intrans.
وتلی	non_verb	adj.
وټه	non_verb	n. f.
وټه	non_verb	n. f.
وټیز	non_verb	adj.
وثیقه	non_verb	n. f.
وجدان	non_verb	n. m.
وجه	non_verb	n. f.
وجهه	non_verb	n. f.
وجود	non_verb	n. m.
وچ	non_verb	adj. / n. m.
وچ په وچه	regular_simple	adv.
وچ کلک	non_verb	adj. doub.
وچ واښه	non_verb	
وچکالي	non_verb	n. f.
وچه	non_verb	adj.
وچول	regular_simple	v. stat. comp. trans.
وچېدل	stative_compound_standard	v. stat. comp. intrans.
وحدانیت	non_verb	n. m.
وحدت	non_verb	n. m.
وحدي	non_verb	n. f.
وحشت	non_verb	n. m.
وحشتناک	non_verb	adj.
وحشي	non_verb	adj.
وحشیانه	regular_simple	adj. / adv.
وحي	non_verb	n. f.
وحیه	non_verb	n. f.
وخت	non_verb	n. m.
وخت ناوخت	regular_simple	adv.
وخته	regular_simple	adv.
وختي	regular_simple	adv.
وداع	non_verb	n. f.
ودان	non_verb	adj.
ودانښت	non_verb	n. m.
ودانول	regular_simple	v. stat. comp. trans.
ودانۍ	non_verb	n. f.
ودانېدل	stative_compound_standard	v. stat. comp. intrans.
ودرول	regular_simple	v. trans.
ودرېدل	non_verb	
وده	non_verb	n. f.
وده کول	dynamic_compound	v. dyn. comp. trans.
ودول	regular_simple	v. stat. comp. trans.
ودون ګوته	non_verb	n. f.
ودېدل	stative_compound_standard	v. stat. comp. intrans.
ودیو	non_verb	n. f.
وډیو	non_verb	n. f.
ور	non_verb	n. m.
ور	non_verb	pron. prefix
ور اخوا	regular_simple	loc. adv.
ور په غاړه	non_verb	adj.
ور د غاړې	non_verb	adj.
ور غاړه وتل	non_verb	
ور نیکه	non_verb	n. m. anim. unisex
ورا	non_verb	n. f.
وراثت	non_verb	n. m.
وراخوا	regular_simple	loc. adv.
وراره	non_verb	n. f. anim.
وراره	non_verb	n. m. anim. fam.
وراره بوره	non_verb	n. f. anim.
وران	non_verb	adj.
ورانش	non_verb	
ورانکاره ډله	non_verb	
ورانکاری	non_verb	adj.
ورانکاري	non_verb	n. f.
ورانول	regular_simple	v. stat. comp. trans.
ورانی	non_verb	n. m.
وراني	non_verb	n. f.
ورانېدل	stative_compound_standard	v. stat. comp. intrans.
وراوږد کول	non_verb	
وربدل کول	non_verb	
وربشه	non_verb	n. f.
وربشینه	non_verb	n. f.
وربل	non_verb	n. m.
ورپام	regular_simple	adv.
ورپسې	regular_simple	loc. adv.
ورپسې تلل	non_verb	
ورپه شا کول	non_verb	
ورتګ	non_verb	n. m.
ورتلل	regular_simple	v. intrans.
ورته	non_verb	adj.
ورته والی	non_verb	n. m.
ورتوالی	non_verb	n. m.
ورټولېدل	non_verb	
ورثه	non_verb	
ورځ	non_verb	n. f.
ورځ تر بلې	non_verb	
ورځپاڼه	non_verb	n. f.
ورځچلندژبه	non_verb	n. f.
ورځنی	non_verb	adj.
ورڅخه	non_verb	
ورخ	non_verb	n. m.
ورخطایي	non_verb	n. f.
وردننه	regular_simple	loc. adv.
وردي	non_verb	n. f.
ورزش	non_verb	n. m.
ورزش کاره	non_verb	n. m. anim. unisex
ورزش کول	dynamic_compound	v. dyn. comp. trans.
ورزووند	non_verb	adj.
ورزېدل	stative_compound_standard	v. intrans.
ورستوب	non_verb	n. m.
ورستول	non_verb	adj.
ورستېدل	non_verb	adj.
ورسره	non_verb	
ورسۍ	non_verb	n. f.
ورشو	non_verb	n. f.
ورښتنه	non_verb	n. m.
ورک	non_verb	adj.
ورکړه	non_verb	n. f.
ورکوټی	non_verb	adj.
ورکوټی کول	dynamic_compound	v. stat. comp. trans.
ورکوټی کېدل	stative_compound_special	v. stat. comp. intrans.
ورکول	regular_simple	v. stat. comp. trans.
ورکول	regular_simple	v. trans.
ورکوونکی	non_verb	n. m. anim. unisex
ورکېدل	stative_compound_standard	v. stat. comp. intrans.
ورګه	non_verb	n. f. anim.
ورمخته	regular_simple	loc. adv. / adj.
ورمېږ	non_verb	n. m.
ورندار	non_verb	n. f. anim.
ورنداره	non_verb	n. f. anim.
ورنډه	non_verb	n. f.
ورنږدې	regular_simple	loc. adv. / adj.
ورو	regular_simple	adv.
ورو ورو	regular_simple	adv.
وروځه	non_verb	n. f.
ورور	non_verb	n. m. anim. fam.
ورورک	non_verb	n. m. anim.
ورورګلوي	non_verb	n. f.
وروروالی	non_verb	n. m.
ورورولي	non_verb	n. f.
وروري	non_verb	n. f.
وروړاندې	regular_simple	loc. adv. / adj.
وروست	non_verb	adj.
وروستاړی	non_verb	n. m.
وروستاړی	non_verb	n. m.
وروستل	regular_simple	v. trans.
وروستنی	non_verb	adj.
وروسته	regular_simple	adv. / loc. adv.
وروسته پاتې	non_verb	adj.
وروسته کېدل	stative_compound_special	v. stat. comp. intrans.
وروستو	regular_simple	loc. adv.
وروستو کول	dynamic_compound	v. stat. comp. trans.
وروستو کېدل	stative_compound_special	v. stat. comp. intrans.
وروستوندی	non_verb	n. m.
وروستی	non_verb	adj.
ورول	regular_simple	v. trans.
ورون	non_verb	n. m.
وری	non_verb	n. m.
وری	non_verb	n. m. anim. unisex
وری	non_verb	n. m. anim. unisex
ورې	regular_simple	adv.
وریت	non_verb	adj.
وریتول	regular_simple	v. stat. comp. trans.
وریتېدل	stative_compound_standard	v. stat. comp. intrans.
وریجې	non_verb	n. f. pl.
ورېځ	non_verb	n. f.
ورېدل	stative_compound_standard	v. intrans.
ورېره	non_verb	n. f.
وریژې	non_verb	n. f. pl.
ورېښم	non_verb	n. m. pl.
ورېښمین	non_verb	adj.
ورېغ	non_verb	n. m.
ورین	non_verb	adj.
وریندار	non_verb	n. f. anim.
ورینداره	non_verb	n. f. anim.
ورېنداره	non_verb	n. f. anim.
وریېځ	non_verb	n. f.
وړ	non_verb	suff. / n. m.
وړاندوینه	non_verb	n. f.
وړاندې	regular_simple	loc. adv.
وړاندې کول	dynamic_compound	v. stat. comp. trans.
وړاندې کوونکی	non_verb	n. m. anim. unisex / adj.
وړاندې کېدل	stative_compound_special	v. stat. comp. intrans.
وړاندیز	non_verb	n. m.
وړاندینی	non_verb	adj.
وړانګه	non_verb	n. f.
وړتیا	non_verb	n. f.
وړکتوب	non_verb	n. m.
وړکتون	non_verb	n. m.
وړکوټی	non_verb	adj.
وړکی	non_verb	adj.
وړل	transport	v. trans.
وړم	non_verb	adj.
وړم کال	non_verb	
وړنګه	non_verb	n. f.
وړوکوالی	non_verb	n. m.
وړوکی	non_verb	adj.
وړوکی طوطي	non_verb	
وړوکی کول	dynamic_compound	v. stat. comp. trans.
وړوکی کېدل	stative_compound_special	v. stat. comp. intrans.
وړول	regular_simple	v. stat. comp. trans.
وړول	regular_simple	v. stat. comp. trans.
وړومبی	non_verb	n. m.
وړومبی ځل	regular_simple	adv.
وړۍ	non_verb	n. f.
وړیا	non_verb	adj.
وړېدل	stative_compound_standard	v. stat. comp. intrans.
وړین	non_verb	adj.
وز	non_verb	n. m. anim. unisex
وزارت	non_verb	n. m.
وزر	non_verb	n. m.
وزر	non_verb	n. m.
وزګار	non_verb	adj.
وزلوبه	non_verb	n. f.
وزن	non_verb	n. m.
وزن دار	non_verb	adj.
وزن کول	dynamic_compound	v. stat. comp. trans.
وزن کېدل	stative_compound_special	v. stat. comp. intrans.
وزنه برداري	non_verb	n. f.
وزه	non_verb	n. f. anim.
وزه	non_verb	n. f. anim.
وزیر	non_verb	n. m. anim. unisex
وزیر اعضم	non_verb	n. m. anim. unisex
وزیرستان	non_verb	n. m.
وزیره ګوته	non_verb	n. f.
وژپوهاند	non_verb	n. m. anim. unisex
وژغنې	non_verb	n. f. pl.
وژل	regular_simple	v. trans.
وژنه	non_verb	n. f.
وژونکی	non_verb	adj.
وژی	non_verb	n. m.
وژیز	non_verb	adj.
وږسترګی	non_verb	adj.
وږسترګي	non_verb	n. f.
وږم	non_verb	n. m.
وږمه	non_verb	n. f.
وږمول	regular_simple	v. stat. comp. trans.
وږمېدل	stative_compound_standard	v. stat. comp. intrans.
وږی	non_verb	adj.
وږی	non_verb	n. m.
وس	non_verb	n. m.
وسپنه	non_verb	n. f. / adj.
وسپنیز	non_verb	adj.
وست	non_verb	n. m.
وسط	non_verb	n. m.
وسعت	non_verb	n. m.
وسله	non_verb	n. f.
وسله بند	non_verb	adj.
وسله خانه	non_verb	n. f.
وسله وال	non_verb	adj. / n. m. anim. unisex
وسلوال	non_verb	adj. / n. m. anim. unisex
وسه	non_verb	n. f.
وسوس	non_verb	n. m.
وسوسه	non_verb	n. f.
وسیع	non_verb	adj.
وسیله	non_verb	n. f.
وسیله دار	non_verb	n. m.
وش	non_verb	n. m.
وشند	non_verb	n. m. anim. unisex
وښ	non_verb	n. m. pl.
وښکل	non_verb	
وښېدل	stative_compound_standard	v. intrans.
وصال	non_verb	n. m.
وصف	non_verb	n. m.
وصل	non_verb	n. m.
وصلول	regular_simple	v. stat. comp. trans.
وصلول	regular_simple	v. stat. comp. trans.
وصلېدل	stative_compound_standard	v. stat. comp. intrans.
وصیت	non_verb	n. m.
وضاحت	non_verb	n. m.
وضاحت کول	dynamic_compound	v. dyn. comp. trans.
وضع	non_verb	n. f.
وضعه	non_verb	n. f.
وضعیت	non_verb	n. m.
وضه	non_verb	n. f.
وطن	non_verb	n. m.
وطن پرستي	non_verb	n. f.
وطن وال	non_verb	n. m.
وطنپرست	non_verb	n. m. anim. unisex / adj.
وطندار	non_verb	n. m. anim. unisex
وطنوال	non_verb	n. m. anim. unisex
وطني	non_verb	adj.
وطواط	non_verb	n. m.
وظیفتاً	regular_simple	adj. / adv.
وظیفه	non_verb	n. f.
وظیفه دار	non_verb	adj. / n. m. anim. unisex
وعده	non_verb	n. f.
وعده خلاف	non_verb	n. m.
وعده کول	dynamic_compound	v. dyn. comp. trans.
وعظ	non_verb	n. m.
وفا	non_verb	n. f.
وفا کول	dynamic_compound	v. dyn. comp. trans.
وفات	non_verb	n. m.
وفادار	non_verb	adj.
وفد	non_verb	n. m.
وفرت	non_verb	n. m.
وفرت کول	non_verb	
وفق	non_verb	n. m.
وقایه	non_verb	n. f.
وقت	non_verb	n. m.
وقتي	non_verb	adj.
وقف	non_verb	n. m.
وقف شوی	non_verb	adj.
وقف کول	dynamic_compound	v. stat. comp. trans.
وقفه	non_verb	n. f.
وقفول	regular_simple	v. stat. comp. trans.
وقفېدل	stative_compound_standard	v. stat. comp. intrans.
وکالت	non_verb	n. m.
وکیل	non_verb	n. m. anim. unisex
وګړی	non_verb	n. m. anim. unisex
ول	non_verb	n. m.
ول	non_verb	
ول ول	non_verb	adj.
ولادت	non_verb	n. m.
ولاړ	non_verb	adj.
ولایت	non_verb	n. m.
ولچک	non_verb	n. m. pl.
ولچکول	regular_simple	v. stat. comp. trans.
ولچکېدل	stative_compound_standard	v. stat. comp. intrans.
ولد	non_verb	n. m.
ولدنګکاري	non_verb	n. f.
ولس	non_verb	n. m.
ولسمشر	non_verb	n. m. anim. unisex
ولسمشری	non_verb	adj.
ولسمشري	non_verb	adj.
ولسمشریز	non_verb	adj.
ولسواک	non_verb	adj.
ولسوالي	non_verb	n. f.
ولسوالي	non_verb	n. f.
ولسي	non_verb	adj.
ولشل	regular_simple	v. trans.
ولکه	non_verb	n. f.
ولل	regular_simple	v. trans.
ولم	non_verb	
وله	non_verb	n. f.
وله	non_verb	n. f.
وله	non_verb	n. m.
وله	non_verb	
ولو	non_verb	
ولور	non_verb	n. m.
ولول	non_verb	adj.
ولوله	non_verb	n. f.
ولی	non_verb	n. m.
ولي	non_verb	n. m. anim. unisex
ولې	regular_simple	adv.
ولې	non_verb	
ولۍ	non_verb	n. f.
ولئ	non_verb	
ولیعهد	non_verb	n. m.
وم	non_verb	
وند	non_verb	n. m.
وند	non_verb	n. m.
وند	non_verb	n. m.
وند	non_verb	n. m.
وند	non_verb	n. m.
ونډه	non_verb	n. f.
ونډه	non_verb	n. f.
ونډیماري	non_verb	n. f.
ونګره	non_verb	n. f.
ونه	non_verb	n. f.
ونه	non_verb	
وڼڅ	non_verb	n. m.
وه	non_verb	
وۀ	non_verb	
وهل	regular_simple	v. trans.
وهم	non_verb	n. m.
وهم پرستي	non_verb	n. f.
وهمول	regular_simple	v. stat. comp. trans.
وهمي	non_verb	adj. / n. m.
وهمېدل	stative_compound_standard	v. stat. comp. intrans.
وهنه	non_verb	n. f.
وو	non_verb	
ووټ	non_verb	n. m.
ووټ اچول	regular_simple	v. dyn. comp. trans.
ووره	non_verb	n. f.
ووړ	non_verb	adj.
ووړکی	non_verb	adj.
ووړګنی	non_verb	n. m.
ووړنګوری	non_verb	n. m.
ووړنی	non_verb	adj.
ووړول	regular_simple	v. stat. comp. trans.
ووړی	non_verb	n. m.
ووړېدل	stative_compound_standard	v. stat. comp. intrans.
وولټ	non_verb	n. m.
وي	non_verb	
وې	non_verb	
وې	non_verb	
وئ	non_verb	
وي ای پي	non_verb	
وي سي ار	non_verb	n. m.
ویاړ	non_verb	n. m.
ویاړل	regular_simple	v. intrans.
ویال	non_verb	adj.
ویاله	non_verb	n. f.
ویاند	non_verb	n. m. anim. unisex
وېبپاڼه	non_verb	n. f.
ویت	non_verb	adj.
ویت خوله	regular_simple	adj. / adv.
ویته خوله	regular_simple	adj. / adv.
ویټامین	non_verb	n. m.
ویټر	non_verb	n. m. anim. unisex
ویجاړ	non_verb	adj.
ویجاړول	regular_simple	v. stat. comp. trans.
ویجاړي	non_verb	n. f.
ویخ	non_verb	n. m.
ویده	non_verb	adj.
ویدول	regular_simple	v. stat. comp. trans.
ویدېدل	stative_compound_standard	v. stat. comp. intrans.
ویدیو	non_verb	n. f.
وېدیو	non_verb	n. f.
ویډیو	non_verb	n. f.
وېډیو	non_verb	n. f.
ویډیویي	non_verb	adj.
ویر	non_verb	n. m.
ویرجن	non_verb	adj.
وېره	non_verb	n. f.
ویروس	non_verb	n. m.
وېروس	non_verb	n. m.
وېرول	regular_simple	v. trans.
وېروونکی	non_verb	adj.
وېرېدل	stative_compound_standard	v. intrans.
وېرېدونکی	non_verb	n. m. anim. unisex / adj.
ویړ	non_verb	adj.
ویړول	regular_simple	v. stat. comp. trans.
ویزا	non_verb	n. f.
وېزار	non_verb	adj.
وېزارول	regular_simple	v. stat. comp. trans.
وېزارېدل	stative_compound_standard	v. stat. comp. intrans.
ویزه	non_verb	n. f.
وېزه	non_verb	n. f.
ویستل	regular_simple	v. trans.
ویستنه	non_verb	n. f.
وېش	non_verb	n. m.
ویشتل	regular_simple	v. trans.
ویشتنه	non_verb	n. f.
وېشل	regular_simple	v. trans.
وېشلتیا	non_verb	n. f.
وېشلی	non_verb	adj.
ویښ	non_verb	adj.
وېښتان	non_verb	n. m. pl.
وېښتان تراشګر	non_verb	n. m. anim. unisex
وېښتان تراشي	non_verb	n. f.
وېښته	non_verb	n. m.
ویښتیا	non_verb	n. f.
ویښول	regular_simple	v. stat. comp. trans.
ویښېدل	stative_compound_standard	v. stat. comp. intrans.
وېکټ	non_verb	n. m.
ویکسین	non_verb	n. m.
ویکوم کلینر	non_verb	n. m.
ویګن	non_verb	n. m.
ویل	modal	v. trans./gramm. trans.
وېلاړ	non_verb	n. m.
ویلچر	non_verb	n. m.
ویلچیر	non_verb	n. m.
ویلډ کول	non_verb	
ویلډ کېدل	non_verb	
وېلډنګ	non_verb	n. m.
وېلنی	non_verb	n. m.
ویلول	regular_simple	v. stat. comp. trans.
ویلي	non_verb	adj.
ویلې	non_verb	adj.
ویلي کول	dynamic_compound	v. stat. comp. trans.
ویلې کول	dynamic_compound	v. stat. comp. trans.
ویلي کېدل	stative_compound_special	v. stat. comp. intrans.
ویلې کېدل	stative_compound_special	v. stat. comp. intrans.
ویلېدل	stative_compound_standard	v. stat. comp. intrans.
وینا	non_verb	n. f.
وینا کول	dynamic_compound	v. dyn. comp. trans.
ویناپاڼه	non_verb	n. f.
وینځل	regular_simple	v. trans.
وینځه	non_verb	n. f. anim.
ویندوی	non_verb	n. m. anim. unisex
وینلړلی	non_verb	adj.
وینه	non_verb	n. f.
وینه	non_verb	n. f.
ویونکی	non_verb	n. m. anim. unisex
ویی	non_verb	n. m.
ویې	non_verb	
یا	non_verb	conj.
یابو	non_verb	n. m. anim. unisex
یاد	non_verb	adj.
یاد	non_verb	n. m. / adj.
یاد ساتل	non_verb	
یاد و بود	non_verb	n. m.
یاداشت	non_verb	n. m.
یادښت	non_verb	n. m.
یادګار	non_verb	n. m.
یادګاري	non_verb	n. f.
یادول	regular_simple	v. stat. comp. trans.
یادونه	non_verb	n. f.
یادېدل	stative_compound_standard	v. stat. comp. intrans.
یار	non_verb	n. m. anim. unisex
یاراني	non_verb	n. f.
یاري	non_verb	n. f.
یاست	non_verb	
یاغي	non_verb	n. m.
یاغي کول	dynamic_compound	v. dyn. comp. trans.
یاقوت	non_verb	n. m.
یانې	non_verb	conj.
یاهو	non_verb	n. m.
یاهو	non_verb	
یتیم	non_verb	n. m. anim. unisex
یحییٰ	non_verb	name
یخ	non_verb	n. m. / adj.
یخچال	non_verb	n. m.
یخدان	non_verb	n. m.
یخني	non_verb	n. f.
یخول	regular_simple	v. stat. comp. trans.
یخی	non_verb	n. m.
یخېدل	stative_compound_standard	v. stat. comp. intrans.
یرغل	non_verb	n. m.
یرغلګر	non_verb	n. m. anim. unisex / adj.
یرغلګري	non_verb	n. f.
یرغمال	non_verb	n. m. anim. unisex / adj.
یرغمل	non_verb	n. m. anim. unisex / adj.
یرغه	non_verb	adj.
یرغه	non_verb	adj. / n. f.
یرقان	non_verb	n. m.
یره	non_verb	n. f.
یروشلم	non_verb	n. m.
یرول	regular_simple	v. trans.
یروونکی	non_verb	adj.
یرېدل	stative_compound_standard	v. trans.
یرېدونکی	non_verb	n. m. anim. unisex / adj.
یږ	non_verb	n. m. anim. unisex
یږه	non_verb	n. f.
یشول	regular_simple	v. trans.
یعسوب	non_verb	
یعنې	non_verb	conj.
یقین	non_verb	n. m.
یقین کول	dynamic_compound	v. dyn. comp. trans.
یقین کوونکی	non_verb	n. m. anim. unisex
یقین ورکول	regular_simple	v. dyn. comp. trans.
یقیناً	regular_simple	adv.
یقیني	non_verb	adj.
یقیني کول	dynamic_compound	v. stat. comp. trans.
یقیني کېدل	stative_compound_special	v. stat. comp. intrans.
یک تنها	regular_simple	adv. / adj.
یک لخت	regular_simple	adv.
یک لخته	regular_simple	adv.
یکاوه	non_verb	n. f.
یکدګ	non_verb	n. m.
یکړ	non_verb	adj.
یکشنبه	non_verb	n. f.
یکي	non_verb	adj.
یکي یو	non_verb	adj.
یګانګي	non_verb	n. f.
یله	regular_simple	adj. / adv.
یله ګرد	non_verb	n. m. anim. unisex
یله ګردي	non_verb	n. f.
یم	non_verb	
یمن	non_verb	n. m.
یه	non_verb	
یهودڼه	non_verb	n. f. anim.
یهودي	non_verb	adj. / n. m. anim.
یهودیت	non_verb	n. m.
یهودیه	non_verb	n. f.
یو	non_verb	num.
یو	non_verb	
یو اوونیز	non_verb	adj.
یو بل	non_verb	
یو بل پسې	regular_simple	adv.
یو په دوه	regular_simple	adj. / adv.
یو په یو	regular_simple	adv.
یو ځای	regular_simple	adj. / loc. adv.
یو ځای کول	dynamic_compound	v. stat. comp. trans.
یو ځای کېدل	stative_compound_special	v. stat. comp. intrans.
یو څه	regular_simple	adv.
یو څو	non_verb	
یو خوا	regular_simple	adv.
یو خوا بلخوا	regular_simple	adv.
یو خوا بلخوا ګرځېدل	non_verb	
یو رنګ	non_verb	adj.
یو شان	non_verb	adj.
یو شان بل شان	non_verb	
یو شان کول	dynamic_compound	v. stat. comp. trans.
یو شان کېدل	stative_compound_special	v. stat. comp. intrans.
یو شان والی	non_verb	n. m.
یو شانتې	non_verb	adj.
یو شانتیا	non_verb	n. f.
یو کول	non_verb	
یو کېدل	non_verb	
یو ویشت	non_verb	num.
یو یو	regular_simple	adv.
یواریځ	regular_simple	adv.
یوازنی	non_verb	adj.
یوازې	regular_simple	adj. / adv.
یوازیتوب	non_verb	n. m.
یوازینی	non_verb	adj.
یوازېنی	non_verb	adj.
یوټیوب	non_verb	n. m.
یوځای	regular_simple	adj. / loc. adv.
یوځای کول	dynamic_compound	v. stat. comp. trans.
یوځای کېدل	stative_compound_special	v. stat. comp. intrans.
یوځل	regular_simple	adv.
یور	non_verb	n. f. anim. fam.
یورو	non_verb	
یوسفزی	non_verb	name
یوشمېر	non_verb	
یوکسیز	non_verb	adj.
یوګا	non_verb	n. f.
یولاس	non_verb	adj.
یوم	non_verb	n. m.
یومخی	non_verb	adj.
یومکی	non_verb	n. m.
یوموټ	regular_simple	adj. / adv.
یون	non_verb	n. m.
یوناڅاپه	regular_simple	adv.
یونان	non_verb	n. m.
یوناني	non_verb	adj.
یونټ	non_verb	n. m.
یونیفورم	non_verb	n. m.
یونین	non_verb	n. m.
یونیورسټي	non_verb	n. f.
یوهومره	non_verb	adj.
یوهومره کول	dynamic_compound	v. stat. comp. trans.
یوهومره کېدل	stative_compound_special	v. stat. comp. intrans.
یوو	non_verb	
یووالی	non_verb	n. m.
یووزری	non_verb	adj.
یوولس	non_verb	num.
یوولسم	non_verb	adj. / ord.
یوویشت	non_verb	num.
یوویشتم	non_verb	adj.
یوې	non_verb	n. f.
یوې کول	dynamic_compound	v. stat. comp. trans.
یوې کېدل	stative_compound_special	v. stat. comp. intrans.
یې	non_verb	n. f.
یې	non_verb	
یې	non_verb	
یئ	non_verb	
یېره	non_verb	n. f.
یېرول	regular_simple	v. trans.
یېرېدل	stative_compound_standard	v. intrans.
ییز	non_verb	suff.